dataset,seed,method,update_round,selected_client_ids,SC_clients,AI_clients,CI_clients,group_entropy,min_group_exposure,pairwise_tv,complementarity_gain
CMNIST GSC,42,FedDiverse,1,0 1 2 3 6 7 9 11 14,3,2,4,0.961674528325381,0.5555555555555556,0.37777777777777777,0.22717673153074036
CMNIST GSC,42,FedDiverse,2,0 1 2 3 5 6 9 11 22,3,2,4,0.9740391217969527,0.7333333333333333,0.4,0.23954132500231207
CMNIST GSC,42,FedDiverse,3,0 1 2 3 6 9 11 13 22,4,1,4,0.950120855560846,0.5555555555555556,0.35555555555555557,0.21562305876620536
CMNIST GSC,42,FedDiverse,4,0 1 3 4 5 6 7 11 22,2,4,3,0.9855927945614879,0.7333333333333333,0.4222222222222223,0.2510949977668472
CMNIST GSC,42,FedDiverse,5,0 1 2 3 5 6 8 14 20,3,2,4,0.9740391217969527,0.7333333333333333,0.4,0.23954132500231207
CMNIST GSC,42,FedDiverse,6,0 1 2 3 6 9 18 21 22,4,1,4,0.950120855560846,0.5555555555555556,0.35555555555555557,0.21562305876620536
CMNIST GSC,42,FedDiverse,7,0 1 2 3 6 9 11 14 22,4,1,4,0.950120855560846,0.5555555555555556,0.35555555555555557,0.21562305876620536
CMNIST GSC,42,FedDiverse,8,1 2 3 5 6 9 14 16 22,4,2,3,0.950120855560846,0.5555555555555556,0.35555555555555557,0.21562305876620536
CMNIST GSC,42,FedDiverse,9,0 1 2 3 4 6 9 14 22,3,2,4,0.9740391217969527,0.7333333333333333,0.4,0.23954132500231207
CMNIST GSC,42,FedDiverse,10,0 1 3 5 6 9 14 17 22,4,2,3,0.950120855560846,0.5555555555555556,0.35555555555555557,0.21562305876620536
CMNIST GSC,42,FedDiverse,11,1 2 3 5 6 9 11 17 22,4,2,3,0.950120855560846,0.5555555555555556,0.35555555555555557,0.21562305876620536
CMNIST GSC,42,FedDiverse,12,0 2 3 5 6 9 14 21 22,4,2,3,0.950120855560846,0.5555555555555556,0.35555555555555557,0.21562305876620536
CMNIST GSC,42,FedDiverse,13,0 1 2 3 6 9 11 17 22,4,1,4,0.950120855560846,0.5555555555555556,0.35555555555555557,0.21562305876620536
CMNIST GSC,42,FedDiverse,14,0 1 2 3 5 6 14 17 22,3,2,4,0.9740391217969527,0.7333333333333333,0.4,0.23954132500231207
CMNIST GSC,42,FedDiverse,15,0 1 2 3 6 9 13 14 18,4,1,4,0.950120855560846,0.5555555555555556,0.35555555555555557,0.21562305876620536
CMNIST GSC,42,FedDiverse,16,0 1 2 3 5 6 10 11 22,3,2,4,0.9740391217969527,0.7333333333333333,0.4,0.23954132500231207
CMNIST GSC,42,FedDiverse,17,1 2 3 5 6 9 14 22 23,4,2,3,0.9855927945614877,0.7333333333333333,0.4222222222222223,0.2510949977668471
CMNIST GSC,42,FedDiverse,18,0 1 2 3 5 6 9 11 14,3,2,4,0.9740391217969527,0.7333333333333333,0.4,0.23954132500231207
CMNIST GSC,42,FedDiverse,19,0 1 2 3 4 6 11 14 22,3,2,4,0.9740391217969527,0.7333333333333333,0.4,0.23954132500231207
CMNIST GSC,42,FedDiverse,20,0 3 5 6 9 10 11 18 22,5,2,2,0.9262025893247393,0.5555555555555556,0.3111111111111111,0.19170479253009864
CMNIST GSC,42,FedDiverse,21,1 2 3 5 6 11 17 18 22,4,2,3,0.950120855560846,0.5555555555555556,0.35555555555555557,0.21562305876620536
CMNIST GSC,42,FedDiverse,22,0 1 2 3 6 11 13 14 22,4,1,4,0.950120855560846,0.5555555555555556,0.35555555555555557,0.21562305876620536
CMNIST GSC,42,FedDiverse,23,0 1 2 3 6 11 18 22 23,4,1,4,0.9855927945614877,0.7333333333333333,0.4222222222222223,0.2510949977668471
CMNIST GSC,42,FedDiverse,24,0 1 3 5 6 9 11 18 22,4,2,3,0.950120855560846,0.5555555555555556,0.35555555555555557,0.21562305876620536
CMNIST GSC,42,FedDiverse,25,0 3 5 6 8 11 14 19 22,5,2,2,0.9262025893247393,0.5555555555555556,0.3111111111111111,0.19170479253009864
CMNIST GSC,42,FedDiverse,26,1 2 3 5 6 9 11 21 22,4,2,3,0.950120855560846,0.5555555555555556,0.35555555555555557,0.21562305876620536
CMNIST GSC,42,FedDiverse,27,0 1 2 3 6 9 10 11 18,4,1,4,0.950120855560846,0.5555555555555556,0.35555555555555557,0.21562305876620536
CMNIST GSC,42,FedDiverse,28,0 1 2 3 6 9 12 14 22,4,1,4,0.950120855560846,0.5555555555555556,0.35555555555555557,0.21562305876620536
CMNIST GSC,42,FedDiverse,29,0 1 2 3 6 9 11 14 22,4,1,4,0.950120855560846,0.5555555555555556,0.35555555555555557,0.21562305876620536
CMNIST GSC,42,FedDiverse,30,0 1 3 5 6 9 11 13 22,4,2,3,0.950120855560846,0.5555555555555556,0.35555555555555557,0.21562305876620536
CMNIST GSC,42,FedDiverse,31,0 1 2 3 5 6 9 14 22,3,2,4,0.9740391217969527,0.7333333333333333,0.4,0.23954132500231207
CMNIST GSC,42,FedDiverse,32,0 1 3 5 6 11 14 22 23,4,2,3,0.9855927945614879,0.7333333333333333,0.4222222222222223,0.2510949977668472
CMNIST GSC,42,FedDiverse,33,0 1 3 5 6 8 11 14 22,4,2,3,0.950120855560846,0.5555555555555556,0.35555555555555557,0.21562305876620536
CMNIST GSC,42,FedDiverse,34,0 1 2 3 5 6 7 18 22,2,3,4,0.9855927945614877,0.7333333333333333,0.4222222222222223,0.2510949977668471
CMNIST GSC,42,FedDiverse,35,0 1 2 3 6 9 11 14 22,4,1,4,0.950120855560846,0.5555555555555556,0.35555555555555557,0.21562305876620536
CMNIST GSC,42,FedDiverse,36,0 2 3 5 6 8 9 14 21,4,2,3,0.950120855560846,0.5555555555555556,0.35555555555555557,0.21562305876620536
CMNIST GSC,42,FedDiverse,37,1 3 4 5 6 9 10 11 22,4,3,2,0.950120855560846,0.5555555555555556,0.35555555555555557,0.21562305876620536
CMNIST GSC,42,FedDiverse,38,0 1 2 3 4 6 9 14 22,3,2,4,0.9740391217969527,0.7333333333333333,0.4,0.23954132500231207
CMNIST GSC,42,FedDiverse,39,1 2 3 5 6 9 14 17 22,4,2,3,0.950120855560846,0.5555555555555556,0.35555555555555557,0.21562305876620536
CMNIST GSC,42,FedDiverse,40,0 3 5 6 11 13 14 20 22,5,2,2,0.9262025893247393,0.5555555555555556,0.3111111111111111,0.19170479253009864
CMNIST GSC,42,FedDiverse,41,0 1 2 3 6 9 11 13 22,4,1,4,0.950120855560846,0.5555555555555556,0.35555555555555557,0.21562305876620536
CMNIST GSC,42,FedDiverse,42,0 1 2 3 6 9 11 17 22,4,1,4,0.950120855560846,0.5555555555555556,0.35555555555555557,0.21562305876620536
CMNIST GSC,42,FedDiverse,43,0 2 3 5 6 9 11 22 23,4,2,3,0.9855927945614877,0.7333333333333333,0.4222222222222223,0.2510949977668471
CMNIST GSC,42,FedDiverse,44,0 1 3 4 6 9 11 14 16,4,2,3,0.950120855560846,0.5555555555555556,0.35555555555555557,0.21562305876620536
CMNIST GSC,42,FedDiverse,45,0 1 2 3 5 6 9 10 14,3,2,4,0.9740391217969527,0.7333333333333333,0.4,0.23954132500231207
CMNIST GSC,42,FedDiverse,46,0 1 3 5 6 14 18 19 22,4,2,3,0.950120855560846,0.5555555555555556,0.35555555555555557,0.21562305876620536
CMNIST GSC,42,FedDiverse,47,0 1 2 3 6 9 14 21 22,4,1,4,0.950120855560846,0.5555555555555556,0.35555555555555557,0.21562305876620536
CMNIST GSC,42,FedDiverse,48,0 1 3 4 5 6 9 11 14,3,3,3,0.9695245979255244,0.7333333333333333,0.38888888888888895,0.2350268011308837
CMNIST GSC,42,FedDiverse,49,0 2 3 5 6 8 9 14 22,4,2,3,0.950120855560846,0.5555555555555556,0.35555555555555557,0.21562305876620536
CMNIST GSC,42,FedDiverse,50,0 1 2 3 6 9 11 14 20,4,1,4,0.950120855560846,0.5555555555555556,0.35555555555555557,0.21562305876620536
CMNIST GSC,42,FedDiverse,51,0 2 3 5 6 11 14 16 22,4,2,3,0.950120855560846,0.5555555555555556,0.35555555555555557,0.21562305876620536
CMNIST GSC,42,FedDiverse,52,0 1 2 3 6 9 11 17 23,4,1,4,0.9855927945614877,0.7333333333333333,0.4222222222222223,0.2510949977668471
CMNIST GSC,42,FedDiverse,53,0 1 2 3 4 5 6 11 14,2,3,4,0.9855927945614879,0.7333333333333333,0.4222222222222223,0.2510949977668472
CMNIST GSC,42,FedDiverse,54,0 1 2 3 6 9 11 14 16,4,1,4,0.950120855560846,0.5555555555555556,0.35555555555555557,0.21562305876620536
CMNIST GSC,42,FedDiverse,55,0 1 2 3 5 6 11 14 16,3,2,4,0.9740391217969527,0.7333333333333333,0.4,0.23954132500231207
CMNIST GSC,42,FedDiverse,56,1 2 3 5 6 11 14 20 22,4,2,3,0.950120855560846,0.5555555555555556,0.35555555555555557,0.21562305876620536
CMNIST GSC,42,FedDiverse,57,1 3 5 6 7 9 11 14 22,4,3,2,0.950120855560846,0.5555555555555556,0.35555555555555557,0.21562305876620536
CMNIST GSC,42,FedDiverse,58,0 1 2 3 6 10 11 14 22,4,1,4,0.950120855560846,0.5555555555555556,0.35555555555555557,0.21562305876620536
CMNIST GSC,42,FedDiverse,59,1 2 3 5 6 11 12 14 22,4,2,3,0.950120855560846,0.5555555555555556,0.35555555555555557,0.21562305876620536
CMNIST GSC,42,FedDiverse,60,1 2 3 5 6 12 14 16 22,4,2,3,0.950120855560846,0.5555555555555556,0.35555555555555557,0.21562305876620536
CMNIST GSC,42,FedDiverse,61,0 2 3 5 6 9 11 14 19,4,2,3,0.950120855560846,0.5555555555555556,0.35555555555555557,0.21562305876620536
CMNIST GSC,42,FedDiverse,62,1 2 3 5 6 7 9 11 22,3,3,3,0.9695245979255244,0.7333333333333333,0.38888888888888895,0.2350268011308837
CMNIST GSC,42,FedDiverse,63,0 1 3 5 6 9 11 14 15,4,2,3,0.950120855560846,0.5555555555555556,0.35555555555555557,0.21562305876620536
CMNIST GSC,42,FedDiverse,64,0 1 2 3 4 6 9 11 14,3,2,4,0.9740391217969527,0.7333333333333333,0.4,0.23954132500231207
CMNIST GSC,42,FedDiverse,65,0 1 2 3 6 9 11 18 22,4,1,4,0.950120855560846,0.5555555555555556,0.35555555555555557,0.21562305876620536
CMNIST GSC,42,FedDiverse,66,1 2 3 5 6 9 11 12 14,4,2,3,0.950120855560846,0.5555555555555556,0.35555555555555557,0.21562305876620536
CMNIST GSC,42,FedDiverse,67,0 2 3 5 6 9 11 18 22,4,2,3,0.950120855560846,0.5555555555555556,0.35555555555555557,0.21562305876620536
CMNIST GSC,42,FedDiverse,68,0 1 3 5 6 9 11 16 22,4,2,3,0.950120855560846,0.5555555555555556,0.35555555555555557,0.21562305876620536
CMNIST GSC,42,FedDiverse,69,0 1 2 3 6 9 14 19 22,4,1,4,0.950120855560846,0.5555555555555556,0.35555555555555557,0.21562305876620536
CMNIST GSC,42,FedDiverse,70,0 1 2 3 4 6 9 11 22,3,2,4,0.9740391217969527,0.7333333333333333,0.4,0.23954132500231207
CMNIST GSC,42,FedDiverse,71,0 1 2 3 6 9 11 14 22,4,1,4,0.950120855560846,0.5555555555555556,0.35555555555555557,0.21562305876620536
CMNIST GSC,42,FedDiverse,72,2 3 5 6 9 13 14 20 22,5,2,2,0.9118048874822923,0.37777777777777777,0.288888888888889,0.1773070906876516
CMNIST GSC,42,FedDiverse,73,2 3 4 5 6 9 11 14 22,4,3,2,0.931828939429179,0.37777777777777777,0.3333333333333333,0.19733114263453833
CMNIST GSC,42,FedDiverse,74,0 1 2 3 5 6 9 20 22,3,2,4,0.9740391217969527,0.7333333333333333,0.4,0.23954132500231207
CMNIST GSC,42,FedDiverse,75,0 1 3 5 6 7 9 11 14,3,3,3,0.9661890521968094,0.5555555555555556,0.38888888888888895,0.23169125540216873
CMNIST GSC,42,FedDiverse,76,0 1 3 5 6 9 11 15 22,4,2,3,0.950120855560846,0.5555555555555556,0.35555555555555557,0.21562305876620536
CMNIST GSC,42,FedDiverse,77,0 1 3 4 5 6 8 9 22,3,3,3,0.9695245979255244,0.7333333333333333,0.38888888888888895,0.2350268011308837
CMNIST GSC,42,FedDiverse,78,0 1 2 3 6 9 18 20 22,4,1,4,0.950120855560846,0.5555555555555556,0.35555555555555557,0.21562305876620536
CMNIST GSC,42,FedDiverse,79,0 2 3 5 6 8 9 11 14,4,2,3,0.950120855560846,0.5555555555555556,0.35555555555555557,0.21562305876620536
CMNIST GSC,42,FedDiverse,80,0 1 2 3 6 8 9 11 22,4,1,4,0.950120855560846,0.5555555555555556,0.35555555555555557,0.21562305876620536
CMNIST GSC,42,FedDiverse,81,0 2 3 5 6 11 14 16 22,4,2,3,0.950120855560846,0.5555555555555556,0.35555555555555557,0.21562305876620536
CMNIST GSC,42,FedDiverse,82,1 2 3 4 5 6 9 11 22,3,3,3,0.9661890521968094,0.5555555555555556,0.38888888888888895,0.23169125540216873
CMNIST GSC,42,FedDiverse,83,0 1 2 3 5 6 9 11 14,3,2,4,0.9740391217969527,0.7333333333333333,0.4,0.23954132500231207
CMNIST GSC,42,FedDiverse,84,0 1 2 3 6 9 11 14 22,4,1,4,0.950120855560846,0.5555555555555556,0.35555555555555557,0.21562305876620536
CMNIST GSC,42,FedDiverse,85,2 3 5 6 9 11 14 19 22,5,2,2,0.9118048874822923,0.37777777777777777,0.288888888888889,0.1773070906876516
CMNIST GSC,42,FedDiverse,86,0 1 2 3 4 5 6 7 9,1,4,4,0.997146467326023,0.9111111111111111,0.4444444444444444,0.2626486705313823
CMNIST GSC,42,FedDiverse,87,0 1 3 5 6 11 14 15 22,4,2,3,0.950120855560846,0.5555555555555556,0.35555555555555557,0.21562305876620536
CMNIST GSC,42,FedDiverse,88,0 2 3 5 6 9 11 14 22,4,2,3,0.950120855560846,0.5555555555555556,0.35555555555555557,0.21562305876620536
CMNIST GSC,42,FedDiverse,89,0 1 2 3 5 6 9 14 19,3,2,4,0.9740391217969527,0.7333333333333333,0.4,0.23954132500231207
CMNIST GSC,42,FedDiverse,90,0 1 2 3 6 11 18 22 23,4,1,4,0.9855927945614877,0.7333333333333333,0.4222222222222223,0.2510949977668471
CMNIST GSC,42,FedDiverse,91,0 1 2 3 6 9 14 20 22,4,1,4,0.950120855560846,0.5555555555555556,0.35555555555555557,0.21562305876620536
CMNIST GSC,42,FedDiverse,92,0 1 2 3 6 9 14 19 22,4,1,4,0.950120855560846,0.5555555555555556,0.35555555555555557,0.21562305876620536
CMNIST GSC,42,FedDiverse,93,0 1 2 3 6 9 14 19 22,4,1,4,0.950120855560846,0.5555555555555556,0.35555555555555557,0.21562305876620536
CMNIST GSC,42,FedDiverse,94,0 1 2 3 6 9 11 19 22,4,1,4,0.950120855560846,0.5555555555555556,0.35555555555555557,0.21562305876620536
CMNIST GSC,42,FedDiverse,95,0 1 2 3 6 9 11 14 22,4,1,4,0.950120855560846,0.5555555555555556,0.35555555555555557,0.21562305876620536
CMNIST GSC,42,FedDiverse,96,1 3 5 6 9 14 15 22 23,5,2,2,0.9740391217969527,0.7333333333333333,0.4000000000000001,0.23954132500231207
CMNIST GSC,42,FedDiverse,97,0 1 2 3 6 9 11 12 22,4,1,4,0.950120855560846,0.5555555555555556,0.35555555555555557,0.21562305876620536
CMNIST GSC,42,FedDiverse,98,0 1 2 3 5 6 9 15 22,3,2,4,0.9740391217969527,0.7333333333333333,0.4,0.23954132500231207
CMNIST GSC,42,FedDiverse,99,0 2 3 5 6 8 9 11 22,4,2,3,0.950120855560846,0.5555555555555556,0.35555555555555557,0.21562305876620536
CMNIST GSC,42,FedDiverse,100,0 1 2 3 6 8 9 11 14,4,1,4,0.950120855560846,0.5555555555555556,0.35555555555555557,0.21562305876620536
CMNIST GSC,42,FedDiverse,101,0 2 3 5 6 9 11 20 22,4,2,3,0.950120855560846,0.5555555555555556,0.35555555555555557,0.21562305876620536
CMNIST GSC,42,FedDiverse,102,0 2 3 5 6 9 11 14 15,4,2,3,0.950120855560846,0.5555555555555556,0.35555555555555557,0.21562305876620536
CMNIST GSC,42,FedDiverse,103,1 2 3 4 6 11 12 14 22,4,2,3,0.950120855560846,0.5555555555555556,0.35555555555555557,0.21562305876620536
CMNIST GSC,42,FedDiverse,104,0 2 3 5 6 9 11 12 22,4,2,3,0.950120855560846,0.5555555555555556,0.35555555555555557,0.21562305876620536
CMNIST GSC,42,FedDiverse,105,0 1 2 3 5 6 8 11 22,3,2,4,0.9740391217969527,0.7333333333333333,0.4,0.23954132500231207
CMNIST GSC,42,FedDiverse,106,0 1 2 3 5 6 9 11 22,3,2,4,0.9740391217969527,0.7333333333333333,0.4,0.23954132500231207
CMNIST GSC,42,FedDiverse,107,0 1 2 3 4 5 6 9 10,2,3,4,0.9855927945614879,0.7333333333333333,0.4222222222222223,0.2510949977668472
CMNIST GSC,42,FedDiverse,108,0 1 2 3 5 6 9 14 20,3,2,4,0.9740391217969527,0.7333333333333333,0.4,0.23954132500231207
CMNIST GSC,42,FedDiverse,109,0 1 3 5 6 11 14 20 22,4,2,3,0.950120855560846,0.5555555555555556,0.35555555555555557,0.21562305876620536
CMNIST GSC,42,FedDiverse,110,0 1 2 3 6 9 11 14 22,4,1,4,0.950120855560846,0.5555555555555556,0.35555555555555557,0.21562305876620536
CMNIST GSC,42,FedDiverse,111,0 1 3 5 6 9 11 17 22,4,2,3,0.950120855560846,0.5555555555555556,0.35555555555555557,0.21562305876620536
CMNIST GSC,42,FedDiverse,112,0 1 2 3 6 9 13 18 22,4,1,4,0.950120855560846,0.5555555555555556,0.35555555555555557,0.21562305876620536
CMNIST GSC,42,FedDiverse,113,0 1 2 3 6 9 16 18 22,4,1,4,0.950120855560846,0.5555555555555556,0.35555555555555557,0.21562305876620536
CMNIST GSC,42,FedDiverse,114,0 1 2 3 6 11 14 20 21,4,1,4,0.950120855560846,0.5555555555555556,0.35555555555555557,0.21562305876620536
CMNIST GSC,42,FedDiverse,115,0 1 2 3 5 6 9 14 17,3,2,4,0.9740391217969527,0.7333333333333333,0.4,0.23954132500231207
CMNIST GSC,42,FedDiverse,116,1 3 5 6 9 11 12 21 22,5,2,2,0.9262025893247393,0.5555555555555556,0.3111111111111111,0.19170479253009864
CMNIST GSC,42,FedDiverse,117,0 1 2 3 6 9 13 14 22,4,1,4,0.950120855560846,0.5555555555555556,0.35555555555555557,0.21562305876620536
CMNIST GSC,42,FedDiverse,118,0 1 3 5 6 7 9 11 22,3,3,3,0.9661890521968094,0.5555555555555556,0.38888888888888895,0.23169125540216873
CMNIST GSC,42,FedDiverse,119,0 1 2 3 4 6 9 14 16,3,2,4,0.9740391217969527,0.7333333333333333,0.4,0.23954132500231207
CMNIST GSC,42,FedDiverse,120,1 2 3 4 6 9 14 21 22,4,2,3,0.950120855560846,0.5555555555555556,0.35555555555555557,0.21562305876620536
CMNIST GSC,42,FedDiverse,121,0 1 2 3 5 6 9 17 22,3,2,4,0.9740391217969527,0.7333333333333333,0.4,0.23954132500231207
CMNIST GSC,42,FedDiverse,122,1 3 4 5 6 9 14 15 22,4,3,2,0.950120855560846,0.5555555555555556,0.35555555555555557,0.21562305876620536
CMNIST GSC,42,FedDiverse,123,1 2 3 5 6 9 10 11 22,4,2,3,0.950120855560846,0.5555555555555556,0.35555555555555557,0.21562305876620536
CMNIST GSC,42,FedDiverse,124,0 1 2 3 5 6 9 13 14,3,2,4,0.9740391217969527,0.7333333333333333,0.4,0.23954132500231207
CMNIST GSC,42,FedDiverse,125,0 1 2 3 5 6 9 11 17,3,2,4,0.9740391217969527,0.7333333333333333,0.4,0.23954132500231207
CMNIST GSC,42,FedDiverse,126,0 2 3 5 6 7 11 18 22,3,3,3,0.9695245979255244,0.7333333333333333,0.38888888888888895,0.2350268011308837
CMNIST GSC,42,FedDiverse,127,0 1 2 3 4 6 9 14 15,3,2,4,0.9740391217969527,0.7333333333333333,0.4,0.23954132500231207
CMNIST GSC,42,FedDiverse,128,0 1 2 3 4 6 11 21 22,3,2,4,0.9740391217969527,0.7333333333333333,0.4,0.23954132500231207
CMNIST GSC,42,FedDiverse,129,0 1 2 3 5 6 9 17 22,3,2,4,0.9740391217969527,0.7333333333333333,0.4,0.23954132500231207
CMNIST GSC,42,FedDiverse,130,0 1 2 3 6 9 11 14 18,4,1,4,0.950120855560846,0.5555555555555556,0.35555555555555557,0.21562305876620536
CMNIST GSC,42,FedDiverse,131,1 2 3 5 6 11 13 14 22,4,2,3,0.950120855560846,0.5555555555555556,0.35555555555555557,0.21562305876620536
CMNIST GSC,42,FedDiverse,132,0 1 2 3 6 9 11 14 20,4,1,4,0.950120855560846,0.5555555555555556,0.35555555555555557,0.21562305876620536
CMNIST GSC,42,FedDiverse,133,1 2 3 5 6 11 14 21 22,4,2,3,0.950120855560846,0.5555555555555556,0.35555555555555557,0.21562305876620536
CMNIST GSC,42,FedDiverse,134,0 1 2 3 6 9 18 21 22,4,1,4,0.950120855560846,0.5555555555555556,0.35555555555555557,0.21562305876620536
CMNIST GSC,42,FedDiverse,135,0 3 5 6 9 14 19 21 22,5,2,2,0.9262025893247393,0.5555555555555556,0.3111111111111111,0.19170479253009864
CMNIST GSC,42,FedDiverse,136,0 1 2 3 5 6 9 14 19,3,2,4,0.9740391217969527,0.7333333333333333,0.4,0.23954132500231207
CMNIST GSC,42,FedDiverse,137,0 1 2 3 6 11 12 14 18,4,1,4,0.950120855560846,0.5555555555555556,0.35555555555555557,0.21562305876620536
CMNIST GSC,42,FedDiverse,138,0 1 2 3 5 6 9 11 22,3,2,4,0.9740391217969527,0.7333333333333333,0.4,0.23954132500231207
CMNIST GSC,42,FedDiverse,139,0 1 3 6 9 11 18 20 22,5,1,3,0.9157607427932156,0.37777777777777777,0.30000000000000004,0.18126294599857495
CMNIST GSC,42,FedDiverse,140,0 2 3 5 6 10 14 19 22,4,2,3,0.950120855560846,0.5555555555555556,0.35555555555555557,0.21562305876620536
CMNIST GSC,42,FedDiverse,141,0 1 2 3 6 11 14 15 22,4,1,4,0.950120855560846,0.5555555555555556,0.35555555555555557,0.21562305876620536
CMNIST GSC,42,FedDiverse,142,0 1 2 3 4 5 9 14 22,3,2,4,0.9616745283253811,0.5555555555555556,0.37777777777777777,0.22717673153074047
CMNIST GSC,42,FedDiverse,143,1 2 3 5 6 9 11 13 14,4,2,3,0.950120855560846,0.5555555555555556,0.35555555555555557,0.21562305876620536
CMNIST GSC,42,FedDiverse,144,0 1 2 3 5 6 9 11 14,3,2,4,0.9740391217969527,0.7333333333333333,0.4,0.23954132500231207
CMNIST GSC,42,FedDiverse,145,0 1 2 3 6 9 11 14 22,4,1,4,0.950120855560846,0.5555555555555556,0.35555555555555557,0.21562305876620536
CMNIST GSC,42,FedDiverse,146,0 1 2 3 5 6 14 19 22,3,2,4,0.9740391217969527,0.7333333333333333,0.4,0.23954132500231207
CMNIST GSC,42,FedDiverse,147,0 1 2 3 6 9 11 14 17,4,1,4,0.950120855560846,0.5555555555555556,0.35555555555555557,0.21562305876620536
CMNIST GSC,42,FedDiverse,148,0 1 2 3 5 6 9 14 21,3,2,4,0.9740391217969527,0.7333333333333333,0.4,0.23954132500231207
CMNIST GSC,42,FedDiverse,149,0 1 3 5 6 11 14 20 22,4,2,3,0.950120855560846,0.5555555555555556,0.35555555555555557,0.21562305876620536
CMNIST GSC,42,FedDiverse,150,1 2 3 5 6 11 14 20 22,4,2,3,0.950120855560846,0.5555555555555556,0.35555555555555557,0.21562305876620536
CMNIST GSC,42,FedDiverse,151,1 2 3 5 6 9 11 14 22,4,2,3,0.950120855560846,0.5555555555555556,0.35555555555555557,0.21562305876620536
CMNIST GSC,42,FedDiverse,152,1 2 3 5 6 9 11 14 22,4,2,3,0.950120855560846,0.5555555555555556,0.35555555555555557,0.21562305876620536
CMNIST GSC,42,FedDiverse,153,0 1 2 3 6 9 14 18 22,4,1,4,0.950120855560846,0.5555555555555556,0.35555555555555557,0.21562305876620536
CMNIST GSC,42,FedDiverse,154,1 2 3 5 6 9 11 12 22,4,2,3,0.950120855560846,0.5555555555555556,0.35555555555555557,0.21562305876620536
CMNIST GSC,42,FedDiverse,155,0 1 2 3 6 9 11 14 23,4,1,4,0.9855927945614877,0.7333333333333333,0.4222222222222223,0.2510949977668471
CMNIST GSC,42,FedDiverse,156,2 3 5 6 9 11 14 15 16,5,2,2,0.9118048874822923,0.37777777777777777,0.288888888888889,0.1773070906876516
CMNIST GSC,42,FedDiverse,157,0 1 2 3 4 6 9 18 22,3,2,4,0.9740391217969527,0.7333333333333333,0.4,0.23954132500231207
CMNIST GSC,42,FedDiverse,158,0 2 4 5 6 9 11 14 17,4,3,2,0.950120855560846,0.5555555555555556,0.35555555555555557,0.21562305876620536
CMNIST GSC,42,FedDiverse,159,1 2 3 5 6 9 10 13 14,4,2,3,0.950120855560846,0.5555555555555556,0.35555555555555557,0.21562305876620536
CMNIST GSC,42,FedDiverse,160,0 2 3 5 6 9 10 14 22,4,2,3,0.950120855560846,0.5555555555555556,0.35555555555555557,0.21562305876620536
CMNIST GSC,42,FedDiverse,161,1 2 3 5 6 9 15 20 22,4,2,3,0.950120855560846,0.5555555555555556,0.35555555555555557,0.21562305876620536
CMNIST GSC,42,FedDiverse,162,1 2 3 6 9 11 12 14 22,5,1,3,0.922246734013816,0.5555555555555556,0.30000000000000004,0.1877489372191753
CMNIST GSC,42,FedDiverse,163,0 1 2 3 6 9 11 14 19,4,1,4,0.950120855560846,0.5555555555555556,0.35555555555555557,0.21562305876620536
CMNIST GSC,42,FedDiverse,164,0 1 2 3 6 9 14 17 22,4,1,4,0.950120855560846,0.5555555555555556,0.35555555555555557,0.21562305876620536
CMNIST GSC,42,FedDiverse,165,0 1 2 3 4 6 11 17 22,3,2,4,0.9740391217969527,0.7333333333333333,0.4,0.23954132500231207
CMNIST GSC,42,FedDiverse,166,0 1 2 3 5 6 9 14 22,3,2,4,0.9740391217969527,0.7333333333333333,0.4,0.23954132500231207
CMNIST GSC,42,FedDiverse,167,1 2 3 5 6 9 10 11 14,4,2,3,0.950120855560846,0.5555555555555556,0.35555555555555557,0.21562305876620536
CMNIST GSC,42,FedDiverse,168,1 2 4 5 6 9 11 14 22,4,3,2,0.950120855560846,0.5555555555555556,0.35555555555555557,0.21562305876620536
CMNIST GSC,42,FedDiverse,169,0 2 3 5 6 9 11 14 18,4,2,3,0.950120855560846,0.5555555555555556,0.35555555555555557,0.21562305876620536
CMNIST GSC,42,FedDiverse,170,0 1 2 3 6 9 11 14 17,4,1,4,0.950120855560846,0.5555555555555556,0.35555555555555557,0.21562305876620536
CMNIST GSC,42,FedDiverse,171,0 1 3 6 9 11 14 18 22,5,1,3,0.9157607427932156,0.37777777777777777,0.30000000000000004,0.18126294599857495
CMNIST GSC,42,FedDiverse,172,0 1 2 3 6 9 11 12 22,4,1,4,0.950120855560846,0.5555555555555556,0.35555555555555557,0.21562305876620536
CMNIST GSC,42,FedDiverse,173,0 1 2 3 6 9 13 14 22,4,1,4,0.950120855560846,0.5555555555555556,0.35555555555555557,0.21562305876620536
CMNIST GSC,42,FedDiverse,174,0 2 3 5 6 9 12 14 22,4,2,3,0.950120855560846,0.5555555555555556,0.35555555555555557,0.21562305876620536
CMNIST GSC,42,FedDiverse,175,1 2 3 5 6 11 12 14 22,4,2,3,0.950120855560846,0.5555555555555556,0.35555555555555557,0.21562305876620536
CMNIST GSC,42,FedDiverse,176,1 2 3 5 6 9 10 12 14,4,2,3,0.950120855560846,0.5555555555555556,0.35555555555555557,0.21562305876620536
CMNIST GSC,42,FedDiverse,177,0 2 3 5 6 7 9 11 14,3,3,3,0.9695245979255244,0.7333333333333333,0.38888888888888895,0.2350268011308837
CMNIST GSC,42,FedDiverse,178,0 2 3 5 6 10 11 14 22,4,2,3,0.950120855560846,0.5555555555555556,0.35555555555555557,0.21562305876620536
CMNIST GSC,42,FedDiverse,179,1 2 3 6 9 11 14 15 18,5,1,3,0.922246734013816,0.5555555555555556,0.30000000000000004,0.1877489372191753
CMNIST GSC,42,FedDiverse,180,0 1 2 3 5 6 9 11 14,3,2,4,0.9740391217969527,0.7333333333333333,0.4,0.23954132500231207
CMNIST GSC,42,FedDiverse,181,1 2 3 5 6 9 11 14 21,4,2,3,0.950120855560846,0.5555555555555556,0.35555555555555557,0.21562305876620536
CMNIST GSC,42,FedDiverse,182,0 1 3 5 6 11 14 16 22,4,2,3,0.950120855560846,0.5555555555555556,0.35555555555555557,0.21562305876620536
CMNIST GSC,42,FedDiverse,183,0 1 2 3 6 9 12 14 18,4,1,4,0.950120855560846,0.5555555555555556,0.35555555555555557,0.21562305876620536
CMNIST GSC,42,FedDiverse,184,0 1 2 3 5 6 11 14 22,3,2,4,0.9740391217969527,0.7333333333333333,0.4,0.23954132500231207
CMNIST GSC,42,FedDiverse,185,1 3 5 6 9 10 14 16 22,5,2,2,0.9262025893247393,0.5555555555555556,0.3111111111111111,0.19170479253009864
CMNIST GSC,42,FedDiverse,186,0 1 2 3 6 9 10 11 18,4,1,4,0.950120855560846,0.5555555555555556,0.35555555555555557,0.21562305876620536
CMNIST GSC,42,FedDiverse,187,0 1 2 3 5 6 10 14 22,3,2,4,0.9740391217969527,0.7333333333333333,0.4,0.23954132500231207
CMNIST GSC,42,FedDiverse,188,1 2 3 5 6 9 11 14 22,4,2,3,0.950120855560846,0.5555555555555556,0.35555555555555557,0.21562305876620536
CMNIST GSC,42,FedDiverse,189,0 1 2 3 6 9 14 18 22,4,1,4,0.950120855560846,0.5555555555555556,0.35555555555555557,0.21562305876620536
CMNIST GSC,42,FedDiverse,190,0 1 2 3 5 6 11 12 22,3,2,4,0.9740391217969527,0.7333333333333333,0.4,0.23954132500231207
CMNIST GSC,42,FedDiverse,191,0 1 2 3 6 9 14 18 22,4,1,4,0.950120855560846,0.5555555555555556,0.35555555555555557,0.21562305876620536
CMNIST GSC,42,FedDiverse,192,0 1 2 3 5 6 9 14 22,3,2,4,0.9740391217969527,0.7333333333333333,0.4,0.23954132500231207
CMNIST GSC,42,FedDiverse,193,0 3 5 6 11 13 14 20 22,5,2,2,0.9262025893247393,0.5555555555555556,0.3111111111111111,0.19170479253009864
CMNIST GSC,42,FedDiverse,194,0 2 3 5 6 9 11 13 19,4,2,3,0.950120855560846,0.5555555555555556,0.35555555555555557,0.21562305876620536
CMNIST GSC,42,FedDiverse,195,1 2 3 5 6 9 11 14 15,4,2,3,0.950120855560846,0.5555555555555556,0.35555555555555557,0.21562305876620536
CMNIST GSC,42,FedDiverse,196,0 1 3 4 6 11 14 18 22,4,2,3,0.950120855560846,0.5555555555555556,0.35555555555555557,0.21562305876620536
CMNIST GSC,42,FedDiverse,197,0 1 2 3 5 6 11 17 22,3,2,4,0.9740391217969527,0.7333333333333333,0.4,0.23954132500231207
CMNIST GSC,42,FedDiverse,198,1 3 5 6 9 11 20 22 23,5,2,2,0.9740391217969527,0.7333333333333333,0.4000000000000001,0.23954132500231207
CMNIST GSC,42,FedDiverse,199,0 1 2 3 6 12 14 20 22,4,1,4,0.950120855560846,0.5555555555555556,0.35555555555555557,0.21562305876620536
CMNIST GSC,43,FedDiverse,1,0 1 3 4 6 9 10 19 21,4,2,3,0.950120855560846,0.5555555555555556,0.35555555555555557,0.21562305876620536
CMNIST GSC,43,FedDiverse,2,0 1 2 3 6 7 9 20 23,3,2,4,0.9855927945614877,0.7333333333333333,0.4222222222222223,0.2510949977668471
CMNIST GSC,43,FedDiverse,3,0 1 3 4 6 9 11 21 23,4,2,3,0.9855927945614879,0.7333333333333333,0.4222222222222223,0.2510949977668472
CMNIST GSC,43,FedDiverse,4,0 1 2 3 4 6 9 12 21,3,2,4,0.9740391217969527,0.7333333333333333,0.4,0.23954132500231207
CMNIST GSC,43,FedDiverse,5,0 2 3 6 8 9 19 21 23,5,1,3,0.9695245979255244,0.7333333333333333,0.388888888888889,0.2350268011308837
CMNIST GSC,43,FedDiverse,6,0 1 2 3 6 9 11 12 23,4,1,4,0.9855927945614877,0.7333333333333333,0.4222222222222223,0.2510949977668471
CMNIST GSC,43,FedDiverse,7,0 1 2 3 6 9 10 21 23,4,1,4,0.9855927945614877,0.7333333333333333,0.4222222222222223,0.2510949977668471
CMNIST GSC,43,FedDiverse,8,0 1 2 3 4 6 9 21 22,3,2,4,0.9740391217969527,0.7333333333333333,0.4,0.23954132500231207
CMNIST GSC,43,FedDiverse,9,0 1 3 4 6 9 18 21 23,4,2,3,0.9855927945614879,0.7333333333333333,0.4222222222222223,0.2510949977668472
CMNIST GSC,43,FedDiverse,10,0 1 2 3 6 9 11 21 23,4,1,4,0.9855927945614877,0.7333333333333333,0.4222222222222223,0.2510949977668471
CMNIST GSC,43,FedDiverse,11,0 2 3 4 6 9 12 21 23,4,2,3,0.9855927945614877,0.7333333333333333,0.4222222222222223,0.2510949977668471
CMNIST GSC,43,FedDiverse,12,0 1 3 6 9 17 19 21 23,5,1,3,0.9661890521968094,0.5555555555555556,0.388888888888889,0.23169125540216873
CMNIST GSC,43,FedDiverse,13,0 1 2 3 6 8 9 11 23,4,1,4,0.9855927945614877,0.7333333333333333,0.4222222222222223,0.2510949977668471
CMNIST GSC,43,FedDiverse,14,0 1 2 3 4 6 8 9 21,3,2,4,0.9740391217969527,0.7333333333333333,0.4,0.23954132500231207
CMNIST GSC,43,FedDiverse,15,0 1 2 3 6 9 19 21 23,4,1,4,0.9855927945614877,0.7333333333333333,0.4222222222222223,0.2510949977668471
CMNIST GSC,43,FedDiverse,16,0 1 3 4 6 9 12 21 23,4,2,3,0.9855927945614879,0.7333333333333333,0.4222222222222223,0.2510949977668472
CMNIST GSC,43,FedDiverse,17,0 1 2 4 6 9 15 21 23,4,2,3,0.9855927945614879,0.7333333333333333,0.4222222222222223,0.2510949977668472
CMNIST GSC,43,FedDiverse,18,0 1 2 3 6 9 12 21 23,4,1,4,0.9855927945614877,0.7333333333333333,0.4222222222222223,0.2510949977668471
CMNIST GSC,43,FedDiverse,19,0 1 2 3 6 9 18 21 23,4,1,4,0.9855927945614877,0.7333333333333333,0.4222222222222223,0.2510949977668471
CMNIST GSC,43,FedDiverse,20,1 2 4 6 7 8 9 21 23,4,3,2,0.9855927945614877,0.7333333333333333,0.4222222222222223,0.2510949977668471
CMNIST GSC,43,FedDiverse,21,0 1 2 3 4 6 9 10 23,3,2,4,0.997146467326023,0.9111111111111111,0.4444444444444444,0.2626486705313823
CMNIST GSC,43,FedDiverse,22,0 1 2 3 4 6 9 21 23,3,2,4,0.997146467326023,0.9111111111111111,0.4444444444444444,0.2626486705313823
CMNIST GSC,43,FedDiverse,23,0 1 2 3 4 6 21 22 23,3,2,4,0.997146467326023,0.9111111111111111,0.4444444444444444,0.2626486705313823
CMNIST GSC,43,FedDiverse,24,0 2 3 4 6 7 9 21 23,3,3,3,0.9918886943442414,0.9111111111111111,0.4333333333333334,0.25739089754960076
CMNIST GSC,43,FedDiverse,25,0 3 4 6 9 11 17 21 23,5,2,2,0.9740391217969527,0.7333333333333333,0.4000000000000001,0.23954132500231207
CMNIST GSC,43,FedDiverse,26,0 1 2 4 6 9 13 21 23,4,2,3,0.9855927945614879,0.7333333333333333,0.4222222222222223,0.2510949977668472
CMNIST GSC,43,FedDiverse,27,0 1 2 3 6 7 9 12 23,3,2,4,0.9855927945614877,0.7333333333333333,0.4222222222222223,0.2510949977668471
CMNIST GSC,43,FedDiverse,28,0 1 3 4 6 9 19 21 23,4,2,3,0.9855927945614879,0.7333333333333333,0.4222222222222223,0.2510949977668472
CMNIST GSC,43,FedDiverse,29,0 1 2 3 6 9 11 21 23,4,1,4,0.9855927945614877,0.7333333333333333,0.4222222222222223,0.2510949977668471
CMNIST GSC,43,FedDiverse,30,0 1 2 3 4 6 8 9 23,3,2,4,0.997146467326023,0.9111111111111111,0.4444444444444444,0.2626486705313823
CMNIST GSC,43,FedDiverse,31,0 1 2 3 6 7 17 21 23,3,2,4,0.9855927945614877,0.7333333333333333,0.4222222222222223,0.2510949977668471
CMNIST GSC,43,FedDiverse,32,0 1 2 3 5 6 9 19 21,3,2,4,0.9740391217969527,0.7333333333333333,0.4,0.23954132500231207
CMNIST GSC,43,FedDiverse,33,0 1 2 3 6 8 9 21 23,4,1,4,0.9855927945614877,0.7333333333333333,0.4222222222222223,0.2510949977668471
CMNIST GSC,43,FedDiverse,34,0 1 3 4 6 9 11 21 23,4,2,3,0.9855927945614879,0.7333333333333333,0.4222222222222223,0.2510949977668472
CMNIST GSC,43,FedDiverse,35,0 2 3 4 6 9 21 22 23,4,2,3,0.9855927945614877,0.7333333333333333,0.4222222222222223,0.2510949977668471
CMNIST GSC,43,FedDiverse,36,0 2 3 4 6 9 10 21 23,4,2,3,0.9855927945614877,0.7333333333333333,0.4222222222222223,0.2510949977668471
CMNIST GSC,43,FedDiverse,37,0 1 3 4 6 9 20 21 23,4,2,3,0.9855927945614879,0.7333333333333333,0.4222222222222223,0.2510949977668472
CMNIST GSC,43,FedDiverse,38,0 1 2 3 6 7 20 21 23,3,2,4,0.9855927945614877,0.7333333333333333,0.4222222222222223,0.2510949977668471
CMNIST GSC,43,FedDiverse,39,0 1 2 3 4 6 9 21 23,3,2,4,0.997146467326023,0.9111111111111111,0.4444444444444444,0.2626486705313823
CMNIST GSC,43,FedDiverse,40,0 1 2 3 5 6 9 20 21,3,2,4,0.9740391217969527,0.7333333333333333,0.4,0.23954132500231207
CMNIST GSC,43,FedDiverse,41,0 1 4 6 7 9 16 21 23,4,3,2,0.9714468251785908,0.5555555555555556,0.4000000000000001,0.23694902838395016
CMNIST GSC,43,FedDiverse,42,0 1 2 3 6 9 10 21 23,4,1,4,0.9855927945614877,0.7333333333333333,0.4222222222222223,0.2510949977668471
CMNIST GSC,43,FedDiverse,43,0 1 2 3 6 9 10 21 23,4,1,4,0.9855927945614877,0.7333333333333333,0.4222222222222223,0.2510949977668471
CMNIST GSC,43,FedDiverse,44,0 1 2 3 4 6 9 21 23,3,2,4,0.997146467326023,0.9111111111111111,0.4444444444444444,0.2626486705313823
CMNIST GSC,43,FedDiverse,45,0 1 2 3 6 7 9 10 23,3,2,4,0.9855927945614877,0.7333333333333333,0.4222222222222223,0.2510949977668471
CMNIST GSC,43,FedDiverse,46,0 1 2 3 6 7 9 22 23,3,2,4,0.9855927945614877,0.7333333333333333,0.4222222222222223,0.2510949977668471
CMNIST GSC,43,FedDiverse,47,0 1 2 4 6 9 18 21 23,4,2,3,0.9855927945614879,0.7333333333333333,0.4222222222222223,0.2510949977668472
CMNIST GSC,43,FedDiverse,48,0 1 2 3 5 6 9 14 23,3,2,4,0.997146467326023,0.9111111111111111,0.4444444444444444,0.2626486705313823
CMNIST GSC,43,FedDiverse,49,0 1 2 3 4 6 7 9 23,2,3,4,0.997146467326023,0.9111111111111111,0.4444444444444444,0.2626486705313823
CMNIST GSC,43,FedDiverse,50,0 1 2 3 9 16 20 21 23,5,0,4,0.9740391217969527,0.7333333333333333,0.4000000000000001,0.23954132500231207
CMNIST GSC,43,FedDiverse,51,0 1 2 3 4 6 9 21 23,3,2,4,0.997146467326023,0.9111111111111111,0.4444444444444444,0.2626486705313823
CMNIST GSC,43,FedDiverse,52,0 1 2 3 4 6 9 22 23,3,2,4,0.997146467326023,0.9111111111111111,0.4444444444444444,0.2626486705313823
CMNIST GSC,43,FedDiverse,53,0 2 3 4 6 7 9 20 21,3,3,3,0.9695245979255244,0.7333333333333333,0.38888888888888895,0.2350268011308837
CMNIST GSC,43,FedDiverse,54,0 1 2 3 6 9 20 21 23,4,1,4,0.9855927945614877,0.7333333333333333,0.4222222222222223,0.2510949977668471
CMNIST GSC,43,FedDiverse,55,0 1 2 4 6 9 10 21 23,4,2,3,0.9855927945614879,0.7333333333333333,0.4222222222222223,0.2510949977668472
CMNIST GSC,43,FedDiverse,56,0 1 2 3 4 6 9 21 23,3,2,4,0.997146467326023,0.9111111111111111,0.4444444444444444,0.2626486705313823
CMNIST GSC,43,FedDiverse,57,0 1 2 3 6 9 14 21 23,4,1,4,0.9855927945614877,0.7333333333333333,0.4222222222222223,0.2510949977668471
CMNIST GSC,43,FedDiverse,58,0 1 2 3 4 6 9 11 16,3,2,4,0.9740391217969527,0.7333333333333333,0.4,0.23954132500231207
CMNIST GSC,43,FedDiverse,59,0 2 3 4 6 8 9 21 23,4,2,3,0.9855927945614877,0.7333333333333333,0.4222222222222223,0.2510949977668471
CMNIST GSC,43,FedDiverse,60,0 1 2 3 6 9 14 21 23,4,1,4,0.9855927945614877,0.7333333333333333,0.4222222222222223,0.2510949977668471
CMNIST GSC,43,FedDiverse,61,0 1 2 3 6 9 10 21 23,4,1,4,0.9855927945614877,0.7333333333333333,0.4222222222222223,0.2510949977668471
CMNIST GSC,43,FedDiverse,62,0 2 3 6 7 9 17 21 23,4,2,3,0.9758204977082781,0.7333333333333333,0.40000000000000013,0.2413227009136374
CMNIST GSC,43,FedDiverse,63,0 1 2 3 4 6 9 15 23,3,2,4,0.997146467326023,0.9111111111111111,0.4444444444444444,0.2626486705313823
CMNIST GSC,43,FedDiverse,64,0 2 3 6 9 18 19 21 23,5,1,3,0.9695245979255244,0.7333333333333333,0.388888888888889,0.2350268011308837
CMNIST GSC,43,FedDiverse,65,0 1 2 3 6 9 12 21 23,4,1,4,0.9855927945614877,0.7333333333333333,0.4222222222222223,0.2510949977668471
CMNIST GSC,43,FedDiverse,66,0 1 4 6 9 11 12 21 23,5,2,2,0.9616745283253811,0.5555555555555556,0.3777777777777779,0.22717673153074047
CMNIST GSC,43,FedDiverse,67,0 1 2 3 5 6 8 21 23,3,2,4,0.997146467326023,0.9111111111111111,0.4444444444444444,0.2626486705313823
CMNIST GSC,43,FedDiverse,68,0 1 2 4 5 6 9 21 23,3,3,3,0.9918886943442414,0.9111111111111111,0.4333333333333334,0.25739089754960076
CMNIST GSC,43,FedDiverse,69,0 1 2 3 6 9 17 21 23,4,1,4,0.9855927945614877,0.7333333333333333,0.4222222222222223,0.2510949977668471
CMNIST GSC,43,FedDiverse,70,0 1 2 3 6 9 11 22 23,4,1,4,0.9855927945614877,0.7333333333333333,0.4222222222222223,0.2510949977668471
CMNIST GSC,43,FedDiverse,71,0 3 4 6 9 13 19 21 23,5,2,2,0.9740391217969527,0.7333333333333333,0.4000000000000001,0.23954132500231207
CMNIST GSC,43,FedDiverse,72,0 1 2 3 4 6 12 21 23,3,2,4,0.997146467326023,0.9111111111111111,0.4444444444444444,0.2626486705313823
CMNIST GSC,43,FedDiverse,73,0 1 2 3 4 6 9 12 23,3,2,4,0.997146467326023,0.9111111111111111,0.4444444444444444,0.2626486705313823
CMNIST GSC,43,FedDiverse,74,0 1 3 4 6 9 17 21 23,4,2,3,0.9855927945614879,0.7333333333333333,0.4222222222222223,0.2510949977668472
CMNIST GSC,43,FedDiverse,75,0 2 3 4 6 9 20 21 23,4,2,3,0.9855927945614877,0.7333333333333333,0.4222222222222223,0.2510949977668471
CMNIST GSC,43,FedDiverse,76,0 1 2 3 4 6 9 21 23,3,2,4,0.997146467326023,0.9111111111111111,0.4444444444444444,0.2626486705313823
CMNIST GSC,43,FedDiverse,77,0 1 2 3 6 9 12 13 21,4,1,4,0.950120855560846,0.5555555555555556,0.35555555555555557,0.21562305876620536
CMNIST GSC,43,FedDiverse,78,0 1 2 3 5 6 20 21 23,3,2,4,0.997146467326023,0.9111111111111111,0.4444444444444444,0.2626486705313823
CMNIST GSC,43,FedDiverse,79,0 1 2 3 6 9 11 21 23,4,1,4,0.9855927945614877,0.7333333333333333,0.4222222222222223,0.2510949977668471
CMNIST GSC,43,FedDiverse,80,0 1 2 3 6 9 10 21 23,4,1,4,0.9855927945614877,0.7333333333333333,0.4222222222222223,0.2510949977668471
CMNIST GSC,43,FedDiverse,81,0 1 2 3 4 5 6 9 19,2,3,4,0.9855927945614879,0.7333333333333333,0.4222222222222223,0.2510949977668472
CMNIST GSC,43,FedDiverse,82,0 1 2 3 6 9 12 21 23,4,1,4,0.9855927945614877,0.7333333333333333,0.4222222222222223,0.2510949977668471
CMNIST GSC,43,FedDiverse,83,0 1 2 3 6 9 21 22 23,4,1,4,0.9855927945614877,0.7333333333333333,0.4222222222222223,0.2510949977668471
CMNIST GSC,43,FedDiverse,84,0 1 2 3 6 9 11 15 23,4,1,4,0.9855927945614877,0.7333333333333333,0.4222222222222223,0.2510949977668471
CMNIST GSC,43,FedDiverse,85,0 1 2 3 5 6 9 13 21,3,2,4,0.9740391217969527,0.7333333333333333,0.4,0.23954132500231207
CMNIST GSC,43,FedDiverse,86,0 1 2 3 4 6 10 21 23,3,2,4,0.997146467326023,0.9111111111111111,0.4444444444444444,0.2626486705313823
CMNIST GSC,43,FedDiverse,87,0 1 2 4 6 12 17 21 23,4,2,3,0.9855927945614879,0.7333333333333333,0.4222222222222223,0.2510949977668472
CMNIST GSC,43,FedDiverse,88,0 1 2 3 4 6 9 13 23,3,2,4,0.997146467326023,0.9111111111111111,0.4444444444444444,0.2626486705313823
CMNIST GSC,43,FedDiverse,89,0 2 4 6 9 11 16 21 23,5,2,2,0.9740391217969527,0.7333333333333333,0.4000000000000001,0.23954132500231207
CMNIST GSC,43,FedDiverse,90,0 1 2 3 6 9 10 19 23,4,1,4,0.9855927945614877,0.7333333333333333,0.4222222222222223,0.2510949977668471
CMNIST GSC,43,FedDiverse,91,0 1 3 4 6 9 19 21 23,4,2,3,0.9855927945614879,0.7333333333333333,0.4222222222222223,0.2510949977668472
CMNIST GSC,43,FedDiverse,92,0 1 3 6 9 19 21 22 23,5,1,3,0.9661890521968094,0.5555555555555556,0.388888888888889,0.23169125540216873
CMNIST GSC,43,FedDiverse,93,0 1 2 3 6 11 14 21 23,4,1,4,0.9855927945614877,0.7333333333333333,0.4222222222222223,0.2510949977668471
CMNIST GSC,43,FedDiverse,94,0 2 3 4 6 9 17 21 23,4,2,3,0.9855927945614877,0.7333333333333333,0.4222222222222223,0.2510949977668471
CMNIST GSC,43,FedDiverse,95,0 1 2 3 6 9 15 21 23,4,1,4,0.9855927945614877,0.7333333333333333,0.4222222222222223,0.2510949977668471
CMNIST GSC,43,FedDiverse,96,0 1 3 6 7 9 21 22 23,4,2,3,0.9714468251785908,0.5555555555555556,0.40000000000000013,0.23694902838395016
CMNIST GSC,43,FedDiverse,97,0 2 3 4 6 9 18 21 23,4,2,3,0.9855927945614877,0.7333333333333333,0.4222222222222223,0.2510949977668471
CMNIST GSC,43,FedDiverse,98,0 1 3 4 6 9 10 11 21,4,2,3,0.950120855560846,0.5555555555555556,0.35555555555555557,0.21562305876620536
CMNIST GSC,43,FedDiverse,99,0 3 4 6 9 15 18 21 23,5,2,2,0.9740391217969527,0.7333333333333333,0.4000000000000001,0.23954132500231207
CMNIST GSC,43,FedDiverse,100,0 2 3 4 6 9 11 15 21,4,2,3,0.950120855560846,0.5555555555555556,0.35555555555555557,0.21562305876620536
CMNIST GSC,43,FedDiverse,101,0 1 2 4 6 9 21 22 23,4,2,3,0.9855927945614879,0.7333333333333333,0.4222222222222223,0.2510949977668472
CMNIST GSC,43,FedDiverse,102,0 1 2 3 6 8 9 21 23,4,1,4,0.9855927945614877,0.7333333333333333,0.4222222222222223,0.2510949977668471
CMNIST GSC,43,FedDiverse,103,0 1 2 3 4 6 9 20 21,3,2,4,0.9740391217969527,0.7333333333333333,0.4,0.23954132500231207
CMNIST GSC,43,FedDiverse,104,0 1 2 3 4 6 13 21 23,3,2,4,0.997146467326023,0.9111111111111111,0.4444444444444444,0.2626486705313823
CMNIST GSC,43,FedDiverse,105,0 1 2 4 6 9 11 19 21,4,2,3,0.950120855560846,0.5555555555555556,0.35555555555555557,0.21562305876620536
CMNIST GSC,43,FedDiverse,106,0 2 3 4 6 9 11 21 23,4,2,3,0.9855927945614877,0.7333333333333333,0.4222222222222223,0.2510949977668471
CMNIST GSC,43,FedDiverse,107,0 1 2 3 4 6 9 18 23,3,2,4,0.997146467326023,0.9111111111111111,0.4444444444444444,0.2626486705313823
CMNIST GSC,43,FedDiverse,108,0 2 3 4 6 9 16 19 21,4,2,3,0.950120855560846,0.5555555555555556,0.35555555555555557,0.21562305876620536
CMNIST GSC,43,FedDiverse,109,0 1 4 6 7 9 12 21 23,4,3,2,0.9714468251785908,0.5555555555555556,0.4000000000000001,0.23694902838395016
CMNIST GSC,43,FedDiverse,110,0 1 2 3 4 6 11 12 21,3,2,4,0.9740391217969527,0.7333333333333333,0.4,0.23954132500231207
CMNIST GSC,43,FedDiverse,111,0 1 2 3 6 9 11 21 23,4,1,4,0.9855927945614877,0.7333333333333333,0.4222222222222223,0.2510949977668471
CMNIST GSC,43,FedDiverse,112,0 1 2 4 6 8 9 14 21,4,2,3,0.950120855560846,0.5555555555555556,0.35555555555555557,0.21562305876620536
CMNIST GSC,43,FedDiverse,113,0 1 2 3 4 6 10 21 23,3,2,4,0.997146467326023,0.9111111111111111,0.4444444444444444,0.2626486705313823
CMNIST GSC,43,FedDiverse,114,0 1 2 3 4 6 9 10 16,3,2,4,0.9740391217969527,0.7333333333333333,0.4,0.23954132500231207
CMNIST GSC,43,FedDiverse,115,0 1 2 3 4 6 7 9 15,2,3,4,0.9855927945614877,0.7333333333333333,0.4222222222222223,0.2510949977668471
CMNIST GSC,43,FedDiverse,116,0 2 3 4 6 10 20 21 23,4,2,3,0.9855927945614877,0.7333333333333333,0.4222222222222223,0.2510949977668471
CMNIST GSC,43,FedDiverse,117,0 2 4 6 9 10 15 21 23,5,2,2,0.9740391217969527,0.7333333333333333,0.4000000000000001,0.23954132500231207
CMNIST GSC,43,FedDiverse,118,0 1 3 5 6 9 20 21 23,4,2,3,0.9855927945614879,0.7333333333333333,0.4222222222222223,0.2510949977668472
CMNIST GSC,43,FedDiverse,119,0 1 2 3 4 6 12 21 23,3,2,4,0.997146467326023,0.9111111111111111,0.4444444444444444,0.2626486705313823
CMNIST GSC,43,FedDiverse,120,0 1 2 3 4 5 6 21 23,2,3,4,0.9971464673260229,0.9111111111111111,0.4444444444444444,0.2626486705313822
CMNIST GSC,43,FedDiverse,121,0 1 3 4 6 9 12 21 23,4,2,3,0.9855927945614879,0.7333333333333333,0.4222222222222223,0.2510949977668472
CMNIST GSC,43,FedDiverse,122,0 3 4 6 7 9 14 21 23,4,3,2,0.9855927945614877,0.7333333333333333,0.4222222222222223,0.2510949977668471
CMNIST GSC,43,FedDiverse,123,0 1 2 3 4 6 7 9 17,2,3,4,0.9855927945614877,0.7333333333333333,0.4222222222222223,0.2510949977668471
CMNIST GSC,43,FedDiverse,124,0 1 2 4 6 7 8 21 23,3,3,3,0.9908505675432692,0.7333333333333333,0.4333333333333334,0.2563527707486285
CMNIST GSC,43,FedDiverse,125,0 1 2 3 4 6 9 21 23,3,2,4,0.997146467326023,0.9111111111111111,0.4444444444444444,0.2626486705313823
CMNIST GSC,43,FedDiverse,126,0 2 3 4 6 9 10 21 23,4,2,3,0.9855927945614877,0.7333333333333333,0.4222222222222223,0.2510949977668471
CMNIST GSC,43,FedDiverse,127,0 1 2 3 6 11 12 21 23,4,1,4,0.9855927945614877,0.7333333333333333,0.4222222222222223,0.2510949977668471
CMNIST GSC,43,FedDiverse,128,0 1 3 4 6 9 19 21 23,4,2,3,0.9855927945614879,0.7333333333333333,0.4222222222222223,0.2510949977668472
CMNIST GSC,43,FedDiverse,129,0 2 3 4 6 9 17 21 23,4,2,3,0.9855927945614877,0.7333333333333333,0.4222222222222223,0.2510949977668471
CMNIST GSC,43,FedDiverse,130,0 1 2 3 4 6 9 14 19,3,2,4,0.9740391217969527,0.7333333333333333,0.4,0.23954132500231207
CMNIST GSC,43,FedDiverse,131,0 3 4 5 6 9 10 21 23,4,3,2,0.9855927945614879,0.7333333333333333,0.4222222222222223,0.2510949977668472
CMNIST GSC,43,FedDiverse,132,0 1 2 3 4 6 9 21 22,3,2,4,0.9740391217969527,0.7333333333333333,0.4,0.23954132500231207
CMNIST GSC,43,FedDiverse,133,0 2 6 7 9 14 19 21 23,5,2,2,0.961674528325381,0.5555555555555556,0.3777777777777778,0.22717673153074036
CMNIST GSC,43,FedDiverse,134,0 1 2 3 6 8 9 21 23,4,1,4,0.9855927945614877,0.7333333333333333,0.4222222222222223,0.2510949977668471
CMNIST GSC,43,FedDiverse,135,0 1 2 3 4 6 9 21 23,3,2,4,0.997146467326023,0.9111111111111111,0.4444444444444444,0.2626486705313823
CMNIST GSC,43,FedDiverse,136,0 1 2 3 6 9 17 19 23,4,1,4,0.9855927945614877,0.7333333333333333,0.4222222222222223,0.2510949977668471
CMNIST GSC,43,FedDiverse,137,0 1 2 3 6 11 16 21 23,4,1,4,0.9855927945614877,0.7333333333333333,0.4222222222222223,0.2510949977668471
CMNIST GSC,43,FedDiverse,138,0 1 3 6 7 9 16 21 23,4,2,3,0.9714468251785908,0.5555555555555556,0.40000000000000013,0.23694902838395016
CMNIST GSC,43,FedDiverse,139,0 2 3 4 6 9 15 21 23,4,2,3,0.9855927945614877,0.7333333333333333,0.4222222222222223,0.2510949977668471
CMNIST GSC,43,FedDiverse,140,0 1 2 3 6 9 18 21 23,4,1,4,0.9855927945614877,0.7333333333333333,0.4222222222222223,0.2510949977668471
CMNIST GSC,43,FedDiverse,141,0 1 2 3 6 9 16 21 23,4,1,4,0.9855927945614877,0.7333333333333333,0.4222222222222223,0.2510949977668471
CMNIST GSC,43,FedDiverse,142,0 1 2 3 4 6 20 21 23,3,2,4,0.997146467326023,0.9111111111111111,0.4444444444444444,0.2626486705313823
CMNIST GSC,43,FedDiverse,143,0 1 2 3 4 6 17 21 23,3,2,4,0.997146467326023,0.9111111111111111,0.4444444444444444,0.2626486705313823
CMNIST GSC,43,FedDiverse,144,0 1 2 3 6 9 14 21 23,4,1,4,0.9855927945614877,0.7333333333333333,0.4222222222222223,0.2510949977668471
CMNIST GSC,43,FedDiverse,145,0 1 2 3 4 6 9 21 23,3,2,4,0.997146467326023,0.9111111111111111,0.4444444444444444,0.2626486705313823
CMNIST GSC,43,FedDiverse,146,0 1 2 3 6 9 11 18 23,4,1,4,0.9855927945614877,0.7333333333333333,0.4222222222222223,0.2510949977668471
CMNIST GSC,43,FedDiverse,147,0 1 2 3 4 6 17 21 23,3,2,4,0.997146467326023,0.9111111111111111,0.4444444444444444,0.2626486705313823
CMNIST GSC,43,FedDiverse,148,0 1 2 3 4 6 9 21 23,3,2,4,0.997146467326023,0.9111111111111111,0.4444444444444444,0.2626486705313823
CMNIST GSC,43,FedDiverse,149,0 1 2 3 4 6 7 9 14,2,3,4,0.9855927945614877,0.7333333333333333,0.4222222222222223,0.2510949977668471
CMNIST GSC,43,FedDiverse,150,0 1 2 3 6 9 20 21 23,4,1,4,0.9855927945614877,0.7333333333333333,0.4222222222222223,0.2510949977668471
CMNIST GSC,43,FedDiverse,151,0 1 2 3 6 7 9 21 22,3,2,4,0.961674528325381,0.5555555555555556,0.37777777777777777,0.22717673153074036
CMNIST GSC,43,FedDiverse,152,0 1 2 3 4 5 6 8 23,2,3,4,0.9971464673260229,0.9111111111111111,0.4444444444444444,0.2626486705313822
CMNIST GSC,43,FedDiverse,153,0 1 2 4 6 10 14 21 23,4,2,3,0.9855927945614879,0.7333333333333333,0.4222222222222223,0.2510949977668472
CMNIST GSC,43,FedDiverse,154,0 2 3 4 5 6 9 21 23,3,3,3,0.9908505675432692,0.7333333333333333,0.4333333333333334,0.2563527707486285
CMNIST GSC,43,FedDiverse,155,0 1 3 4 6 7 15 21 23,3,3,3,0.9908505675432692,0.7333333333333333,0.4333333333333334,0.2563527707486285
CMNIST GSC,43,FedDiverse,156,0 1 2 3 6 9 11 13 23,4,1,4,0.9855927945614877,0.7333333333333333,0.4222222222222223,0.2510949977668471
CMNIST GSC,43,FedDiverse,157,0 1 2 3 6 9 10 11 23,4,1,4,0.9855927945614877,0.7333333333333333,0.4222222222222223,0.2510949977668471
CMNIST GSC,43,FedDiverse,158,0 1 2 3 4 6 9 21 23,3,2,4,0.997146467326023,0.9111111111111111,0.4444444444444444,0.2626486705313823
CMNIST GSC,43,FedDiverse,159,0 1 3 4 6 17 19 21 23,4,2,3,0.9855927945614879,0.7333333333333333,0.4222222222222223,0.2510949977668472
CMNIST GSC,43,FedDiverse,160,0 1 2 3 6 9 11 14 23,4,1,4,0.9855927945614877,0.7333333333333333,0.4222222222222223,0.2510949977668471
CMNIST GSC,43,FedDiverse,161,0 1 2 3 6 7 9 17 23,3,2,4,0.9855927945614877,0.7333333333333333,0.4222222222222223,0.2510949977668471
CMNIST GSC,43,FedDiverse,162,0 1 2 4 6 9 12 21 23,4,2,3,0.9855927945614879,0.7333333333333333,0.4222222222222223,0.2510949977668472
CMNIST GSC,43,FedDiverse,163,0 1 2 3 4 5 6 7 21,1,4,4,0.997146467326023,0.9111111111111111,0.4444444444444444,0.2626486705313823
CMNIST GSC,43,FedDiverse,164,0 3 4 6 8 9 21 22 23,5,2,2,0.9740391217969527,0.7333333333333333,0.4000000000000001,0.23954132500231207
CMNIST GSC,43,FedDiverse,165,0 1 2 4 6 9 15 21 23,4,2,3,0.9855927945614879,0.7333333333333333,0.4222222222222223,0.2510949977668472
CMNIST GSC,43,FedDiverse,166,0 1 2 3 4 6 9 18 23,3,2,4,0.997146467326023,0.9111111111111111,0.4444444444444444,0.2626486705313823
CMNIST GSC,43,FedDiverse,167,0 1 2 3 4 6 10 21 23,3,2,4,0.997146467326023,0.9111111111111111,0.4444444444444444,0.2626486705313823
CMNIST GSC,43,FedDiverse,168,0 1 2 4 6 9 21 22 23,4,2,3,0.9855927945614879,0.7333333333333333,0.4222222222222223,0.2510949977668472
CMNIST GSC,43,FedDiverse,169,0 1 2 3 6 9 10 21 23,4,1,4,0.9855927945614877,0.7333333333333333,0.4222222222222223,0.2510949977668471
CMNIST GSC,43,FedDiverse,170,0 1 2 3 6 7 8 9 23,3,2,4,0.9855927945614877,0.7333333333333333,0.4222222222222223,0.2510949977668471
CMNIST GSC,43,FedDiverse,171,0 1 2 3 4 6 17 21 23,3,2,4,0.997146467326023,0.9111111111111111,0.4444444444444444,0.2626486705313823
CMNIST GSC,43,FedDiverse,172,0 1 2 3 6 9 16 21 23,4,1,4,0.9855927945614877,0.7333333333333333,0.4222222222222223,0.2510949977668471
CMNIST GSC,43,FedDiverse,173,0 1 2 3 6 9 17 21 23,4,1,4,0.9855927945614877,0.7333333333333333,0.4222222222222223,0.2510949977668471
CMNIST GSC,43,FedDiverse,174,0 2 4 6 9 13 18 21 23,5,2,2,0.9740391217969527,0.7333333333333333,0.4000000000000001,0.23954132500231207
CMNIST GSC,43,FedDiverse,175,0 1 2 3 6 9 12 21 23,4,1,4,0.9855927945614877,0.7333333333333333,0.4222222222222223,0.2510949977668471
CMNIST GSC,43,FedDiverse,176,0 1 2 3 4 6 9 20 21,3,2,4,0.9740391217969527,0.7333333333333333,0.4,0.23954132500231207
CMNIST GSC,43,FedDiverse,177,0 1 2 3 6 9 19 21 23,4,1,4,0.9855927945614877,0.7333333333333333,0.4222222222222223,0.2510949977668471
CMNIST GSC,43,FedDiverse,178,0 1 2 3 4 6 7 20 23,2,3,4,0.997146467326023,0.9111111111111111,0.4444444444444444,0.2626486705313823
CMNIST GSC,43,FedDiverse,179,0 1 2 4 6 11 21 22 23,4,2,3,0.9855927945614879,0.7333333333333333,0.4222222222222223,0.2510949977668472
CMNIST GSC,43,FedDiverse,180,0 1 2 3 5 7 9 21 23,3,2,4,0.997146467326023,0.9111111111111111,0.4444444444444444,0.2626486705313823
CMNIST GSC,43,FedDiverse,181,0 1 2 3 6 9 16 21 23,4,1,4,0.9855927945614877,0.7333333333333333,0.4222222222222223,0.2510949977668471
CMNIST GSC,43,FedDiverse,182,0 1 2 3 4 6 9 19 21,3,2,4,0.9740391217969527,0.7333333333333333,0.4,0.23954132500231207
CMNIST GSC,43,FedDiverse,183,0 2 3 4 6 9 20 21 23,4,2,3,0.9855927945614877,0.7333333333333333,0.4222222222222223,0.2510949977668471
CMNIST GSC,43,FedDiverse,184,0 1 2 3 6 9 18 19 23,4,1,4,0.9855927945614877,0.7333333333333333,0.4222222222222223,0.2510949977668471
CMNIST GSC,43,FedDiverse,185,0 1 2 3 4 6 8 9 21,3,2,4,0.9740391217969527,0.7333333333333333,0.4,0.23954132500231207
CMNIST GSC,43,FedDiverse,186,0 1 2 3 4 6 9 21 23,3,2,4,0.997146467326023,0.9111111111111111,0.4444444444444444,0.2626486705313823
CMNIST GSC,43,FedDiverse,187,0 1 4 6 9 12 17 21 23,5,2,2,0.9616745283253811,0.5555555555555556,0.3777777777777779,0.22717673153074047
CMNIST GSC,43,FedDiverse,188,0 1 2 3 6 9 10 21 23,4,1,4,0.9855927945614877,0.7333333333333333,0.4222222222222223,0.2510949977668471
CMNIST GSC,43,FedDiverse,189,0 1 2 3 4 6 7 17 23,2,3,4,0.997146467326023,0.9111111111111111,0.4444444444444444,0.2626486705313823
CMNIST GSC,43,FedDiverse,190,0 2 3 4 6 8 9 21 23,4,2,3,0.9855927945614877,0.7333333333333333,0.4222222222222223,0.2510949977668471
CMNIST GSC,43,FedDiverse,191,0 1 3 4 6 8 9 21 23,4,2,3,0.9855927945614879,0.7333333333333333,0.4222222222222223,0.2510949977668472
CMNIST GSC,43,FedDiverse,192,0 1 2 3 6 9 18 19 23,4,1,4,0.9855927945614877,0.7333333333333333,0.4222222222222223,0.2510949977668471
CMNIST GSC,43,FedDiverse,193,0 1 2 3 4 6 9 21 23,3,2,4,0.997146467326023,0.9111111111111111,0.4444444444444444,0.2626486705313823
CMNIST GSC,43,FedDiverse,194,0 1 2 3 5 6 7 9 23,2,3,4,0.997146467326023,0.9111111111111111,0.4444444444444444,0.2626486705313823
CMNIST GSC,43,FedDiverse,195,0 1 3 6 7 9 13 21 23,4,2,3,0.9714468251785908,0.5555555555555556,0.40000000000000013,0.23694902838395016
CMNIST GSC,43,FedDiverse,196,0 1 2 3 5 9 19 21 23,4,1,4,0.9855927945614879,0.7333333333333333,0.4222222222222223,0.2510949977668472
CMNIST GSC,43,FedDiverse,197,0 1 2 3 6 9 19 21 22,4,1,4,0.950120855560846,0.5555555555555556,0.35555555555555557,0.21562305876620536
CMNIST GSC,43,FedDiverse,198,0 1 3 4 6 9 15 21 23,4,2,3,0.9855927945614879,0.7333333333333333,0.4222222222222223,0.2510949977668472
CMNIST GSC,43,FedDiverse,199,0 1 2 3 6 9 21 22 23,4,1,4,0.9855927945614877,0.7333333333333333,0.4222222222222223,0.2510949977668471
CMNIST GSC,44,FedDiverse,1,0 1 2 3 5 8 9 10 20,4,1,4,0.950120855560846,0.5555555555555556,0.35555555555555557,0.21562305876620536
CMNIST GSC,44,FedDiverse,2,1 2 3 4 5 7 8 9 23,3,3,3,0.9908505675432692,0.7333333333333333,0.4333333333333334,0.2563527707486285
CMNIST GSC,44,FedDiverse,3,1 2 3 5 8 9 10 18 23,5,1,3,0.9661890521968094,0.5555555555555556,0.388888888888889,0.23169125540216873
CMNIST GSC,44,FedDiverse,4,0 1 2 3 5 8 9 15 23,4,1,4,0.9855927945614879,0.7333333333333333,0.4222222222222223,0.2510949977668472
CMNIST GSC,44,FedDiverse,5,0 2 3 4 5 8 9 10 23,4,2,3,0.9714468251785908,0.5555555555555556,0.40000000000000013,0.23694902838395016
CMNIST GSC,44,FedDiverse,6,0 1 2 3 5 8 9 18 23,4,1,4,0.9855927945614879,0.7333333333333333,0.4222222222222223,0.2510949977668472
CMNIST GSC,44,FedDiverse,7,0 2 3 4 5 8 9 16 23,4,2,3,0.9714468251785908,0.5555555555555556,0.40000000000000013,0.23694902838395016
CMNIST GSC,44,FedDiverse,8,0 1 2 3 4 5 8 12 20,3,2,4,0.9616745283253811,0.5555555555555556,0.37777777777777777,0.22717673153074047
CMNIST GSC,44,FedDiverse,9,1 2 3 5 8 9 13 14 23,5,1,3,0.9661890521968094,0.5555555555555556,0.388888888888889,0.23169125540216873
CMNIST GSC,44,FedDiverse,10,0 1 2 3 4 5 8 9 16,3,2,4,0.9616745283253811,0.5555555555555556,0.37777777777777777,0.22717673153074047
CMNIST GSC,44,FedDiverse,11,1 2 3 5 8 9 19 21 23,5,1,3,0.9661890521968094,0.5555555555555556,0.388888888888889,0.23169125540216873
CMNIST GSC,44,FedDiverse,12,0 2 3 4 5 8 9 11 23,4,2,3,0.9714468251785908,0.5555555555555556,0.40000000000000013,0.23694902838395016
CMNIST GSC,44,FedDiverse,13,0 2 4 5 8 9 18 22 23,5,2,2,0.9616745283253811,0.5555555555555556,0.3777777777777778,0.22717673153074047
CMNIST GSC,44,FedDiverse,14,0 1 2 3 5 8 9 10 23,4,1,4,0.9855927945614879,0.7333333333333333,0.4222222222222223,0.2510949977668472
CMNIST GSC,44,FedDiverse,15,0 2 3 4 5 8 9 14 23,4,2,3,0.9714468251785908,0.5555555555555556,0.40000000000000013,0.23694902838395016
CMNIST GSC,44,FedDiverse,16,0 1 2 3 5 8 9 19 23,4,1,4,0.9855927945614879,0.7333333333333333,0.4222222222222223,0.2510949977668472
CMNIST GSC,44,FedDiverse,17,0 1 2 3 5 8 9 13 23,4,1,4,0.9855927945614879,0.7333333333333333,0.4222222222222223,0.2510949977668472
CMNIST GSC,44,FedDiverse,18,0 1 2 4 5 8 9 16 23,4,2,3,0.9758204977082781,0.7333333333333333,0.40000000000000013,0.2413227009136374
CMNIST GSC,44,FedDiverse,19,0 1 2 3 5 8 9 10 14,4,1,4,0.950120855560846,0.5555555555555556,0.35555555555555557,0.21562305876620536
CMNIST GSC,44,FedDiverse,20,0 2 3 4 5 8 9 21 23,4,2,3,0.9714468251785908,0.5555555555555556,0.40000000000000013,0.23694902838395016
CMNIST GSC,44,FedDiverse,21,1 2 3 4 5 8 9 14 23,4,2,3,0.9714468251785908,0.5555555555555556,0.40000000000000013,0.23694902838395016
CMNIST GSC,44,FedDiverse,22,0 2 3 4 5 8 9 22 23,4,2,3,0.9714468251785908,0.5555555555555556,0.40000000000000013,0.23694902838395016
CMNIST GSC,44,FedDiverse,23,0 1 2 3 4 5 8 9 10,3,2,4,0.9616745283253811,0.5555555555555556,0.37777777777777777,0.22717673153074047
CMNIST GSC,44,FedDiverse,24,0 2 3 4 5 8 9 18 23,4,2,3,0.9714468251785908,0.5555555555555556,0.40000000000000013,0.23694902838395016
CMNIST GSC,44,FedDiverse,25,0 1 2 3 5 8 9 17 23,4,1,4,0.9855927945614879,0.7333333333333333,0.4222222222222223,0.2510949977668472
CMNIST GSC,44,FedDiverse,26,0 1 2 3 5 8 9 20 23,4,1,4,0.9855927945614879,0.7333333333333333,0.4222222222222223,0.2510949977668472
CMNIST GSC,44,FedDiverse,27,0 1 2 3 4 8 9 17 23,4,1,4,0.9855927945614879,0.7333333333333333,0.4222222222222223,0.2510949977668472
CMNIST GSC,44,FedDiverse,28,0 1 2 3 4 5 8 12 16,3,2,4,0.9616745283253811,0.5555555555555556,0.37777777777777777,0.22717673153074047
CMNIST GSC,44,FedDiverse,29,0 1 2 3 4 5 8 9 23,3,2,4,0.9855927945614879,0.7333333333333333,0.4222222222222223,0.2510949977668472
CMNIST GSC,44,FedDiverse,30,0 2 3 4 5 8 9 20 23,4,2,3,0.9714468251785908,0.5555555555555556,0.40000000000000013,0.23694902838395016
CMNIST GSC,44,FedDiverse,31,0 2 3 4 5 8 9 22 23,4,2,3,0.9714468251785908,0.5555555555555556,0.40000000000000013,0.23694902838395016
CMNIST GSC,44,FedDiverse,32,0 1 2 3 5 8 9 11 23,4,1,4,0.9855927945614879,0.7333333333333333,0.4222222222222223,0.2510949977668472
CMNIST GSC,44,FedDiverse,33,1 2 3 4 5 7 8 9 23,3,3,3,0.9908505675432692,0.7333333333333333,0.4333333333333334,0.2563527707486285
CMNIST GSC,44,FedDiverse,34,0 1 2 3 5 8 9 10 23,4,1,4,0.9855927945614879,0.7333333333333333,0.4222222222222223,0.2510949977668472
CMNIST GSC,44,FedDiverse,35,0 1 2 4 5 8 9 14 23,4,2,3,0.9758204977082781,0.7333333333333333,0.40000000000000013,0.2413227009136374
CMNIST GSC,44,FedDiverse,36,0 2 3 4 5 8 9 10 23,4,2,3,0.9714468251785908,0.5555555555555556,0.40000000000000013,0.23694902838395016
CMNIST GSC,44,FedDiverse,37,0 1 2 4 5 8 9 16 23,4,2,3,0.9758204977082781,0.7333333333333333,0.40000000000000013,0.2413227009136374
CMNIST GSC,44,FedDiverse,38,1 2 3 4 5 8 9 22 23,4,2,3,0.9714468251785908,0.5555555555555556,0.40000000000000013,0.23694902838395016
CMNIST GSC,44,FedDiverse,39,0 1 2 4 5 8 9 19 23,4,2,3,0.9758204977082781,0.7333333333333333,0.40000000000000013,0.2413227009136374
CMNIST GSC,44,FedDiverse,40,1 2 3 4 5 8 9 19 23,4,2,3,0.9714468251785908,0.5555555555555556,0.40000000000000013,0.23694902838395016
CMNIST GSC,44,FedDiverse,41,0 1 2 3 5 8 9 14 23,4,1,4,0.9855927945614879,0.7333333333333333,0.4222222222222223,0.2510949977668472
CMNIST GSC,44,FedDiverse,42,1 2 3 4 5 8 9 14 23,4,2,3,0.9714468251785908,0.5555555555555556,0.40000000000000013,0.23694902838395016
CMNIST GSC,44,FedDiverse,43,1 2 3 4 5 8 9 16 23,4,2,3,0.9714468251785908,0.5555555555555556,0.40000000000000013,0.23694902838395016
CMNIST GSC,44,FedDiverse,44,0 1 2 4 5 8 9 18 23,4,2,3,0.9758204977082781,0.7333333333333333,0.40000000000000013,0.2413227009136374
CMNIST GSC,44,FedDiverse,45,2 3 4 5 8 9 12 13 23,5,2,2,0.9416012362823889,0.37777777777777777,0.3555555555555557,0.20710343948774823
CMNIST GSC,44,FedDiverse,46,0 1 2 3 5 8 9 10 23,4,1,4,0.9855927945614879,0.7333333333333333,0.4222222222222223,0.2510949977668472
CMNIST GSC,44,FedDiverse,47,0 1 2 3 4 5 8 9 13,3,2,4,0.9616745283253811,0.5555555555555556,0.37777777777777777,0.22717673153074047
CMNIST GSC,44,FedDiverse,48,0 1 2 3 4 5 8 9 10,3,2,4,0.9616745283253811,0.5555555555555556,0.37777777777777777,0.22717673153074047
CMNIST GSC,44,FedDiverse,49,0 2 3 4 5 8 9 19 23,4,2,3,0.9714468251785908,0.5555555555555556,0.40000000000000013,0.23694902838395016
CMNIST GSC,44,FedDiverse,50,0 1 2 3 5 7 8 9 23,3,2,4,0.997146467326023,0.9111111111111111,0.4444444444444444,0.2626486705313823
CMNIST GSC,44,FedDiverse,51,0 2 3 4 5 8 9 14 23,4,2,3,0.9714468251785908,0.5555555555555556,0.40000000000000013,0.23694902838395016
CMNIST GSC,44,FedDiverse,52,0 1 2 3 5 8 9 13 23,4,1,4,0.9855927945614879,0.7333333333333333,0.4222222222222223,0.2510949977668472
CMNIST GSC,44,FedDiverse,53,0 1 2 3 5 7 8 9 23,3,2,4,0.997146467326023,0.9111111111111111,0.4444444444444444,0.2626486705313823
CMNIST GSC,44,FedDiverse,54,0 1 3 4 5 8 9 10 23,4,2,3,0.9758204977082781,0.7333333333333333,0.40000000000000013,0.2413227009136374
CMNIST GSC,44,FedDiverse,55,0 1 2 3 5 8 9 16 23,4,1,4,0.9855927945614879,0.7333333333333333,0.4222222222222223,0.2510949977668472
CMNIST GSC,44,FedDiverse,56,1 2 3 4 5 8 9 22 23,4,2,3,0.9714468251785908,0.5555555555555556,0.40000000000000013,0.23694902838395016
CMNIST GSC,44,FedDiverse,57,1 2 3 4 5 8 9 13 23,4,2,3,0.9714468251785908,0.5555555555555556,0.40000000000000013,0.23694902838395016
CMNIST GSC,44,FedDiverse,58,2 3 4 5 8 9 16 20 23,5,2,2,0.9416012362823889,0.37777777777777777,0.3555555555555557,0.20710343948774823
CMNIST GSC,44,FedDiverse,59,1 2 3 4 5 8 9 21 23,4,2,3,0.9714468251785908,0.5555555555555556,0.40000000000000013,0.23694902838395016
CMNIST GSC,44,FedDiverse,60,0 1 2 3 5 8 9 10 13,4,1,4,0.950120855560846,0.5555555555555556,0.35555555555555557,0.21562305876620536
CMNIST GSC,44,FedDiverse,61,0 1 2 4 5 8 9 11 23,4,2,3,0.9758204977082781,0.7333333333333333,0.40000000000000013,0.2413227009136374
CMNIST GSC,44,FedDiverse,62,1 2 3 4 5 8 9 11 23,4,2,3,0.9714468251785908,0.5555555555555556,0.40000000000000013,0.23694902838395016
CMNIST GSC,44,FedDiverse,63,0 1 2 3 5 8 9 21 23,4,1,4,0.9855927945614879,0.7333333333333333,0.4222222222222223,0.2510949977668472
CMNIST GSC,44,FedDiverse,64,0 2 3 4 5 8 9 10 23,4,2,3,0.9714468251785908,0.5555555555555556,0.40000000000000013,0.23694902838395016
CMNIST GSC,44,FedDiverse,65,1 2 4 5 8 9 13 17 23,5,2,2,0.9616745283253811,0.5555555555555556,0.3777777777777778,0.22717673153074047
CMNIST GSC,44,FedDiverse,66,0 2 3 4 5 8 9 15 23,4,2,3,0.9714468251785908,0.5555555555555556,0.40000000000000013,0.23694902838395016
CMNIST GSC,44,FedDiverse,67,0 1 2 3 5 8 9 21 23,4,1,4,0.9855927945614879,0.7333333333333333,0.4222222222222223,0.2510949977668472
CMNIST GSC,44,FedDiverse,68,1 2 3 5 6 8 9 17 23,4,2,3,0.9855927945614877,0.7333333333333333,0.4222222222222223,0.2510949977668471
CMNIST GSC,44,FedDiverse,69,0 1 2 4 5 8 9 10 23,4,2,3,0.9758204977082781,0.7333333333333333,0.40000000000000013,0.2413227009136374
CMNIST GSC,44,FedDiverse,70,1 2 3 4 5 8 9 18 23,4,2,3,0.9714468251785908,0.5555555555555556,0.40000000000000013,0.23694902838395016
CMNIST GSC,44,FedDiverse,71,0 1 2 3 5 8 9 10 20,4,1,4,0.950120855560846,0.5555555555555556,0.35555555555555557,0.21562305876620536
CMNIST GSC,44,FedDiverse,72,0 1 2 4 5 8 9 10 23,4,2,3,0.9758204977082781,0.7333333333333333,0.40000000000000013,0.2413227009136374
CMNIST GSC,44,FedDiverse,73,0 1 2 3 5 8 9 20 23,4,1,4,0.9855927945614879,0.7333333333333333,0.4222222222222223,0.2510949977668472
CMNIST GSC,44,FedDiverse,74,0 1 2 3 4 5 8 9 15,3,2,4,0.9616745283253811,0.5555555555555556,0.37777777777777777,0.22717673153074047
CMNIST GSC,44,FedDiverse,75,0 2 3 4 5 8 9 20 23,4,2,3,0.9714468251785908,0.5555555555555556,0.40000000000000013,0.23694902838395016
CMNIST GSC,44,FedDiverse,76,0 1 2 3 5 8 9 20 23,4,1,4,0.9855927945614879,0.7333333333333333,0.4222222222222223,0.2510949977668472
CMNIST GSC,44,FedDiverse,77,0 1 2 3 5 8 9 10 15,4,1,4,0.950120855560846,0.5555555555555556,0.35555555555555557,0.21562305876620536
CMNIST GSC,44,FedDiverse,78,0 1 2 3 4 5 9 15 20,3,2,4,0.9616745283253811,0.5555555555555556,0.37777777777777777,0.22717673153074047
CMNIST GSC,44,FedDiverse,79,0 2 3 4 5 8 9 17 23,4,2,3,0.9714468251785908,0.5555555555555556,0.40000000000000013,0.23694902838395016
CMNIST GSC,44,FedDiverse,80,1 2 3 4 5 8 9 17 23,4,2,3,0.9714468251785908,0.5555555555555556,0.40000000000000013,0.23694902838395016
CMNIST GSC,44,FedDiverse,81,0 1 2 3 5 8 9 20 23,4,1,4,0.9855927945614879,0.7333333333333333,0.4222222222222223,0.2510949977668472
CMNIST GSC,44,FedDiverse,82,0 1 2 3 5 8 9 10 23,4,1,4,0.9855927945614879,0.7333333333333333,0.4222222222222223,0.2510949977668472
CMNIST GSC,44,FedDiverse,83,1 2 3 5 8 9 10 20 23,5,1,3,0.9661890521968094,0.5555555555555556,0.388888888888889,0.23169125540216873
CMNIST GSC,44,FedDiverse,84,0 1 2 4 5 8 9 11 23,4,2,3,0.9758204977082781,0.7333333333333333,0.40000000000000013,0.2413227009136374
CMNIST GSC,44,FedDiverse,85,1 2 3 4 5 8 9 17 23,4,2,3,0.9714468251785908,0.5555555555555556,0.40000000000000013,0.23694902838395016
CMNIST GSC,44,FedDiverse,86,0 1 2 3 5 8 9 10 23,4,1,4,0.9855927945614879,0.7333333333333333,0.4222222222222223,0.2510949977668472
CMNIST GSC,44,FedDiverse,87,0 1 2 3 4 5 8 9 13,3,2,4,0.9616745283253811,0.5555555555555556,0.37777777777777777,0.22717673153074047
CMNIST GSC,44,FedDiverse,88,0 1 2 3 5 8 9 10 14,4,1,4,0.950120855560846,0.5555555555555556,0.35555555555555557,0.21562305876620536
CMNIST GSC,44,FedDiverse,89,1 2 3 4 5 8 9 10 23,4,2,3,0.9714468251785908,0.5555555555555556,0.40000000000000013,0.23694902838395016
CMNIST GSC,44,FedDiverse,90,0 1 2 3 4 5 9 16 21,3,2,4,0.9616745283253811,0.5555555555555556,0.37777777777777777,0.22717673153074047
CMNIST GSC,44,FedDiverse,91,2 3 4 5 8 9 17 20 23,5,2,2,0.9416012362823889,0.37777777777777777,0.3555555555555557,0.20710343948774823
CMNIST GSC,44,FedDiverse,92,0 2 3 4 5 8 9 19 23,4,2,3,0.9714468251785908,0.5555555555555556,0.40000000000000013,0.23694902838395016
CMNIST GSC,44,FedDiverse,93,0 1 2 3 5 7 8 9 23,3,2,4,0.997146467326023,0.9111111111111111,0.4444444444444444,0.2626486705313823
CMNIST GSC,44,FedDiverse,94,0 1 2 3 5 8 9 17 23,4,1,4,0.9855927945614879,0.7333333333333333,0.4222222222222223,0.2510949977668472
CMNIST GSC,44,FedDiverse,95,1 2 3 4 5 8 9 10 23,4,2,3,0.9714468251785908,0.5555555555555556,0.40000000000000013,0.23694902838395016
CMNIST GSC,44,FedDiverse,96,0 1 2 4 5 8 9 10 23,4,2,3,0.9758204977082781,0.7333333333333333,0.40000000000000013,0.2413227009136374
CMNIST GSC,44,FedDiverse,97,0 2 3 5 8 9 10 14 23,5,1,3,0.9661890521968094,0.5555555555555556,0.388888888888889,0.23169125540216873
CMNIST GSC,44,FedDiverse,98,0 2 3 4 5 8 9 20 23,4,2,3,0.9714468251785908,0.5555555555555556,0.40000000000000013,0.23694902838395016
CMNIST GSC,44,FedDiverse,99,0 1 2 3 4 5 9 12 13,3,2,4,0.9616745283253811,0.5555555555555556,0.37777777777777777,0.22717673153074047
CMNIST GSC,44,FedDiverse,100,1 2 3 4 5 8 9 22 23,4,2,3,0.9714468251785908,0.5555555555555556,0.40000000000000013,0.23694902838395016
CMNIST GSC,44,FedDiverse,101,0 1 2 3 5 8 9 11 23,4,1,4,0.9855927945614879,0.7333333333333333,0.4222222222222223,0.2510949977668472
CMNIST GSC,44,FedDiverse,102,1 2 3 5 8 9 10 14 23,5,1,3,0.9661890521968094,0.5555555555555556,0.388888888888889,0.23169125540216873
CMNIST GSC,44,FedDiverse,103,0 2 3 4 5 6 8 9 23,3,3,3,0.9908505675432692,0.7333333333333333,0.4333333333333334,0.2563527707486285
CMNIST GSC,44,FedDiverse,104,1 2 3 4 5 8 9 13 23,4,2,3,0.9714468251785908,0.5555555555555556,0.40000000000000013,0.23694902838395016
CMNIST GSC,44,FedDiverse,105,0 1 2 3 4 5 6 9 13,2,3,4,0.9855927945614879,0.7333333333333333,0.4222222222222223,0.2510949977668472
CMNIST GSC,44,FedDiverse,106,0 1 2 3 4 6 8 9 10,3,2,4,0.9740391217969527,0.7333333333333333,0.4,0.23954132500231207
CMNIST GSC,44,FedDiverse,107,0 2 3 4 5 8 9 20 23,4,2,3,0.9714468251785908,0.5555555555555556,0.40000000000000013,0.23694902838395016
CMNIST GSC,44,FedDiverse,108,0 1 2 3 4 5 8 9 17,3,2,4,0.9616745283253811,0.5555555555555556,0.37777777777777777,0.22717673153074047
CMNIST GSC,44,FedDiverse,109,0 2 3 4 5 6 8 9 23,3,3,3,0.9908505675432692,0.7333333333333333,0.4333333333333334,0.2563527707486285
CMNIST GSC,44,FedDiverse,110,0 1 2 3 4 5 8 9 22,3,2,4,0.9616745283253811,0.5555555555555556,0.37777777777777777,0.22717673153074047
CMNIST GSC,44,FedDiverse,111,0 1 2 3 5 8 9 10 15,4,1,4,0.950120855560846,0.5555555555555556,0.35555555555555557,0.21562305876620536
CMNIST GSC,44,FedDiverse,112,0 1 2 3 4 5 8 9 17,3,2,4,0.9616745283253811,0.5555555555555556,0.37777777777777777,0.22717673153074047
CMNIST GSC,44,FedDiverse,113,0 1 2 3 5 8 9 13 23,4,1,4,0.9855927945614879,0.7333333333333333,0.4222222222222223,0.2510949977668472
CMNIST GSC,44,FedDiverse,114,1 2 3 4 5 8 9 16 23,4,2,3,0.9714468251785908,0.5555555555555556,0.40000000000000013,0.23694902838395016
CMNIST GSC,44,FedDiverse,115,0 2 3 4 5 8 9 12 23,4,2,3,0.9714468251785908,0.5555555555555556,0.40000000000000013,0.23694902838395016
CMNIST GSC,44,FedDiverse,116,0 2 3 4 5 8 9 12 23,4,2,3,0.9714468251785908,0.5555555555555556,0.40000000000000013,0.23694902838395016
CMNIST GSC,44,FedDiverse,117,0 2 3 4 5 8 9 10 23,4,2,3,0.9714468251785908,0.5555555555555556,0.40000000000000013,0.23694902838395016
CMNIST GSC,44,FedDiverse,118,0 1 2 4 5 8 9 20 23,4,2,3,0.9758204977082781,0.7333333333333333,0.40000000000000013,0.2413227009136374
CMNIST GSC,44,FedDiverse,119,0 1 2 3 4 5 8 9 16,3,2,4,0.9616745283253811,0.5555555555555556,0.37777777777777777,0.22717673153074047
CMNIST GSC,44,FedDiverse,120,0 1 2 3 5 8 9 14 23,4,1,4,0.9855927945614879,0.7333333333333333,0.4222222222222223,0.2510949977668472
CMNIST GSC,44,FedDiverse,121,0 1 2 4 5 8 9 21 23,4,2,3,0.9758204977082781,0.7333333333333333,0.40000000000000013,0.2413227009136374
CMNIST GSC,44,FedDiverse,122,0 1 2 3 4 5 8 9 20,3,2,4,0.9616745283253811,0.5555555555555556,0.37777777777777777,0.22717673153074047
CMNIST GSC,44,FedDiverse,123,1 2 3 5 8 9 20 21 23,5,1,3,0.9661890521968094,0.5555555555555556,0.388888888888889,0.23169125540216873
CMNIST GSC,44,FedDiverse,124,0 1 2 4 5 8 9 17 23,4,2,3,0.9758204977082781,0.7333333333333333,0.40000000000000013,0.2413227009136374
CMNIST GSC,44,FedDiverse,125,1 2 3 4 5 8 9 21 23,4,2,3,0.9714468251785908,0.5555555555555556,0.40000000000000013,0.23694902838395016
CMNIST GSC,44,FedDiverse,126,1 2 3 5 8 9 20 22 23,5,1,3,0.9661890521968094,0.5555555555555556,0.388888888888889,0.23169125540216873
CMNIST GSC,44,FedDiverse,127,1 2 3 4 5 8 9 13 23,4,2,3,0.9714468251785908,0.5555555555555556,0.40000000000000013,0.23694902838395016
CMNIST GSC,44,FedDiverse,128,1 2 3 5 8 9 12 20 23,5,1,3,0.9661890521968094,0.5555555555555556,0.388888888888889,0.23169125540216873
CMNIST GSC,44,FedDiverse,129,0 1 2 3 5 8 9 10 12,4,1,4,0.950120855560846,0.5555555555555556,0.35555555555555557,0.21562305876620536
CMNIST GSC,44,FedDiverse,130,0 1 2 3 4 5 8 9 23,3,2,4,0.9855927945614879,0.7333333333333333,0.4222222222222223,0.2510949977668472
CMNIST GSC,44,FedDiverse,131,0 2 3 4 5 8 9 20 23,4,2,3,0.9714468251785908,0.5555555555555556,0.40000000000000013,0.23694902838395016
CMNIST GSC,44,FedDiverse,132,1 2 3 4 5 6 8 9 23,3,3,3,0.9908505675432692,0.7333333333333333,0.4333333333333334,0.2563527707486285
CMNIST GSC,44,FedDiverse,133,0 1 2 3 5 8 9 17 23,4,1,4,0.9855927945614879,0.7333333333333333,0.4222222222222223,0.2510949977668472
CMNIST GSC,44,FedDiverse,134,0 1 2 4 5 8 9 18 23,4,2,3,0.9758204977082781,0.7333333333333333,0.40000000000000013,0.2413227009136374
CMNIST GSC,44,FedDiverse,135,0 1 2 3 5 6 8 9 23,3,2,4,0.997146467326023,0.9111111111111111,0.4444444444444444,0.2626486705313823
CMNIST GSC,44,FedDiverse,136,0 1 2 4 5 8 9 19 23,4,2,3,0.9758204977082781,0.7333333333333333,0.40000000000000013,0.2413227009136374
CMNIST GSC,44,FedDiverse,137,1 2 3 5 7 8 9 11 23,4,2,3,0.9855927945614877,0.7333333333333333,0.4222222222222223,0.2510949977668471
CMNIST GSC,44,FedDiverse,138,0 1 2 3 5 6 8 9 23,3,2,4,0.997146467326023,0.9111111111111111,0.4444444444444444,0.2626486705313823
CMNIST GSC,44,FedDiverse,139,0 1 2 3 4 5 8 9 22,3,2,4,0.9616745283253811,0.5555555555555556,0.37777777777777777,0.22717673153074047
CMNIST GSC,44,FedDiverse,140,0 1 2 3 4 5 6 8 9,2,3,4,0.9855927945614879,0.7333333333333333,0.4222222222222223,0.2510949977668472
CMNIST GSC,44,FedDiverse,141,0 1 2 3 5 8 9 11 23,4,1,4,0.9855927945614879,0.7333333333333333,0.4222222222222223,0.2510949977668472
CMNIST GSC,44,FedDiverse,142,0 1 2 3 5 8 9 19 23,4,1,4,0.9855927945614879,0.7333333333333333,0.4222222222222223,0.2510949977668472
CMNIST GSC,44,FedDiverse,143,0 1 2 3 5 8 9 17 23,4,1,4,0.9855927945614879,0.7333333333333333,0.4222222222222223,0.2510949977668472
CMNIST GSC,44,FedDiverse,144,1 2 3 4 5 8 9 18 23,4,2,3,0.9714468251785908,0.5555555555555556,0.40000000000000013,0.23694902838395016
CMNIST GSC,44,FedDiverse,145,0 1 2 4 5 7 8 9 23,3,3,3,0.9918886943442414,0.9111111111111111,0.4333333333333334,0.25739089754960076
CMNIST GSC,44,FedDiverse,146,0 1 2 3 5 8 9 10 23,4,1,4,0.9855927945614879,0.7333333333333333,0.4222222222222223,0.2510949977668472
CMNIST GSC,44,FedDiverse,147,0 1 2 4 5 8 9 22 23,4,2,3,0.9758204977082781,0.7333333333333333,0.40000000000000013,0.2413227009136374
CMNIST GSC,44,FedDiverse,148,1 2 3 5 8 9 14 15 23,5,1,3,0.9661890521968094,0.5555555555555556,0.388888888888889,0.23169125540216873
CMNIST GSC,44,FedDiverse,149,0 1 2 3 5 8 9 10 17,4,1,4,0.950120855560846,0.5555555555555556,0.35555555555555557,0.21562305876620536
CMNIST GSC,44,FedDiverse,150,0 2 3 4 5 6 8 9 23,3,3,3,0.9908505675432692,0.7333333333333333,0.4333333333333334,0.2563527707486285
CMNIST GSC,44,FedDiverse,151,0 1 2 4 5 8 9 14 23,4,2,3,0.9758204977082781,0.7333333333333333,0.40000000000000013,0.2413227009136374
CMNIST GSC,44,FedDiverse,152,1 2 3 4 5 8 9 16 23,4,2,3,0.9714468251785908,0.5555555555555556,0.40000000000000013,0.23694902838395016
CMNIST GSC,44,FedDiverse,153,0 2 3 4 5 8 9 21 23,4,2,3,0.9714468251785908,0.5555555555555556,0.40000000000000013,0.23694902838395016
CMNIST GSC,44,FedDiverse,154,1 2 3 4 5 8 9 10 23,4,2,3,0.9714468251785908,0.5555555555555556,0.40000000000000013,0.23694902838395016
CMNIST GSC,44,FedDiverse,155,0 2 3 4 5 8 9 10 23,4,2,3,0.9714468251785908,0.5555555555555556,0.40000000000000013,0.23694902838395016
CMNIST GSC,44,FedDiverse,156,0 1 2 3 5 8 9 16 23,4,1,4,0.9855927945614879,0.7333333333333333,0.4222222222222223,0.2510949977668472
CMNIST GSC,44,FedDiverse,157,0 2 3 4 5 8 9 10 23,4,2,3,0.9714468251785908,0.5555555555555556,0.40000000000000013,0.23694902838395016
CMNIST GSC,44,FedDiverse,158,1 2 4 5 8 9 13 15 23,5,2,2,0.9616745283253811,0.5555555555555556,0.3777777777777778,0.22717673153074047
CMNIST GSC,44,FedDiverse,159,1 2 3 4 5 6 8 9 15,3,3,3,0.9661890521968094,0.5555555555555556,0.38888888888888895,0.23169125540216873
CMNIST GSC,44,FedDiverse,160,0 1 2 3 5 8 9 10 21,4,1,4,0.950120855560846,0.5555555555555556,0.35555555555555557,0.21562305876620536
CMNIST GSC,44,FedDiverse,161,0 2 3 4 5 8 9 16 23,4,2,3,0.9714468251785908,0.5555555555555556,0.40000000000000013,0.23694902838395016
CMNIST GSC,44,FedDiverse,162,0 1 2 3 4 5 8 9 10,3,2,4,0.9616745283253811,0.5555555555555556,0.37777777777777777,0.22717673153074047
CMNIST GSC,44,FedDiverse,163,0 2 3 5 8 9 19 22 23,5,1,3,0.9661890521968094,0.5555555555555556,0.388888888888889,0.23169125540216873
CMNIST GSC,44,FedDiverse,164,0 1 2 3 5 8 9 20 23,4,1,4,0.9855927945614879,0.7333333333333333,0.4222222222222223,0.2510949977668472
CMNIST GSC,44,FedDiverse,165,1 2 3 5 7 8 9 17 23,4,2,3,0.9855927945614877,0.7333333333333333,0.4222222222222223,0.2510949977668471
CMNIST GSC,44,FedDiverse,166,0 2 3 4 5 8 9 15 23,4,2,3,0.9714468251785908,0.5555555555555556,0.40000000000000013,0.23694902838395016
CMNIST GSC,44,FedDiverse,167,0 1 2 3 5 8 9 19 23,4,1,4,0.9855927945614879,0.7333333333333333,0.4222222222222223,0.2510949977668472
CMNIST GSC,44,FedDiverse,168,0 1 2 3 5 8 9 21 23,4,1,4,0.9855927945614879,0.7333333333333333,0.4222222222222223,0.2510949977668472
CMNIST GSC,44,FedDiverse,169,0 2 3 4 5 8 9 12 23,4,2,3,0.9714468251785908,0.5555555555555556,0.40000000000000013,0.23694902838395016
CMNIST GSC,44,FedDiverse,170,0 1 2 3 5 8 9 14 23,4,1,4,0.9855927945614879,0.7333333333333333,0.4222222222222223,0.2510949977668472
CMNIST GSC,44,FedDiverse,171,0 1 2 3 5 8 9 20 23,4,1,4,0.9855927945614879,0.7333333333333333,0.4222222222222223,0.2510949977668472
CMNIST GSC,44,FedDiverse,172,1 2 3 4 5 8 9 11 23,4,2,3,0.9714468251785908,0.5555555555555556,0.40000000000000013,0.23694902838395016
CMNIST GSC,44,FedDiverse,173,0 1 2 3 5 8 9 12 23,4,1,4,0.9855927945614879,0.7333333333333333,0.4222222222222223,0.2510949977668472
CMNIST GSC,44,FedDiverse,174,0 2 3 4 5 8 9 16 23,4,2,3,0.9714468251785908,0.5555555555555556,0.40000000000000013,0.23694902838395016
CMNIST GSC,44,FedDiverse,175,0 1 2 3 5 7 8 9 10,3,2,4,0.9740391217969527,0.7333333333333333,0.4,0.23954132500231207
CMNIST GSC,44,FedDiverse,176,2 3 4 5 7 8 9 11 23,4,3,2,0.9714468251785908,0.5555555555555556,0.4000000000000001,0.23694902838395016
CMNIST GSC,44,FedDiverse,177,1 2 3 4 5 8 9 17 23,4,2,3,0.9714468251785908,0.5555555555555556,0.40000000000000013,0.23694902838395016
CMNIST GSC,44,FedDiverse,178,0 1 2 3 5 7 8 9 23,3,2,4,0.997146467326023,0.9111111111111111,0.4444444444444444,0.2626486705313823
CMNIST GSC,44,FedDiverse,179,0 1 2 3 4 5 8 9 15,3,2,4,0.9616745283253811,0.5555555555555556,0.37777777777777777,0.22717673153074047
CMNIST GSC,44,FedDiverse,180,1 2 3 4 5 8 9 15 23,4,2,3,0.9714468251785908,0.5555555555555556,0.40000000000000013,0.23694902838395016
CMNIST GSC,44,FedDiverse,181,1 2 3 4 5 8 9 15 23,4,2,3,0.9714468251785908,0.5555555555555556,0.40000000000000013,0.23694902838395016
CMNIST GSC,44,FedDiverse,182,0 2 3 4 5 6 8 9 23,3,3,3,0.9908505675432692,0.7333333333333333,0.4333333333333334,0.2563527707486285
CMNIST GSC,44,FedDiverse,183,0 1 2 3 5 8 9 12 23,4,1,4,0.9855927945614879,0.7333333333333333,0.4222222222222223,0.2510949977668472
CMNIST GSC,44,FedDiverse,184,0 2 3 4 5 8 9 10 23,4,2,3,0.9714468251785908,0.5555555555555556,0.40000000000000013,0.23694902838395016
CMNIST GSC,44,FedDiverse,185,1 2 3 4 5 8 9 20 23,4,2,3,0.9714468251785908,0.5555555555555556,0.40000000000000013,0.23694902838395016
CMNIST GSC,44,FedDiverse,186,1 2 3 4 5 8 9 16 23,4,2,3,0.9714468251785908,0.5555555555555556,0.40000000000000013,0.23694902838395016
CMNIST GSC,44,FedDiverse,187,0 1 2 3 5 8 9 10 13,4,1,4,0.950120855560846,0.5555555555555556,0.35555555555555557,0.21562305876620536
CMNIST GSC,44,FedDiverse,188,1 2 3 4 5 6 8 9 23,3,3,3,0.9908505675432692,0.7333333333333333,0.4333333333333334,0.2563527707486285
CMNIST GSC,44,FedDiverse,189,1 2 3 4 5 8 9 13 23,4,2,3,0.9714468251785908,0.5555555555555556,0.40000000000000013,0.23694902838395016
CMNIST GSC,44,FedDiverse,190,0 1 2 3 5 8 9 15 23,4,1,4,0.9855927945614879,0.7333333333333333,0.4222222222222223,0.2510949977668472
CMNIST GSC,44,FedDiverse,191,0 1 2 3 5 8 9 16 23,4,1,4,0.9855927945614879,0.7333333333333333,0.4222222222222223,0.2510949977668472
CMNIST GSC,44,FedDiverse,192,0 1 2 3 4 5 8 9 23,3,2,4,0.9855927945614879,0.7333333333333333,0.4222222222222223,0.2510949977668472
CMNIST GSC,44,FedDiverse,193,1 2 3 4 5 8 9 16 23,4,2,3,0.9714468251785908,0.5555555555555556,0.40000000000000013,0.23694902838395016
CMNIST GSC,44,FedDiverse,194,0 1 2 4 5 8 9 20 23,4,2,3,0.9758204977082781,0.7333333333333333,0.40000000000000013,0.2413227009136374
CMNIST GSC,44,FedDiverse,195,0 1 2 3 5 8 9 10 16,4,1,4,0.950120855560846,0.5555555555555556,0.35555555555555557,0.21562305876620536
CMNIST GSC,44,FedDiverse,196,0 1 2 3 5 8 9 13 23,4,1,4,0.9855927945614879,0.7333333333333333,0.4222222222222223,0.2510949977668472
CMNIST GSC,44,FedDiverse,197,0 1 2 4 5 8 9 11 23,4,2,3,0.9758204977082781,0.7333333333333333,0.40000000000000013,0.2413227009136374
CMNIST GSC,44,FedDiverse,198,0 2 3 4 5 8 9 21 23,4,2,3,0.9714468251785908,0.5555555555555556,0.40000000000000013,0.23694902838395016
CMNIST GSC,44,FedDiverse,199,2 3 4 5 8 9 21 22 23,5,2,2,0.9416012362823889,0.37777777777777777,0.3555555555555557,0.20710343948774823
CMNIST GSC,42,Random,1,2 6 8 11 13 16 19 21 23,7,1,1,0.922246734013816,0.5555555555555556,0.30000000000000004,0.1877489372191753
CMNIST GSC,42,Random,2,1 2 7 9 13 18 19 21 22,6,1,2,0.8878866212461854,0.37777777777777777,0.24444444444444446,0.15338882445154478
CMNIST GSC,42,Random,3,2 5 11 12 15 17 19 20 22,7,1,1,0.8338706721819724,0.2,0.16666666666666666,0.09937287538733175
CMNIST GSC,42,Random,4,3 5 8 9 13 18 21 22 23,7,1,1,0.9157607427932156,0.37777777777777777,0.30000000000000004,0.18126294599857495
CMNIST GSC,42,Random,5,2 5 8 11 16 18 21 22 23,7,1,1,0.9157607427932156,0.37777777777777777,0.30000000000000004,0.18126294599857495
CMNIST GSC,42,Random,6,3 7 10 12 13 15 18 19 22,7,1,1,0.8460501740453493,0.37777777777777777,0.16666666666666666,0.11155237725070866
CMNIST GSC,42,Random,7,1 3 4 10 12 14 17 21 23,6,1,2,0.950120855560846,0.5555555555555556,0.3555555555555556,0.21562305876620536
CMNIST GSC,42,Random,8,0 1 3 10 13 14 16 18 22,6,0,3,0.8878866212461854,0.37777777777777777,0.24444444444444446,0.15338882445154478
CMNIST GSC,42,Random,9,3 4 5 9 15 16 18 19 23,6,2,1,0.931828939429179,0.37777777777777777,0.3333333333333334,0.19733114263453833
CMNIST GSC,42,Random,10,3 5 8 11 12 13 15 16 18,7,1,1,0.8338706721819724,0.2,0.16666666666666666,0.09937287538733175
CMNIST GSC,42,Random,11,0 4 6 8 12 18 19 20 21,6,2,1,0.8878866212461854,0.37777777777777777,0.24444444444444446,0.15338882445154478
CMNIST GSC,42,Random,12,0 2 6 8 16 17 18 20 22,6,1,2,0.8878866212461854,0.37777777777777777,0.24444444444444446,0.15338882445154478
CMNIST GSC,42,Random,13,0 3 4 5 9 10 13 17 22,5,2,2,0.9118048874822922,0.37777777777777777,0.2888888888888889,0.1773070906876515
CMNIST GSC,42,Random,14,4 6 8 10 12 14 18 21 23,7,2,0,0.9262025893247393,0.5555555555555556,0.31111111111111117,0.19170479253009864
CMNIST GSC,42,Random,15,2 4 5 6 9 11 17 20 21,5,3,1,0.9157607427932156,0.37777777777777777,0.30000000000000004,0.18126294599857495
CMNIST GSC,42,Random,16,1 5 6 9 13 16 19 22 23,6,2,1,0.950120855560846,0.5555555555555556,0.3555555555555556,0.21562305876620536
CMNIST GSC,42,Random,17,3 8 10 11 12 14 17 20 21,8,0,1,0.7920342249811362,0.2,0.08888888888888889,0.057536428186495514
CMNIST GSC,42,Random,18,1 2 7 10 13 14 16 21 23,6,1,2,0.950120855560846,0.5555555555555556,0.3555555555555556,0.21562305876620536
CMNIST GSC,42,Random,19,1 2 3 5 6 8 16 17 18,4,2,3,0.950120855560846,0.5555555555555556,0.35555555555555557,0.21562305876620536
CMNIST GSC,42,Random,20,0 7 8 14 17 18 19 20 23,7,1,1,0.9157607427932156,0.37777777777777777,0.30000000000000004,0.18126294599857495
CMNIST GSC,42,Random,21,2 7 10 11 12 14 16 17 20,7,1,1,0.8460501740453493,0.37777777777777777,0.16666666666666666,0.11155237725070866
CMNIST GSC,42,Random,22,9 11 13 14 15 17 18 20 22,9,0,0,0.7344977967946407,0.2,0.0,0.0
CMNIST GSC,42,Random,23,1 6 7 9 11 13 18 20 21,6,2,1,0.8617447937290025,0.2,0.2222222222222222,0.1272469969343618
CMNIST GSC,42,Random,24,1 2 4 5 7 10 16 17 20,4,3,2,0.950120855560846,0.5555555555555556,0.35555555555555557,0.21562305876620536
CMNIST GSC,42,Random,25,0 4 6 7 8 10 12 16 21,5,3,1,0.9157607427932156,0.37777777777777777,0.30000000000000004,0.18126294599857495
CMNIST GSC,42,Random,26,3 5 11 17 18 19 20 21 23,7,1,1,0.9157607427932156,0.37777777777777777,0.30000000000000004,0.18126294599857495
CMNIST GSC,42,Random,27,2 7 9 11 13 14 17 20 23,7,1,1,0.922246734013816,0.5555555555555556,0.30000000000000004,0.1877489372191753
CMNIST GSC,42,Random,28,0 1 2 4 9 15 16 17 18,5,1,3,0.9222467340138158,0.5555555555555556,0.30000000000000004,0.18774893721917518
CMNIST GSC,42,Random,29,0 3 5 8 10 11 12 18 21,6,1,2,0.8878866212461854,0.37777777777777777,0.24444444444444446,0.15338882445154478
CMNIST GSC,42,Random,30,0 1 5 6 15 17 18 21 23,5,2,2,0.9616745283253811,0.5555555555555556,0.3777777777777779,0.22717673153074047
CMNIST GSC,42,Random,31,8 12 13 15 16 18 19 22 23,9,0,0,0.8495706531676317,0.37777777777777777,0.17777777777777776,0.11507285637299103
CMNIST GSC,42,Random,32,3 4 5 7 8 9 14 18 23,5,3,1,0.9661890521968094,0.5555555555555556,0.388888888888889,0.23169125540216873
CMNIST GSC,42,Random,33,4 5 6 11 13 14 19 21 23,6,3,0,0.950120855560846,0.5555555555555556,0.3555555555555557,0.21562305876620536
CMNIST GSC,42,Random,34,0 2 7 8 12 13 20 21 22,6,1,2,0.8878866212461854,0.37777777777777777,0.24444444444444446,0.15338882445154478
CMNIST GSC,42,Random,35,2 7 12 13 15 16 20 21 23,7,1,1,0.922246734013816,0.5555555555555556,0.30000000000000004,0.1877489372191753
CMNIST GSC,42,Random,36,3 4 6 7 8 14 15 19 21,5,3,1,0.922246734013816,0.5555555555555556,0.30000000000000004,0.1877489372191753
CMNIST GSC,42,Random,37,0 6 7 10 11 12 13 19 20,6,2,1,0.8617447937290025,0.2,0.2222222222222222,0.1272469969343618
CMNIST GSC,42,Random,38,5 6 10 11 17 19 20 21 22,7,2,0,0.8495706531676317,0.37777777777777777,0.17777777777777778,0.11507285637299103
CMNIST GSC,42,Random,39,2 7 10 12 15 16 19 21 22,7,1,1,0.8460501740453493,0.37777777777777777,0.16666666666666666,0.11155237725070866
CMNIST GSC,42,Random,40,1 4 10 12 13 14 16 17 18,7,1,1,0.8460501740453493,0.37777777777777777,0.16666666666666666,0.11155237725070866
CMNIST GSC,42,Random,41,0 1 3 7 9 10 16 17 22,5,1,3,0.9157607427932156,0.37777777777777777,0.30000000000000004,0.18126294599857495
CMNIST GSC,42,Random,42,4 8 10 11 15 17 18 19 23,8,1,0,0.8878866212461854,0.37777777777777777,0.24444444444444446,0.15338882445154478
CMNIST GSC,42,Random,43,1 2 9 10 11 17 18 19 20,7,0,2,0.8495706531676317,0.37777777777777777,0.17777777777777778,0.11507285637299103
CMNIST GSC,42,Random,44,1 2 6 16 17 18 19 20 21,6,1,2,0.8878866212461854,0.37777777777777777,0.24444444444444446,0.15338882445154478
CMNIST GSC,42,Random,45,4 7 11 12 14 17 18 19 22,7,2,0,0.8495706531676317,0.37777777777777777,0.17777777777777778,0.11507285637299103
CMNIST GSC,42,Random,46,1 5 11 12 15 16 17 20 23,7,1,1,0.9222467340138158,0.5555555555555556,0.30000000000000004,0.18774893721917518
CMNIST GSC,42,Random,47,1 3 6 8 9 14 16 17 23,6,1,2,0.950120855560846,0.5555555555555556,0.3555555555555556,0.21562305876620536
CMNIST GSC,42,Random,48,0 3 6 8 11 12 13 21 22,6,1,2,0.8878866212461854,0.37777777777777777,0.24444444444444446,0.15338882445154478
CMNIST GSC,42,Random,49,0 1 4 5 7 11 15 17 18,4,3,2,0.9416504763784942,0.5555555555555556,0.3333333333333333,0.20715267958385353
CMNIST GSC,42,Random,50,0 1 2 3 4 9 14 15 21,4,1,4,0.950120855560846,0.5555555555555556,0.35555555555555557,0.21562305876620536
CMNIST GSC,42,Random,51,1 4 6 7 8 12 13 18 21,5,3,1,0.9157607427932156,0.37777777777777777,0.30000000000000004,0.18126294599857495
CMNIST GSC,42,Random,52,3 7 8 10 12 15 17 20 22,7,1,1,0.8460501740453493,0.37777777777777777,0.16666666666666666,0.11155237725070866
CMNIST GSC,42,Random,53,0 2 5 6 13 15 16 20 21,5,2,2,0.9262025893247393,0.5555555555555556,0.3111111111111111,0.19170479253009864
CMNIST GSC,42,Random,54,1 2 3 7 9 11 14 15 21,5,1,3,0.922246734013816,0.5555555555555556,0.30000000000000004,0.1877489372191753
CMNIST GSC,42,Random,55,1 6 8 10 11 12 14 16 21,7,1,1,0.8338706721819722,0.2,0.16666666666666666,0.09937287538733153
CMNIST GSC,42,Random,56,1 2 5 6 7 9 12 17 20,4,3,2,0.950120855560846,0.5555555555555556,0.35555555555555557,0.21562305876620536
CMNIST GSC,42,Random,57,1 2 7 10 11 13 21 22 23,6,1,2,0.950120855560846,0.5555555555555556,0.3555555555555556,0.21562305876620536
CMNIST GSC,42,Random,58,3 5 6 13 14 18 20 22 23,6,2,1,0.950120855560846,0.5555555555555556,0.3555555555555556,0.21562305876620536
CMNIST GSC,42,Random,59,1 2 3 5 6 7 17 19 21,3,3,3,0.9695245979255244,0.7333333333333333,0.38888888888888895,0.2350268011308837
CMNIST GSC,42,Random,60,0 2 4 5 6 10 19 22 23,4,3,2,0.9855927945614879,0.7333333333333333,0.4222222222222223,0.2510949977668472
CMNIST GSC,42,Random,61,0 4 6 9 10 13 15 16 20,6,2,1,0.8878866212461854,0.37777777777777777,0.24444444444444446,0.15338882445154478
CMNIST GSC,42,Random,62,5 8 10 12 15 16 19 20 23,8,1,0,0.8878866212461854,0.37777777777777777,0.24444444444444446,0.15338882445154478
CMNIST GSC,42,Random,63,2 3 9 13 15 16 18 22 23,7,0,2,0.9118048874822923,0.37777777777777777,0.288888888888889,0.1773070906876516
CMNIST GSC,42,Random,64,2 3 9 10 13 15 18 20 21,7,0,2,0.8303501930596899,0.2,0.15555555555555556,0.09585239626504927
CMNIST GSC,42,Random,65,1 3 8 9 13 15 19 20 22,7,0,2,0.8495706531676317,0.37777777777777777,0.17777777777777778,0.11507285637299103
CMNIST GSC,42,Random,66,0 1 7 8 9 10 12 14 19,6,1,2,0.8617447937290025,0.2,0.2222222222222222,0.1272469969343618
CMNIST GSC,42,Random,67,0 1 2 7 8 14 15 19 22,5,1,3,0.9157607427932156,0.37777777777777777,0.30000000000000004,0.18126294599857495
CMNIST GSC,42,Random,68,0 1 5 7 10 12 13 15 19,5,2,2,0.9118048874822922,0.37777777777777777,0.288888888888889,0.1773070906876515
CMNIST GSC,42,Random,69,1 2 3 4 10 11 17 19 23,5,1,3,0.9661890521968094,0.5555555555555556,0.388888888888889,0.23169125540216873
CMNIST GSC,42,Random,70,1 2 8 13 15 19 20 21 23,7,0,2,0.9262025893247393,0.5555555555555556,0.31111111111111117,0.19170479253009864
CMNIST GSC,42,Random,71,4 8 10 12 14 15 16 18 20,8,1,0,0.7920342249811362,0.2,0.08888888888888889,0.057536428186495514
CMNIST GSC,42,Random,72,1 3 4 9 12 15 16 18 22,6,1,2,0.8878866212461854,0.37777777777777777,0.24444444444444446,0.15338882445154478
CMNIST GSC,42,Random,73,7 9 10 11 12 14 17 18 22,8,1,0,0.7920342249811362,0.2,0.08888888888888889,0.057536428186495514
CMNIST GSC,42,Random,74,4 8 9 10 14 15 16 17 21,8,1,0,0.7920342249811362,0.2,0.08888888888888889,0.057536428186495514
CMNIST GSC,42,Random,75,5 6 7 9 10 12 19 20 22,6,3,0,0.8878866212461854,0.37777777777777777,0.24444444444444446,0.15338882445154478
CMNIST GSC,42,Random,76,2 5 8 9 10 14 15 16 20,7,1,1,0.8338706721819724,0.2,0.16666666666666666,0.09937287538733175
CMNIST GSC,42,Random,77,1 3 5 7 12 13 16 19 21,5,2,2,0.9262025893247393,0.5555555555555556,0.3111111111111111,0.19170479253009864
CMNIST GSC,42,Random,78,1 4 5 6 7 11 16 18 19,4,4,1,0.950120855560846,0.5555555555555556,0.35555555555555557,0.21562305876620536
CMNIST GSC,42,Random,79,3 4 10 13 14 16 21 22 23,7,1,1,0.9157607427932156,0.37777777777777777,0.30000000000000004,0.18126294599857495
CMNIST GSC,42,Random,80,0 1 2 5 8 9 11 18 23,5,1,3,0.9695245979255244,0.7333333333333333,0.388888888888889,0.2350268011308837
CMNIST GSC,42,Random,81,0 1 4 8 15 16 18 19 20,6,1,2,0.8804102868129797,0.37777777777777777,0.2222222222222222,0.14591249001833906
CMNIST GSC,42,Random,82,0 2 5 7 10 13 18 21 22,5,2,2,0.9262025893247393,0.5555555555555556,0.3111111111111111,0.19170479253009864
CMNIST GSC,42,Random,83,3 5 8 9 15 16 17 21 22,7,1,1,0.8338706721819724,0.2,0.16666666666666666,0.09937287538733175
CMNIST GSC,42,Random,84,1 4 14 17 18 19 20 21 22,7,1,1,0.8460501740453493,0.37777777777777777,0.16666666666666666,0.11155237725070866
CMNIST GSC,42,Random,85,4 5 9 11 12 13 16 21 23,7,2,0,0.9118048874822922,0.37777777777777777,0.288888888888889,0.1773070906876515
CMNIST GSC,42,Random,86,0 2 4 5 6 8 14 20 23,4,3,2,0.9855927945614879,0.7333333333333333,0.4222222222222223,0.2510949977668472
CMNIST GSC,42,Random,87,0 6 10 11 17 19 21 22 23,7,1,1,0.9157607427932156,0.37777777777777777,0.30000000000000004,0.18126294599857495
CMNIST GSC,42,Random,88,5 8 12 13 15 18 20 21 23,8,1,0,0.8878866212461854,0.37777777777777777,0.24444444444444446,0.15338882445154478
CMNIST GSC,42,Random,89,2 8 14 16 17 19 20 21 22,8,0,1,0.7920342249811362,0.2,0.08888888888888889,0.057536428186495514
CMNIST GSC,42,Random,90,0 3 4 8 9 14 15 17 23,6,1,2,0.950120855560846,0.5555555555555556,0.3555555555555556,0.21562305876620536
CMNIST GSC,42,Random,91,3 4 5 8 12 18 19 21 22,6,2,1,0.8617447937290025,0.2,0.2222222222222222,0.1272469969343618
CMNIST GSC,42,Random,92,0 3 8 12 15 17 18 21 22,7,0,2,0.8495706531676317,0.37777777777777777,0.17777777777777778,0.11507285637299103
CMNIST GSC,42,Random,93,2 10 11 12 14 17 19 20 23,8,0,1,0.8878866212461856,0.37777777777777777,0.24444444444444446,0.1533888244515449
CMNIST GSC,42,Random,94,0 1 4 8 15 17 19 20 22,6,1,2,0.8804102868129797,0.37777777777777777,0.2222222222222222,0.14591249001833906
CMNIST GSC,42,Random,95,0 1 5 8 15 16 19 22 23,6,1,2,0.9416504763784942,0.5555555555555556,0.3333333333333334,0.20715267958385353
CMNIST GSC,42,Random,96,2 3 9 11 15 19 20 21 22,7,0,2,0.8303501930596899,0.2,0.15555555555555556,0.09585239626504927
CMNIST GSC,42,Random,97,3 4 7 9 11 12 17 19 20,6,2,1,0.8878866212461856,0.37777777777777777,0.24444444444444446,0.1533888244515449
CMNIST GSC,42,Random,98,0 2 7 11 14 15 18 19 20,6,1,2,0.8878866212461854,0.37777777777777777,0.24444444444444446,0.15338882445154478
CMNIST GSC,42,Random,99,2 4 6 7 8 11 12 17 18,5,3,1,0.922246734013816,0.5555555555555556,0.30000000000000004,0.1877489372191753
CMNIST GSC,42,Random,100,0 1 2 12 13 16 19 20 22,6,0,3,0.8878866212461854,0.37777777777777777,0.24444444444444446,0.15338882445154478
CMNIST GSC,42,Random,101,1 3 4 8 11 13 16 17 21,6,1,2,0.8878866212461854,0.37777777777777777,0.24444444444444446,0.15338882445154478
CMNIST GSC,42,Random,102,1 2 7 11 14 15 19 20 23,6,1,2,0.950120855560846,0.5555555555555556,0.3555555555555556,0.21562305876620536
CMNIST GSC,42,Random,103,0 2 3 7 8 15 18 20 21,5,1,3,0.922246734013816,0.5555555555555556,0.30000000000000004,0.1877489372191753
CMNIST GSC,42,Random,104,1 10 11 15 16 17 20 21 23,8,0,1,0.8878866212461854,0.37777777777777777,0.24444444444444446,0.15338882445154478
CMNIST GSC,42,Random,105,4 5 9 11 13 14 15 18 19,7,2,0,0.8303501930596899,0.2,0.15555555555555556,0.09585239626504927
CMNIST GSC,42,Random,106,0 3 4 5 8 10 14 20 21,5,2,2,0.9118048874822922,0.37777777777777777,0.2888888888888889,0.1773070906876515
CMNIST GSC,42,Random,107,1 2 3 4 6 15 16 18 22,4,2,3,0.950120855560846,0.5555555555555556,0.35555555555555557,0.21562305876620536
CMNIST GSC,42,Random,108,1 2 4 8 10 12 16 19 23,6,1,2,0.950120855560846,0.5555555555555556,0.3555555555555556,0.21562305876620536
CMNIST GSC,42,Random,109,6 8 9 14 15 16 19 21 22,8,1,0,0.7920342249811362,0.2,0.08888888888888889,0.057536428186495514
CMNIST GSC,42,Random,110,0 3 5 6 8 16 19 20 21,5,2,2,0.9262025893247393,0.5555555555555556,0.3111111111111111,0.19170479253009864
CMNIST GSC,42,Random,111,0 1 2 6 11 14 18 21 22,5,1,3,0.9157607427932156,0.37777777777777777,0.30000000000000004,0.18126294599857495
CMNIST GSC,42,Random,112,0 1 4 6 7 15 17 19 23,4,3,2,0.9714468251785908,0.5555555555555556,0.4000000000000001,0.23694902838395016
CMNIST GSC,42,Random,113,4 8 11 12 15 18 20 21 22,8,1,0,0.7920342249811362,0.2,0.08888888888888889,0.057536428186495514
CMNIST GSC,42,Random,114,0 2 6 9 13 14 16 17 23,6,1,2,0.950120855560846,0.5555555555555556,0.3555555555555556,0.21562305876620536
CMNIST GSC,42,Random,115,1 2 8 13 14 15 19 21 23,7,0,2,0.9262025893247393,0.5555555555555556,0.31111111111111117,0.19170479253009864
CMNIST GSC,42,Random,116,1 6 7 12 13 14 15 20 22,6,2,1,0.8617447937290025,0.2,0.2222222222222222,0.1272469969343618
CMNIST GSC,42,Random,117,0 1 4 6 8 10 14 19 20,5,2,2,0.9118048874822922,0.37777777777777777,0.288888888888889,0.1773070906876515
CMNIST GSC,42,Random,118,1 4 8 12 14 16 17 18 19,7,1,1,0.8460501740453493,0.37777777777777777,0.16666666666666666,0.11155237725070866
CMNIST GSC,42,Random,119,0 3 7 9 12 13 14 16 23,6,1,2,0.950120855560846,0.5555555555555556,0.3555555555555556,0.21562305876620536
CMNIST GSC,42,Random,120,4 7 9 11 13 15 18 21 23,7,2,0,0.9262025893247393,0.5555555555555556,0.31111111111111117,0.19170479253009864
CMNIST GSC,42,Random,121,0 3 10 11 14 15 17 18 20,7,0,2,0.8495706531676317,0.37777777777777777,0.17777777777777778,0.11507285637299103
CMNIST GSC,42,Random,122,1 9 13 14 15 19 20 21 22,8,0,1,0.7920342249811362,0.2,0.08888888888888889,0.057536428186495514
CMNIST GSC,42,Random,123,5 6 7 8 9 11 13 16 20,6,3,0,0.8878866212461854,0.37777777777777777,0.24444444444444446,0.15338882445154478
CMNIST GSC,42,Random,124,2 3 7 8 9 16 19 20 21,6,1,2,0.8804102868129797,0.37777777777777777,0.2222222222222222,0.14591249001833906
CMNIST GSC,42,Random,125,0 1 3 9 11 15 17 21 23,6,0,3,0.950120855560846,0.5555555555555556,0.3555555555555557,0.21562305876620536
CMNIST GSC,42,Random,126,1 6 7 8 9 12 14 21 22,6,2,1,0.8617447937290025,0.2,0.2222222222222222,0.1272469969343618
CMNIST GSC,42,Random,127,2 4 5 10 11 12 13 17 18,6,2,1,0.8617447937290025,0.2,0.2222222222222222,0.1272469969343618
CMNIST GSC,42,Random,128,1 2 3 7 8 10 12 15 19,5,1,3,0.922246734013816,0.5555555555555556,0.30000000000000004,0.1877489372191753
CMNIST GSC,42,Random,129,0 2 3 4 11 17 19 22 23,5,1,3,0.9661890521968094,0.5555555555555556,0.388888888888889,0.23169125540216873
CMNIST GSC,42,Random,130,5 7 11 14 17 19 21 22 23,7,2,0,0.9262025893247393,0.5555555555555556,0.31111111111111117,0.19170479253009864
CMNIST GSC,42,Random,131,1 7 8 12 14 16 19 20 23,7,1,1,0.9157607427932156,0.37777777777777777,0.30000000000000004,0.18126294599857495
CMNIST GSC,42,Random,132,5 8 10 15 17 18 19 22 23,8,1,0,0.8878866212461854,0.37777777777777777,0.24444444444444446,0.15338882445154478
CMNIST GSC,42,Random,133,7 9 10 12 15 16 18 21 23,8,1,0,0.8878866212461854,0.37777777777777777,0.24444444444444446,0.15338882445154478
CMNIST GSC,42,Random,134,0 3 4 8 11 12 13 16 23,6,1,2,0.950120855560846,0.5555555555555556,0.3555555555555556,0.21562305876620536
CMNIST GSC,42,Random,135,2 6 11 13 15 16 18 20 22,7,1,1,0.8460501740453493,0.37777777777777777,0.16666666666666666,0.11155237725070866
CMNIST GSC,42,Random,136,0 1 2 8 11 14 17 22 23,6,0,3,0.950120855560846,0.5555555555555556,0.3555555555555557,0.21562305876620536
CMNIST GSC,42,Random,137,7 9 12 13 18 19 20 21 22,8,1,0,0.7920342249811362,0.2,0.08888888888888889,0.057536428186495514
CMNIST GSC,42,Random,138,4 5 6 7 9 11 16 20 21,5,4,0,0.9262025893247393,0.5555555555555556,0.3111111111111111,0.19170479253009864
CMNIST GSC,42,Random,139,3 6 7 9 13 17 19 20 22,6,2,1,0.8804102868129797,0.37777777777777777,0.2222222222222222,0.14591249001833906
CMNIST GSC,42,Random,140,0 3 5 6 7 10 11 21 22,4,3,2,0.950120855560846,0.5555555555555556,0.35555555555555557,0.21562305876620536
CMNIST GSC,42,Random,141,0 3 6 9 16 17 19 21 23,6,1,2,0.950120855560846,0.5555555555555556,0.3555555555555556,0.21562305876620536
CMNIST GSC,42,Random,142,8 9 10 11 14 17 19 20 22,9,0,0,0.7344977967946407,0.2,0.0,0.0
CMNIST GSC,42,Random,143,3 5 7 8 11 16 18 19 23,6,2,1,0.950120855560846,0.5555555555555556,0.3555555555555556,0.21562305876620536
CMNIST GSC,42,Random,144,2 8 10 12 13 14 15 16 22,8,0,1,0.7920342249811362,0.2,0.08888888888888889,0.057536428186495514
CMNIST GSC,42,Random,145,0 1 2 3 7 11 12 16 21,4,1,4,0.950120855560846,0.5555555555555556,0.35555555555555557,0.21562305876620536
CMNIST GSC,42,Random,146,1 2 3 12 13 14 15 17 21,6,0,3,0.8878866212461856,0.37777777777777777,0.24444444444444446,0.1533888244515449
CMNIST GSC,42,Random,147,9 10 11 12 15 16 17 18 20,9,0,0,0.7344977967946407,0.2,0.0,0.0
CMNIST GSC,42,Random,148,2 3 5 11 14 15 17 21 23,6,1,2,0.931828939429179,0.37777777777777777,0.3333333333333334,0.19733114263453833
CMNIST GSC,42,Random,149,1 2 7 8 9 10 13 15 20,6,1,2,0.8878866212461854,0.37777777777777777,0.24444444444444446,0.15338882445154478
CMNIST GSC,42,Random,150,2 4 5 9 15 16 20 22 23,6,2,1,0.931828939429179,0.37777777777777777,0.3333333333333334,0.19733114263453833
CMNIST GSC,42,Random,151,3 5 6 10 15 18 19 22 23,6,2,1,0.950120855560846,0.5555555555555556,0.3555555555555556,0.21562305876620536
CMNIST GSC,42,Random,152,1 4 5 6 7 11 12 16 21,4,4,1,0.950120855560846,0.5555555555555556,0.35555555555555557,0.21562305876620536
CMNIST GSC,42,Random,153,8 12 14 15 18 20 21 22 23,9,0,0,0.8495706531676317,0.37777777777777777,0.17777777777777776,0.11507285637299103
CMNIST GSC,42,Random,154,3 5 8 9 12 13 16 18 21,7,1,1,0.8338706721819724,0.2,0.16666666666666666,0.09937287538733175
CMNIST GSC,42,Random,155,5 8 10 11 14 17 19 21 23,8,1,0,0.8878866212461854,0.37777777777777777,0.24444444444444446,0.15338882445154478
CMNIST GSC,42,Random,156,2 3 9 12 13 14 18 19 22,7,0,2,0.8303501930596899,0.2,0.15555555555555556,0.09585239626504927
CMNIST GSC,42,Random,157,0 1 2 6 8 10 11 12 13,5,1,3,0.9157607427932156,0.37777777777777777,0.30000000000000004,0.18126294599857495
CMNIST GSC,42,Random,158,0 3 7 8 9 10 15 17 20,6,1,2,0.8878866212461854,0.37777777777777777,0.24444444444444446,0.15338882445154478
CMNIST GSC,42,Random,159,2 3 7 8 18 19 20 21 23,6,1,2,0.9416504763784943,0.5555555555555556,0.3333333333333334,0.20715267958385364
CMNIST GSC,42,Random,160,1 2 4 6 7 11 12 15 21,4,3,2,0.950120855560846,0.5555555555555556,0.35555555555555557,0.21562305876620536
CMNIST GSC,42,Random,161,4 5 7 8 12 13 14 22 23,6,3,0,0.950120855560846,0.5555555555555556,0.3555555555555557,0.21562305876620536
CMNIST GSC,42,Random,162,3 5 9 10 12 14 18 19 21,7,1,1,0.8338706721819724,0.2,0.16666666666666666,0.09937287538733175
CMNIST GSC,42,Random,163,0 4 6 8 10 16 17 18 19,6,2,1,0.8878866212461854,0.37777777777777777,0.24444444444444446,0.15338882445154478
CMNIST GSC,42,Random,164,3 4 5 6 8 9 18 20 21,5,3,1,0.9157607427932156,0.37777777777777777,0.30000000000000004,0.18126294599857495
CMNIST GSC,42,Random,165,6 12 13 15 17 18 20 22 23,8,1,0,0.8878866212461854,0.37777777777777777,0.24444444444444446,0.15338882445154478
CMNIST GSC,42,Random,166,0 4 6 7 8 12 16 17 20,5,3,1,0.9157607427932156,0.37777777777777777,0.30000000000000004,0.18126294599857495
CMNIST GSC,42,Random,167,3 4 5 6 8 12 15 22 23,5,3,1,0.9661890521968094,0.5555555555555556,0.388888888888889,0.23169125540216873
CMNIST GSC,42,Random,168,5 7 10 12 14 18 21 22 23,7,2,0,0.9262025893247393,0.5555555555555556,0.31111111111111117,0.19170479253009864
CMNIST GSC,42,Random,169,1 4 7 8 10 12 15 20 21,6,2,1,0.8878866212461854,0.37777777777777777,0.24444444444444446,0.15338882445154478
CMNIST GSC,42,Random,170,1 2 3 4 11 12 13 18 22,5,1,3,0.9157607427932156,0.37777777777777777,0.30000000000000004,0.18126294599857495
CMNIST GSC,42,Random,171,2 3 9 10 12 13 18 20 23,7,0,2,0.9118048874822923,0.37777777777777777,0.288888888888889,0.1773070906876516
CMNIST GSC,42,Random,172,0 1 5 10 11 12 17 21 22,6,1,2,0.8804102868129797,0.37777777777777777,0.2222222222222222,0.14591249001833906
CMNIST GSC,42,Random,173,2 3 4 6 7 13 19 21 22,4,3,2,0.9416504763784943,0.5555555555555556,0.3333333333333333,0.20715267958385364
CMNIST GSC,42,Random,174,1 2 3 6 8 12 20 22 23,5,1,3,0.9695245979255244,0.7333333333333333,0.388888888888889,0.2350268011308837
CMNIST GSC,42,Random,175,4 6 8 12 15 16 19 20 22,7,2,0,0.8495706531676317,0.37777777777777777,0.17777777777777778,0.11507285637299103
CMNIST GSC,42,Random,176,0 2 3 6 7 13 14 17 19,4,2,3,0.9416504763784943,0.5555555555555556,0.33333333333333337,0.20715267958385364
CMNIST GSC,42,Random,177,3 4 7 12 14 17 20 22 23,6,2,1,0.950120855560846,0.5555555555555556,0.3555555555555556,0.21562305876620536
CMNIST GSC,42,Random,178,1 3 7 9 12 13 15 16 19,6,1,2,0.8878866212461854,0.37777777777777777,0.24444444444444446,0.15338882445154478
CMNIST GSC,42,Random,179,0 1 6 8 13 15 17 21 22,6,1,2,0.8617447937290025,0.2,0.2222222222222222,0.1272469969343618
CMNIST GSC,42,Random,180,2 4 5 6 7 9 10 13 15,4,4,1,0.950120855560846,0.5555555555555556,0.35555555555555557,0.21562305876620536
CMNIST GSC,42,Random,181,2 5 6 12 13 16 18 19 23,6,2,1,0.950120855560846,0.5555555555555556,0.3555555555555556,0.21562305876620536
CMNIST GSC,42,Random,182,0 3 7 9 12 13 14 18 22,6,1,2,0.8878866212461854,0.37777777777777777,0.24444444444444446,0.15338882445154478
CMNIST GSC,42,Random,183,0 2 3 6 9 11 17 18 19,5,1,3,0.922246734013816,0.5555555555555556,0.30000000000000004,0.1877489372191753
CMNIST GSC,42,Random,184,2 5 10 13 14 16 18 22 23,7,1,1,0.9157607427932156,0.37777777777777777,0.30000000000000004,0.18126294599857495
CMNIST GSC,42,Random,185,7 11 13 14 16 20 21 22 23,8,1,0,0.8878866212461854,0.37777777777777777,0.24444444444444446,0.15338882445154478
CMNIST GSC,42,Random,186,1 4 5 8 12 15 17 19 21,6,2,1,0.8804102868129797,0.37777777777777777,0.2222222222222222,0.14591249001833906
CMNIST GSC,42,Random,187,1 8 10 13 15 16 19 22 23,8,0,1,0.8878866212461854,0.37777777777777777,0.24444444444444446,0.15338882445154478
CMNIST GSC,42,Random,188,3 7 11 15 16 17 18 20 23,7,1,1,0.922246734013816,0.5555555555555556,0.30000000000000004,0.1877489372191753
CMNIST GSC,42,Random,189,0 4 6 9 10 16 17 18 23,6,2,1,0.950120855560846,0.5555555555555556,0.3555555555555556,0.21562305876620536
CMNIST GSC,42,Random,190,0 4 8 14 15 16 18 19 23,7,1,1,0.9222467340138158,0.5555555555555556,0.30000000000000004,0.18774893721917518
CMNIST GSC,42,Random,191,0 1 3 5 9 11 16 19 20,5,1,3,0.9222467340138158,0.5555555555555556,0.30000000000000004,0.18774893721917518
CMNIST GSC,42,Random,192,1 4 5 9 10 12 14 15 17,6,2,1,0.8804102868129797,0.37777777777777777,0.2222222222222222,0.14591249001833906
CMNIST GSC,42,Random,193,0 1 4 9 11 14 16 18 19,6,1,2,0.8804102868129797,0.37777777777777777,0.2222222222222222,0.14591249001833906
CMNIST GSC,42,Random,194,2 6 7 8 9 14 20 22 23,6,2,1,0.9416504763784943,0.5555555555555556,0.3333333333333334,0.20715267958385364
CMNIST GSC,42,Random,195,1 5 6 7 9 11 12 19 20,5,3,1,0.9157607427932156,0.37777777777777777,0.30000000000000004,0.18126294599857495
CMNIST GSC,42,Random,196,0 1 4 5 6 7 10 14 15,3,4,2,0.9616745283253811,0.5555555555555556,0.3777777777777778,0.22717673153074047
CMNIST GSC,42,Random,197,0 4 5 6 7 8 9 11 16,4,4,1,0.950120855560846,0.5555555555555556,0.35555555555555557,0.21562305876620536
CMNIST GSC,42,Random,198,1 2 3 6 10 14 17 18 22,5,1,3,0.922246734013816,0.5555555555555556,0.30000000000000004,0.1877489372191753
CMNIST GSC,42,Random,199,0 3 4 7 10 16 17 19 23,5,2,2,0.9740391217969527,0.7333333333333333,0.4000000000000001,0.23954132500231207
CMNIST GSC,42,Random,200,0 2 10 12 13 14 16 17 20,7,0,2,0.8495706531676317,0.37777777777777777,0.17777777777777778,0.11507285637299103
CMNIST GSC,43,Random,1,1 2 4 10 14 15 19 20 22,6,1,2,0.8878866212461854,0.37777777777777777,0.24444444444444446,0.15338882445154478
CMNIST GSC,43,Random,2,2 4 5 9 13 15 18 19 20,6,2,1,0.8617447937290025,0.2,0.2222222222222222,0.1272469969343618
CMNIST GSC,43,Random,3,0 1 5 6 7 10 15 22 23,4,3,2,0.9714468251785908,0.5555555555555556,0.4000000000000001,0.23694902838395016
CMNIST GSC,43,Random,4,1 8 9 12 14 16 17 18 23,8,0,1,0.8878866212461854,0.37777777777777777,0.24444444444444446,0.15338882445154478
CMNIST GSC,43,Random,5,0 1 9 10 11 12 15 16 18,7,0,2,0.8303501930596899,0.2,0.15555555555555556,0.09585239626504927
CMNIST GSC,43,Random,6,0 2 3 12 13 14 15 17 22,6,0,3,0.8878866212461856,0.37777777777777777,0.24444444444444446,0.1533888244515449
CMNIST GSC,43,Random,7,0 3 6 7 8 10 16 20 22,5,2,2,0.9118048874822922,0.37777777777777777,0.2888888888888889,0.1773070906876515
CMNIST GSC,43,Random,8,10 13 14 15 16 19 20 22 23,9,0,0,0.8495706531676317,0.37777777777777777,0.17777777777777776,0.11507285637299103
CMNIST GSC,43,Random,9,4 5 9 10 11 12 15 16 17,7,2,0,0.8303501930596899,0.2,0.15555555555555556,0.09585239626504927
CMNIST GSC,43,Random,10,4 6 9 10 14 20 21 22 23,7,2,0,0.9262025893247393,0.5555555555555556,0.31111111111111117,0.19170479253009864
CMNIST GSC,43,Random,11,1 4 6 9 11 13 14 22 23,6,2,1,0.950120855560846,0.5555555555555556,0.3555555555555556,0.21562305876620536
CMNIST GSC,43,Random,12,5 7 12 14 15 16 19 20 23,7,2,0,0.9262025893247393,0.5555555555555556,0.31111111111111117,0.19170479253009864
CMNIST GSC,43,Random,13,0 1 3 6 7 13 17 20 21,4,2,3,0.931828939429179,0.37777777777777777,0.33333333333333337,0.19733114263453833
CMNIST GSC,43,Random,14,2 4 6 8 9 11 12 14 20,6,2,1,0.8878866212461856,0.37777777777777777,0.24444444444444446,0.1533888244515449
CMNIST GSC,43,Random,15,2 4 8 11 16 18 19 22 23,7,1,1,0.9157607427932156,0.37777777777777777,0.30000000000000004,0.18126294599857495
CMNIST GSC,43,Random,16,7 9 10 11 12 15 20 21 23,8,1,0,0.8878866212461854,0.37777777777777777,0.24444444444444446,0.15338882445154478
CMNIST GSC,43,Random,17,2 4 6 8 11 17 19 21 22,6,2,1,0.8878866212461856,0.37777777777777777,0.24444444444444446,0.1533888244515449
CMNIST GSC,43,Random,18,2 4 5 7 10 11 16 18 22,5,3,1,0.9157607427932156,0.37777777777777777,0.30000000000000004,0.18126294599857495
CMNIST GSC,43,Random,19,13 14 15 16 18 19 20 21 23,9,0,0,0.8495706531676317,0.37777777777777777,0.17777777777777776,0.11507285637299103
CMNIST GSC,43,Random,20,1 3 8 9 10 11 17 22 23,7,0,2,0.9262025893247393,0.5555555555555556,0.31111111111111117,0.19170479253009864
CMNIST GSC,43,Random,21,0 5 13 14 15 18 19 20 21,7,1,1,0.8460501740453493,0.37777777777777777,0.16666666666666666,0.11155237725070866
CMNIST GSC,43,Random,22,0 3 12 13 14 16 20 22 23,7,0,2,0.9262025893247393,0.5555555555555556,0.31111111111111117,0.19170479253009864
CMNIST GSC,43,Random,23,0 2 4 6 8 9 11 20 23,5,2,2,0.9740391217969527,0.7333333333333333,0.4000000000000001,0.23954132500231207
CMNIST GSC,43,Random,24,3 4 5 8 9 10 14 17 23,6,2,1,0.931828939429179,0.37777777777777777,0.3333333333333334,0.19733114263453833
CMNIST GSC,43,Random,25,0 1 2 9 12 14 16 21 23,6,0,3,0.950120855560846,0.5555555555555556,0.3555555555555557,0.21562305876620536
CMNIST GSC,43,Random,26,0 3 4 6 12 15 17 19 20,5,2,2,0.9262025893247393,0.5555555555555556,0.3111111111111111,0.19170479253009864
CMNIST GSC,43,Random,27,0 1 8 12 14 15 17 20 21,7,0,2,0.8303501930596899,0.2,0.15555555555555556,0.09585239626504927
CMNIST GSC,43,Random,28,0 7 10 14 15 17 18 20 22,7,1,1,0.8338706721819722,0.2,0.16666666666666666,0.09937287538733153
CMNIST GSC,43,Random,29,0 6 11 16 18 19 21 22 23,7,1,1,0.9157607427932156,0.37777777777777777,0.30000000000000004,0.18126294599857495
CMNIST GSC,43,Random,30,1 3 4 5 9 12 14 19 21,5,2,2,0.9118048874822922,0.37777777777777777,0.2888888888888889,0.1773070906876515
CMNIST GSC,43,Random,31,0 5 8 10 13 16 19 21 22,7,1,1,0.8460501740453493,0.37777777777777777,0.16666666666666666,0.11155237725070866
CMNIST GSC,43,Random,32,0 3 4 5 10 17 18 21 23,5,2,2,0.9616745283253811,0.5555555555555556,0.3777777777777778,0.22717673153074047
CMNIST GSC,43,Random,33,2 3 8 11 12 19 20 22 23,7,0,2,0.9118048874822923,0.37777777777777777,0.288888888888889,0.1773070906876516
CMNIST GSC,43,Random,34,3 4 5 6 9 10 11 12 23,5,3,1,0.9661890521968094,0.5555555555555556,0.388888888888889,0.23169125540216873
CMNIST GSC,43,Random,35,2 5 7 8 10 12 15 17 21,6,2,1,0.8878866212461856,0.37777777777777777,0.24444444444444446,0.1533888244515449
CMNIST GSC,43,Random,36,2 5 12 15 17 18 19 20 21,7,1,1,0.8338706721819724,0.2,0.16666666666666666,0.09937287538733175
CMNIST GSC,43,Random,37,0 1 2 6 9 13 15 17 18,5,1,3,0.9157607427932156,0.37777777777777777,0.30000000000000004,0.18126294599857495
CMNIST GSC,43,Random,38,2 4 7 9 11 12 14 18 19,6,2,1,0.8878866212461856,0.37777777777777777,0.24444444444444446,0.1533888244515449
CMNIST GSC,43,Random,39,0 1 4 8 15 16 18 21 23,6,1,2,0.9416504763784942,0.5555555555555556,0.3333333333333334,0.20715267958385353
CMNIST GSC,43,Random,40,0 1 6 9 10 11 12 14 21,6,1,2,0.8617447937290025,0.2,0.2222222222222222,0.1272469969343618
CMNIST GSC,43,Random,41,3 4 5 7 10 12 17 19 23,5,3,1,0.9661890521968094,0.5555555555555556,0.388888888888889,0.23169125540216873
CMNIST GSC,43,Random,42,0 2 6 8 9 10 18 20 21,6,1,2,0.8878866212461854,0.37777777777777777,0.24444444444444446,0.15338882445154478
CMNIST GSC,43,Random,43,5 8 12 13 14 15 17 19 21,8,1,0,0.7920342249811362,0.2,0.08888888888888889,0.057536428186495514
CMNIST GSC,43,Random,44,0 1 3 10 12 15 20 21 22,6,0,3,0.8878866212461854,0.37777777777777777,0.24444444444444446,0.15338882445154478
CMNIST GSC,43,Random,45,2 3 7 8 10 12 13 14 15,6,1,2,0.8804102868129797,0.37777777777777777,0.2222222222222222,0.14591249001833906
CMNIST GSC,43,Random,46,1 3 6 9 10 13 16 17 23,6,1,2,0.950120855560846,0.5555555555555556,0.3555555555555556,0.21562305876620536
CMNIST GSC,43,Random,47,1 2 8 10 11 12 14 19 20,7,0,2,0.8495706531676317,0.37777777777777777,0.17777777777777778,0.11507285637299103
CMNIST GSC,43,Random,48,6 9 10 14 17 18 19 21 22,8,1,0,0.7920342249811362,0.2,0.08888888888888889,0.057536428186495514
CMNIST GSC,43,Random,49,0 4 5 8 11 15 16 21 22,6,2,1,0.8804102868129797,0.37777777777777777,0.2222222222222222,0.14591249001833906
CMNIST GSC,43,Random,50,0 5 6 7 9 10 14 21 23,5,3,1,0.9661890521968094,0.5555555555555556,0.388888888888889,0.23169125540216873
CMNIST GSC,43,Random,51,3 7 10 13 14 15 18 20 21,7,1,1,0.8460501740453493,0.37777777777777777,0.16666666666666666,0.11155237725070866
CMNIST GSC,43,Random,52,4 6 7 11 18 19 20 21 23,6,3,0,0.950120855560846,0.5555555555555556,0.3555555555555557,0.21562305876620536
CMNIST GSC,43,Random,53,3 4 5 6 9 12 14 15 19,5,3,1,0.9157607427932156,0.37777777777777777,0.30000000000000004,0.18126294599857495
CMNIST GSC,43,Random,54,0 3 4 7 11 12 17 18 23,5,2,2,0.9740391217969527,0.7333333333333333,0.4000000000000001,0.23954132500231207
CMNIST GSC,43,Random,55,0 6 13 15 18 20 21 22 23,7,1,1,0.9157607427932156,0.37777777777777777,0.30000000000000004,0.18126294599857495
CMNIST GSC,43,Random,56,1 2 7 8 9 12 13 14 16,6,1,2,0.8878866212461854,0.37777777777777777,0.24444444444444446,0.15338882445154478
CMNIST GSC,43,Random,57,0 4 7 11 12 14 16 21 22,6,2,1,0.8878866212461854,0.37777777777777777,0.24444444444444446,0.15338882445154478
CMNIST GSC,43,Random,58,4 5 6 10 12 14 15 18 22,6,3,0,0.8878866212461854,0.37777777777777777,0.24444444444444446,0.15338882445154478
CMNIST GSC,43,Random,59,3 4 10 13 17 18 19 21 23,7,1,1,0.9157607427932156,0.37777777777777777,0.30000000000000004,0.18126294599857495
CMNIST GSC,43,Random,60,2 3 8 10 12 13 16 21 23,7,0,2,0.9118048874822923,0.37777777777777777,0.288888888888889,0.1773070906876516
CMNIST GSC,43,Random,61,0 7 13 15 16 18 20 22 23,7,1,1,0.9157607427932156,0.37777777777777777,0.30000000000000004,0.18126294599857495
CMNIST GSC,43,Random,62,0 2 5 8 11 16 21 22 23,6,1,2,0.950120855560846,0.5555555555555556,0.3555555555555556,0.21562305876620536
CMNIST GSC,43,Random,63,0 1 2 3 6 8 10 11 21,4,1,4,0.950120855560846,0.5555555555555556,0.35555555555555557,0.21562305876620536
CMNIST GSC,43,Random,64,4 5 7 8 11 18 19 20 21,6,3,0,0.8878866212461854,0.37777777777777777,0.24444444444444446,0.15338882445154478
CMNIST GSC,43,Random,65,1 5 6 12 15 16 17 18 19,6,2,1,0.8878866212461854,0.37777777777777777,0.24444444444444446,0.15338882445154478
CMNIST GSC,43,Random,66,0 2 4 5 12 15 18 20 21,5,2,2,0.9118048874822922,0.37777777777777777,0.2888888888888889,0.1773070906876515
CMNIST GSC,43,Random,67,2 7 8 11 13 16 17 19 22,7,1,1,0.8460501740453493,0.37777777777777777,0.16666666666666666,0.11155237725070866
CMNIST GSC,43,Random,68,2 4 13 14 16 17 18 20 21,7,1,1,0.8338706721819724,0.2,0.16666666666666666,0.09937287538733175
CMNIST GSC,43,Random,69,0 2 3 5 8 9 17 20 23,5,1,3,0.9661890521968094,0.5555555555555556,0.388888888888889,0.23169125540216873
CMNIST GSC,43,Random,70,2 5 6 9 11 13 14 18 22,6,2,1,0.8878866212461856,0.37777777777777777,0.24444444444444446,0.1533888244515449
CMNIST GSC,43,Random,71,2 5 7 10 11 15 17 18 23,6,2,1,0.950120855560846,0.5555555555555556,0.3555555555555556,0.21562305876620536
CMNIST GSC,43,Random,72,4 5 6 9 17 18 19 22 23,6,3,0,0.950120855560846,0.5555555555555556,0.3555555555555557,0.21562305876620536
CMNIST GSC,43,Random,73,1 2 4 8 9 12 15 16 21,6,1,2,0.8878866212461854,0.37777777777777777,0.24444444444444446,0.15338882445154478
CMNIST GSC,43,Random,74,2 3 4 6 16 17 19 20 22,5,2,2,0.9118048874822923,0.37777777777777777,0.288888888888889,0.1773070906876516
CMNIST GSC,43,Random,75,1 5 8 9 10 11 15 17 23,7,1,1,0.9222467340138158,0.5555555555555556,0.30000000000000004,0.18774893721917518
CMNIST GSC,43,Random,76,1 2 3 13 14 15 16 20 21,6,0,3,0.8878866212461856,0.37777777777777777,0.24444444444444446,0.1533888244515449
CMNIST GSC,43,Random,77,1 6 10 11 13 17 18 21 23,7,1,1,0.9157607427932156,0.37777777777777777,0.30000000000000004,0.18126294599857495
CMNIST GSC,43,Random,78,4 7 9 10 11 15 16 21 23,7,2,0,0.9262025893247393,0.5555555555555556,0.31111111111111117,0.19170479253009864
CMNIST GSC,43,Random,79,1 2 13 14 15 17 18 20 23,7,0,2,0.9262025893247393,0.5555555555555556,0.31111111111111117,0.19170479253009864
CMNIST GSC,43,Random,80,5 6 8 11 13 16 19 20 23,7,2,0,0.9262025893247393,0.5555555555555556,0.31111111111111117,0.19170479253009864
CMNIST GSC,43,Random,81,1 7 10 12 13 14 15 20 22,7,1,1,0.8338706721819722,0.2,0.16666666666666666,0.09937287538733153
CMNIST GSC,43,Random,82,0 4 9 13 14 18 19 21 23,7,1,1,0.9222467340138158,0.5555555555555556,0.30000000000000004,0.18774893721917518
CMNIST GSC,43,Random,83,1 2 3 9 13 16 20 22 23,6,0,3,0.950120855560846,0.5555555555555556,0.3555555555555557,0.21562305876620536
CMNIST GSC,43,Random,84,0 2 5 11 16 19 20 21 23,6,1,2,0.950120855560846,0.5555555555555556,0.3555555555555556,0.21562305876620536
CMNIST GSC,43,Random,85,0 1 4 6 7 13 15 16 20,4,3,2,0.931828939429179,0.37777777777777777,0.3333333333333333,0.19733114263453833
CMNIST GSC,43,Random,86,0 1 4 8 9 11 16 18 21,6,1,2,0.8804102868129797,0.37777777777777777,0.2222222222222222,0.14591249001833906
CMNIST GSC,43,Random,87,4 5 6 9 12 13 15 19 20,6,3,0,0.8878866212461854,0.37777777777777777,0.24444444444444446,0.15338882445154478
CMNIST GSC,43,Random,88,0 3 4 5 11 12 15 17 23,5,2,2,0.9616745283253811,0.5555555555555556,0.3777777777777778,0.22717673153074047
CMNIST GSC,43,Random,89,1 4 8 10 12 13 16 20 23,7,1,1,0.9222467340138158,0.5555555555555556,0.30000000000000004,0.18774893721917518
CMNIST GSC,43,Random,90,0 1 6 9 11 12 17 22 23,6,1,2,0.931828939429179,0.37777777777777777,0.3333333333333334,0.19733114263453833
CMNIST GSC,43,Random,91,2 4 5 12 13 14 20 21 22,6,2,1,0.8617447937290025,0.2,0.2222222222222222,0.1272469969343618
CMNIST GSC,43,Random,92,0 5 6 11 18 19 21 22 23,6,2,1,0.950120855560846,0.5555555555555556,0.3555555555555556,0.21562305876620536
CMNIST GSC,43,Random,93,1 7 8 9 11 13 15 16 21,7,1,1,0.8338706721819722,0.2,0.16666666666666666,0.09937287538733153
CMNIST GSC,43,Random,94,1 4 6 10 13 15 16 17 22,6,2,1,0.8878866212461854,0.37777777777777777,0.24444444444444446,0.15338882445154478
CMNIST GSC,43,Random,95,3 4 7 8 10 13 16 17 19,6,2,1,0.8878866212461856,0.37777777777777777,0.24444444444444446,0.1533888244515449
CMNIST GSC,43,Random,96,0 1 3 4 6 9 10 11 17,4,2,3,0.950120855560846,0.5555555555555556,0.35555555555555557,0.21562305876620536
CMNIST GSC,43,Random,97,0 5 6 13 14 16 17 19 21,6,2,1,0.8878866212461854,0.37777777777777777,0.24444444444444446,0.15338882445154478
CMNIST GSC,43,Random,98,1 6 8 11 12 17 19 20 21,7,1,1,0.8338706721819722,0.2,0.16666666666666666,0.09937287538733153
CMNIST GSC,43,Random,99,0 2 10 11 16 18 20 22 23,7,0,2,0.9262025893247393,0.5555555555555556,0.31111111111111117,0.19170479253009864
CMNIST GSC,43,Random,100,1 4 6 7 8 10 12 15 18,5,3,1,0.9157607427932156,0.37777777777777777,0.30000000000000004,0.18126294599857495
CMNIST GSC,43,Random,101,0 4 5 8 10 12 14 21 22,6,2,1,0.8804102868129797,0.37777777777777777,0.2222222222222222,0.14591249001833906
CMNIST GSC,43,Random,102,1 4 7 10 11 14 17 19 22,6,2,1,0.8878866212461854,0.37777777777777777,0.24444444444444446,0.15338882445154478
CMNIST GSC,43,Random,103,0 5 7 9 10 12 17 18 19,6,2,1,0.8878866212461854,0.37777777777777777,0.24444444444444446,0.15338882445154478
CMNIST GSC,43,Random,104,0 1 2 3 12 14 17 18 22,5,0,4,0.9262025893247393,0.5555555555555556,0.3111111111111111,0.19170479253009864
CMNIST GSC,43,Random,105,0 3 4 7 11 12 16 17 23,5,2,2,0.9740391217969527,0.7333333333333333,0.4000000000000001,0.23954132500231207
CMNIST GSC,43,Random,106,1 2 3 8 9 11 13 21 22,6,0,3,0.8878866212461856,0.37777777777777777,0.24444444444444446,0.1533888244515449
CMNIST GSC,43,Random,107,0 2 4 5 7 9 11 12 16,4,3,2,0.950120855560846,0.5555555555555556,0.35555555555555557,0.21562305876620536
CMNIST GSC,43,Random,108,1 2 4 5 8 15 16 19 20,5,2,2,0.9118048874822922,0.37777777777777777,0.2888888888888889,0.1773070906876515
CMNIST GSC,43,Random,109,1 3 4 10 12 14 17 22 23,6,1,2,0.950120855560846,0.5555555555555556,0.3555555555555556,0.21562305876620536
CMNIST GSC,43,Random,110,2 6 7 8 12 14 17 22 23,6,2,1,0.9416504763784943,0.5555555555555556,0.3333333333333334,0.20715267958385364
CMNIST GSC,43,Random,111,0 4 8 9 13 14 16 20 21,7,1,1,0.8460501740453493,0.37777777777777777,0.16666666666666666,0.11155237725070866
CMNIST GSC,43,Random,112,0 1 6 8 11 14 17 19 23,6,1,2,0.931828939429179,0.37777777777777777,0.3333333333333334,0.19733114263453833
CMNIST GSC,43,Random,113,1 8 11 13 14 15 17 18 23,8,0,1,0.8878866212461854,0.37777777777777777,0.24444444444444446,0.15338882445154478
CMNIST GSC,43,Random,114,1 2 3 5 7 13 19 21 22,4,2,3,0.950120855560846,0.5555555555555556,0.35555555555555557,0.21562305876620536
CMNIST GSC,43,Random,115,2 3 4 5 6 15 17 19 23,4,3,2,0.9714468251785908,0.5555555555555556,0.4000000000000001,0.23694902838395016
CMNIST GSC,43,Random,116,6 8 10 11 13 14 20 22 23,8,1,0,0.8878866212461854,0.37777777777777777,0.24444444444444446,0.15338882445154478
CMNIST GSC,43,Random,117,2 7 8 9 10 13 15 17 18,7,1,1,0.8460501740453493,0.37777777777777777,0.16666666666666666,0.11155237725070866
CMNIST GSC,43,Random,118,1 2 7 8 9 14 16 19 22,6,1,2,0.8878866212461854,0.37777777777777777,0.24444444444444446,0.15338882445154478
CMNIST GSC,43,Random,119,4 6 13 15 17 18 19 21 22,7,2,0,0.8495706531676317,0.37777777777777777,0.17777777777777778,0.11507285637299103
CMNIST GSC,43,Random,120,1 4 7 8 10 12 13 17 20,6,2,1,0.8878866212461854,0.37777777777777777,0.24444444444444446,0.15338882445154478
CMNIST GSC,43,Random,121,0 3 6 7 8 11 18 20 21,5,2,2,0.9118048874822922,0.37777777777777777,0.2888888888888889,0.1773070906876515
CMNIST GSC,43,Random,122,0 1 2 3 9 14 16 19 20,5,0,4,0.9262025893247393,0.5555555555555556,0.3111111111111111,0.19170479253009864
CMNIST GSC,43,Random,123,0 3 7 8 9 10 13 15 16,6,1,2,0.8878866212461854,0.37777777777777777,0.24444444444444446,0.15338882445154478
CMNIST GSC,43,Random,124,3 5 6 7 11 18 19 20 23,5,3,1,0.9695245979255244,0.7333333333333333,0.388888888888889,0.2350268011308837
CMNIST GSC,43,Random,125,1 5 6 7 16 19 21 22 23,5,3,1,0.9661890521968094,0.5555555555555556,0.388888888888889,0.23169125540216873
CMNIST GSC,43,Random,126,0 1 7 8 9 15 16 18 19,6,1,2,0.8617447937290025,0.2,0.2222222222222222,0.1272469969343618
CMNIST GSC,43,Random,127,0 2 10 11 16 18 20 21 22,7,0,2,0.8495706531676317,0.37777777777777777,0.17777777777777778,0.11507285637299103
CMNIST GSC,43,Random,128,1 7 8 12 16 18 20 21 22,7,1,1,0.8338706721819722,0.2,0.16666666666666666,0.09937287538733153
CMNIST GSC,43,Random,129,3 4 6 9 13 16 19 20 21,6,2,1,0.8878866212461856,0.37777777777777777,0.24444444444444446,0.1533888244515449
CMNIST GSC,43,Random,130,1 4 8 12 15 16 19 20 23,7,1,1,0.9222467340138158,0.5555555555555556,0.30000000000000004,0.18774893721917518
CMNIST GSC,43,Random,131,1 2 4 5 7 9 10 15 16,4,3,2,0.950120855560846,0.5555555555555556,0.35555555555555557,0.21562305876620536
CMNIST GSC,43,Random,132,0 1 5 6 8 11 16 17 19,5,2,2,0.9118048874822922,0.37777777777777777,0.288888888888889,0.1773070906876515
CMNIST GSC,43,Random,133,0 2 3 5 7 12 16 18 20,4,2,3,0.950120855560846,0.5555555555555556,0.35555555555555557,0.21562305876620536
CMNIST GSC,43,Random,134,2 8 12 14 16 18 20 21 23,8,0,1,0.8878866212461856,0.37777777777777777,0.24444444444444446,0.1533888244515449
CMNIST GSC,43,Random,135,5 6 7 11 13 16 19 20 22,6,3,0,0.8878866212461854,0.37777777777777777,0.24444444444444446,0.15338882445154478
CMNIST GSC,43,Random,136,0 2 4 7 10 11 16 20 21,5,2,2,0.9262025893247393,0.5555555555555556,0.3111111111111111,0.19170479253009864
CMNIST GSC,43,Random,137,0 2 4 9 12 13 20 21 22,6,1,2,0.8878866212461854,0.37777777777777777,0.24444444444444446,0.15338882445154478
CMNIST GSC,43,Random,138,0 6 7 8 10 13 15 17 20,6,2,1,0.8617447937290025,0.2,0.2222222222222222,0.1272469969343618
CMNIST GSC,43,Random,139,4 6 7 9 10 15 17 19 21,6,3,0,0.8878866212461854,0.37777777777777777,0.24444444444444446,0.15338882445154478
CMNIST GSC,43,Random,140,5 9 12 13 15 17 18 21 23,8,1,0,0.8878866212461854,0.37777777777777777,0.24444444444444446,0.15338882445154478
CMNIST GSC,43,Random,141,1 2 4 5 10 11 21 22 23,5,2,2,0.9616745283253811,0.5555555555555556,0.3777777777777778,0.22717673153074047
CMNIST GSC,43,Random,142,0 3 5 7 8 10 16 17 19,5,2,2,0.9262025893247393,0.5555555555555556,0.3111111111111111,0.19170479253009864
CMNIST GSC,43,Random,143,2 3 5 6 11 13 15 17 19,5,2,2,0.9118048874822923,0.37777777777777777,0.288888888888889,0.1773070906876516
CMNIST GSC,43,Random,144,0 3 4 7 9 11 20 21 22,5,2,2,0.9262025893247393,0.5555555555555556,0.3111111111111111,0.19170479253009864
CMNIST GSC,43,Random,145,4 6 8 9 14 15 21 22 23,7,2,0,0.9262025893247393,0.5555555555555556,0.31111111111111117,0.19170479253009864
CMNIST GSC,43,Random,146,0 8 10 11 14 16 17 21 22,8,0,1,0.7920342249811362,0.2,0.08888888888888889,0.057536428186495514
CMNIST GSC,43,Random,147,1 5 7 9 10 12 15 20 21,6,2,1,0.8878866212461854,0.37777777777777777,0.24444444444444446,0.15338882445154478
CMNIST GSC,43,Random,148,7 9 11 13 14 16 19 20 22,8,1,0,0.7920342249811362,0.2,0.08888888888888889,0.057536428186495514
CMNIST GSC,43,Random,149,3 7 9 10 11 12 17 18 22,7,1,1,0.8460501740453493,0.37777777777777777,0.16666666666666666,0.11155237725070866
CMNIST GSC,43,Random,150,0 1 5 10 13 14 16 17 19,6,1,2,0.8804102868129797,0.37777777777777777,0.2222222222222222,0.14591249001833906
CMNIST GSC,43,Random,151,1 3 7 8 16 17 18 19 22,6,1,2,0.8878866212461854,0.37777777777777777,0.24444444444444446,0.15338882445154478
CMNIST GSC,43,Random,152,2 3 4 11 12 17 20 21 23,6,1,2,0.931828939429179,0.37777777777777777,0.3333333333333334,0.19733114263453833
CMNIST GSC,43,Random,153,1 6 7 8 12 13 14 21 22,6,2,1,0.8617447937290025,0.2,0.2222222222222222,0.1272469969343618
CMNIST GSC,43,Random,154,0 1 2 10 14 16 17 18 20,6,0,3,0.8878866212461854,0.37777777777777777,0.24444444444444446,0.15338882445154478
CMNIST GSC,43,Random,155,1 6 9 11 13 19 21 22 23,7,1,1,0.9157607427932156,0.37777777777777777,0.30000000000000004,0.18126294599857495
CMNIST GSC,43,Random,156,2 3 4 13 14 15 16 17 19,6,1,2,0.8617447937290025,0.2,0.2222222222222222,0.1272469969343618
CMNIST GSC,43,Random,157,0 1 3 7 8 9 14 18 22,5,1,3,0.9157607427932156,0.37777777777777777,0.30000000000000004,0.18126294599857495
CMNIST GSC,43,Random,158,1 5 10 13 14 18 19 20 21,7,1,1,0.8460501740453493,0.37777777777777777,0.16666666666666666,0.11155237725070866
CMNIST GSC,43,Random,159,5 7 8 10 11 12 20 21 22,7,2,0,0.8495706531676317,0.37777777777777777,0.17777777777777778,0.11507285637299103
CMNIST GSC,43,Random,160,2 3 4 6 9 10 18 19 20,5,2,2,0.9118048874822923,0.37777777777777777,0.288888888888889,0.1773070906876516
CMNIST GSC,43,Random,161,1 2 11 12 15 16 18 19 22,7,0,2,0.8495706531676317,0.37777777777777777,0.17777777777777778,0.11507285637299103
CMNIST GSC,43,Random,162,0 4 9 11 15 17 20 21 22,7,1,1,0.8460501740453493,0.37777777777777777,0.16666666666666666,0.11155237725070866
CMNIST GSC,43,Random,163,0 5 6 13 14 15 16 20 23,6,2,1,0.950120855560846,0.5555555555555556,0.3555555555555556,0.21562305876620536
CMNIST GSC,43,Random,164,0 1 4 6 12 13 15 16 19,5,2,2,0.9118048874822922,0.37777777777777777,0.288888888888889,0.1773070906876515
CMNIST GSC,43,Random,165,0 2 3 6 7 10 12 18 23,4,2,3,0.9758204977082781,0.7333333333333333,0.40000000000000013,0.2413227009136374
CMNIST GSC,43,Random,166,1 4 9 13 15 17 19 21 22,7,1,1,0.8460501740453493,0.37777777777777777,0.16666666666666666,0.11155237725070866
CMNIST GSC,43,Random,167,2 5 10 11 14 15 16 22 23,7,1,1,0.9157607427932156,0.37777777777777777,0.30000000000000004,0.18126294599857495
CMNIST GSC,43,Random,168,0 6 15 16 17 18 19 21 23,7,1,1,0.9157607427932156,0.37777777777777777,0.30000000000000004,0.18126294599857495
CMNIST GSC,43,Random,169,0 1 5 6 11 12 17 18 21,5,2,2,0.9118048874822922,0.37777777777777777,0.288888888888889,0.1773070906876515
CMNIST GSC,43,Random,170,0 2 3 5 6 7 11 16 21,3,3,3,0.9695245979255244,0.7333333333333333,0.38888888888888895,0.2350268011308837
CMNIST GSC,43,Random,171,1 5 7 9 13 15 16 20 21,6,2,1,0.8878866212461854,0.37777777777777777,0.24444444444444446,0.15338882445154478
CMNIST GSC,43,Random,172,2 9 11 12 13 14 16 19 22,8,0,1,0.7920342249811362,0.2,0.08888888888888889,0.057536428186495514
CMNIST GSC,43,Random,173,0 1 2 4 6 8 11 14 22,4,2,3,0.950120855560846,0.5555555555555556,0.35555555555555557,0.21562305876620536
CMNIST GSC,43,Random,174,3 6 7 8 10 13 14 16 23,6,2,1,0.9416504763784943,0.5555555555555556,0.3333333333333334,0.20715267958385364
CMNIST GSC,43,Random,175,1 3 5 8 13 16 21 22 23,6,1,2,0.950120855560846,0.5555555555555556,0.3555555555555556,0.21562305876620536
CMNIST GSC,43,Random,176,1 2 3 4 6 12 15 18 20,4,2,3,0.950120855560846,0.5555555555555556,0.35555555555555557,0.21562305876620536
CMNIST GSC,43,Random,177,3 8 10 11 13 15 16 17 19,8,0,1,0.7920342249811362,0.2,0.08888888888888889,0.057536428186495514
CMNIST GSC,43,Random,178,1 4 6 7 10 11 13 20 21,5,3,1,0.9157607427932156,0.37777777777777777,0.30000000000000004,0.18126294599857495
CMNIST GSC,43,Random,179,0 2 3 8 11 12 14 18 21,6,0,3,0.8878866212461856,0.37777777777777777,0.24444444444444446,0.1533888244515449
CMNIST GSC,43,Random,180,5 6 9 13 14 17 18 20 21,7,2,0,0.8495706531676317,0.37777777777777777,0.17777777777777778,0.11507285637299103
CMNIST GSC,43,Random,181,6 10 11 13 15 17 19 20 22,8,1,0,0.7920342249811362,0.2,0.08888888888888889,0.057536428186495514
CMNIST GSC,43,Random,182,1 3 4 11 13 16 17 21 22,6,1,2,0.8878866212461854,0.37777777777777777,0.24444444444444446,0.15338882445154478
CMNIST GSC,43,Random,183,0 2 5 10 12 14 16 20 21,6,1,2,0.8878866212461854,0.37777777777777777,0.24444444444444446,0.15338882445154478
CMNIST GSC,43,Random,184,0 2 3 4 5 7 10 11 17,3,3,3,0.9661890521968094,0.5555555555555556,0.38888888888888895,0.23169125540216873
CMNIST GSC,43,Random,185,1 3 5 9 11 12 15 20 23,6,1,2,0.950120855560846,0.5555555555555556,0.3555555555555556,0.21562305876620536
CMNIST GSC,43,Random,186,1 4 8 13 14 17 18 19 21,7,1,1,0.8460501740453493,0.37777777777777777,0.16666666666666666,0.11155237725070866
CMNIST GSC,43,Random,187,0 2 6 7 8 9 10 13 19,5,2,2,0.9118048874822922,0.37777777777777777,0.2888888888888889,0.1773070906876515
CMNIST GSC,43,Random,188,6 7 8 11 14 16 17 18 21,7,2,0,0.8303501930596899,0.2,0.15555555555555556,0.09585239626504927
CMNIST GSC,43,Random,189,0 7 8 10 13 17 18 19 23,7,1,1,0.9157607427932156,0.37777777777777777,0.30000000000000004,0.18126294599857495
CMNIST GSC,43,Random,190,2 3 4 5 7 14 19 20 23,4,3,2,0.9714468251785908,0.5555555555555556,0.4000000000000001,0.23694902838395016
CMNIST GSC,43,Random,191,4 5 11 13 16 17 18 19 21,7,2,0,0.8303501930596899,0.2,0.15555555555555556,0.09585239626504927
CMNIST GSC,43,Random,192,0 2 3 4 11 14 16 20 21,5,1,3,0.9157607427932156,0.37777777777777777,0.30000000000000004,0.18126294599857495
CMNIST GSC,43,Random,193,0 1 6 9 10 19 21 22 23,6,1,2,0.931828939429179,0.37777777777777777,0.3333333333333334,0.19733114263453833
CMNIST GSC,43,Random,194,0 1 8 11 13 15 17 20 22,7,0,2,0.8303501930596899,0.2,0.15555555555555556,0.09585239626504927
CMNIST GSC,43,Random,195,0 1 5 10 13 14 17 19 23,6,1,2,0.9416504763784942,0.5555555555555556,0.3333333333333334,0.20715267958385353
CMNIST GSC,43,Random,196,0 1 2 6 7 8 12 13 20,4,2,3,0.931828939429179,0.37777777777777777,0.33333333333333337,0.19733114263453833
CMNIST GSC,43,Random,197,2 3 5 6 7 8 11 14 20,4,3,2,0.9416504763784943,0.5555555555555556,0.3333333333333333,0.20715267958385364
CMNIST GSC,43,Random,198,1 3 4 6 7 12 14 15 16,4,3,2,0.950120855560846,0.5555555555555556,0.35555555555555557,0.21562305876620536
CMNIST GSC,43,Random,199,0 4 6 7 13 17 19 21 22,5,3,1,0.9157607427932156,0.37777777777777777,0.30000000000000004,0.18126294599857495
CMNIST GSC,43,Random,200,0 5 7 8 13 15 19 22 23,6,2,1,0.950120855560846,0.5555555555555556,0.3555555555555556,0.21562305876620536
CMNIST GSC,44,Random,1,2 3 5 9 12 13 16 19 21,6,1,2,0.8617447937290025,0.2,0.2222222222222222,0.1272469969343618
CMNIST GSC,44,Random,2,1 4 6 7 9 11 12 18 21,5,3,1,0.9157607427932156,0.37777777777777777,0.30000000000000004,0.18126294599857495
CMNIST GSC,44,Random,3,2 3 4 8 10 11 13 21 22,6,1,2,0.8617447937290025,0.2,0.2222222222222222,0.1272469969343618
CMNIST GSC,44,Random,4,3 4 8 9 12 15 16 17 23,7,1,1,0.9157607427932156,0.37777777777777777,0.30000000000000004,0.18126294599857495
CMNIST GSC,44,Random,5,3 10 11 12 13 14 15 22 23,8,0,1,0.8878866212461856,0.37777777777777777,0.24444444444444446,0.1533888244515449
CMNIST GSC,44,Random,6,4 7 12 14 15 16 17 18 19,7,2,0,0.8495706531676317,0.37777777777777777,0.17777777777777778,0.11507285637299103
CMNIST GSC,44,Random,7,1 3 4 5 14 18 21 22 23,5,2,2,0.9616745283253811,0.5555555555555556,0.3777777777777778,0.22717673153074047
CMNIST GSC,44,Random,8,2 6 7 8 9 10 15 19 20,6,2,1,0.8804102868129797,0.37777777777777777,0.2222222222222222,0.14591249001833906
CMNIST GSC,44,Random,9,4 6 9 10 11 12 17 19 23,7,2,0,0.9262025893247393,0.5555555555555556,0.31111111111111117,0.19170479253009864
CMNIST GSC,44,Random,10,7 9 10 12 15 16 17 19 22,8,1,0,0.7920342249811362,0.2,0.08888888888888889,0.057536428186495514
CMNIST GSC,44,Random,11,1 2 6 11 12 19 20 22 23,6,1,2,0.950120855560846,0.5555555555555556,0.3555555555555556,0.21562305876620536
CMNIST GSC,44,Random,12,1 4 7 10 12 14 19 22 23,6,2,1,0.950120855560846,0.5555555555555556,0.3555555555555556,0.21562305876620536
CMNIST GSC,44,Random,13,3 5 8 9 10 16 18 20 23,7,1,1,0.9157607427932156,0.37777777777777777,0.30000000000000004,0.18126294599857495
CMNIST GSC,44,Random,14,0 5 9 14 17 19 20 21 22,7,1,1,0.8460501740453493,0.37777777777777777,0.16666666666666666,0.11155237725070866
CMNIST GSC,44,Random,15,1 3 5 7 8 11 12 13 17,5,2,2,0.9262025893247393,0.5555555555555556,0.3111111111111111,0.19170479253009864
CMNIST GSC,44,Random,16,1 3 5 8 9 14 20 21 23,6,1,2,0.950120855560846,0.5555555555555556,0.3555555555555556,0.21562305876620536
CMNIST GSC,44,Random,17,2 6 7 8 12 13 15 19 22,6,2,1,0.8804102868129797,0.37777777777777777,0.2222222222222222,0.14591249001833906
CMNIST GSC,44,Random,18,1 4 6 11 12 14 15 17 21,6,2,1,0.8878866212461854,0.37777777777777777,0.24444444444444446,0.15338882445154478
CMNIST GSC,44,Random,19,0 5 9 12 14 15 17 18 20,7,1,1,0.8460501740453493,0.37777777777777777,0.16666666666666666,0.11155237725070866
CMNIST GSC,44,Random,20,1 3 8 9 11 12 13 16 23,7,0,2,0.9262025893247393,0.5555555555555556,0.31111111111111117,0.19170479253009864
CMNIST GSC,44,Random,21,2 4 5 8 11 12 16 20 22,6,2,1,0.8617447937290025,0.2,0.2222222222222222,0.1272469969343618
CMNIST GSC,44,Random,22,0 6 11 13 14 17 18 20 21,7,1,1,0.8338706721819722,0.2,0.16666666666666666,0.09937287538733153
CMNIST GSC,44,Random,23,0 1 11 14 17 18 19 22 23,7,0,2,0.9118048874822922,0.37777777777777777,0.288888888888889,0.1773070906876515
CMNIST GSC,44,Random,24,1 3 5 10 12 13 17 19 21,6,1,2,0.8878866212461854,0.37777777777777777,0.24444444444444446,0.15338882445154478
CMNIST GSC,44,Random,25,0 1 2 3 6 12 13 19 22,4,1,4,0.950120855560846,0.5555555555555556,0.35555555555555557,0.21562305876620536
CMNIST GSC,44,Random,26,0 1 5 12 14 15 20 22 23,6,1,2,0.9416504763784942,0.5555555555555556,0.3333333333333334,0.20715267958385353
CMNIST GSC,44,Random,27,2 3 6 7 14 15 16 19 22,5,2,2,0.9102558757091818,0.5555555555555556,0.2666666666666667,0.1757580789145411
CMNIST GSC,44,Random,28,2 3 8 11 14 20 21 22 23,7,0,2,0.9118048874822923,0.37777777777777777,0.288888888888889,0.1773070906876516
CMNIST GSC,44,Random,29,0 3 6 7 8 10 12 17 22,5,2,2,0.9118048874822922,0.37777777777777777,0.2888888888888889,0.1773070906876515
CMNIST GSC,44,Random,30,2 8 12 13 15 17 19 22 23,8,0,1,0.8878866212461856,0.37777777777777777,0.24444444444444446,0.1533888244515449
CMNIST GSC,44,Random,31,2 3 4 9 14 15 16 17 20,6,1,2,0.8617447937290025,0.2,0.2222222222222222,0.1272469969343618
CMNIST GSC,44,Random,32,2 6 10 16 18 19 20 21 23,7,1,1,0.922246734013816,0.5555555555555556,0.30000000000000004,0.1877489372191753
CMNIST GSC,44,Random,33,0 2 4 7 9 10 16 19 23,5,2,2,0.9740391217969527,0.7333333333333333,0.4000000000000001,0.23954132500231207
CMNIST GSC,44,Random,34,0 2 4 7 11 12 15 19 22,5,2,2,0.9262025893247393,0.5555555555555556,0.3111111111111111,0.19170479253009864
CMNIST GSC,44,Random,35,1 2 4 8 12 18 19 20 23,6,1,2,0.950120855560846,0.5555555555555556,0.3555555555555556,0.21562305876620536
CMNIST GSC,44,Random,36,5 8 12 14 16 17 20 21 23,8,1,0,0.8878866212461854,0.37777777777777777,0.24444444444444446,0.15338882445154478
CMNIST GSC,44,Random,37,2 3 6 8 11 14 15 19 21,6,1,2,0.8804102868129797,0.37777777777777777,0.2222222222222222,0.14591249001833906
CMNIST GSC,44,Random,38,0 2 5 7 11 14 15 17 20,5,2,2,0.9262025893247393,0.5555555555555556,0.3111111111111111,0.19170479253009864
CMNIST GSC,44,Random,39,1 4 6 7 11 12 15 20 23,5,3,1,0.9661890521968094,0.5555555555555556,0.388888888888889,0.23169125540216873
CMNIST GSC,44,Random,40,0 3 9 15 16 17 18 19 20,7,0,2,0.8495706531676317,0.37777777777777777,0.17777777777777778,0.11507285637299103
CMNIST GSC,44,Random,41,0 1 2 4 10 12 14 17 18,5,1,3,0.9222467340138158,0.5555555555555556,0.30000000000000004,0.18774893721917518
CMNIST GSC,44,Random,42,0 1 5 6 9 16 17 19 23,5,2,2,0.9616745283253811,0.5555555555555556,0.3777777777777779,0.22717673153074047
CMNIST GSC,44,Random,43,2 7 11 12 15 19 20 21 22,7,1,1,0.8460501740453493,0.37777777777777777,0.16666666666666666,0.11155237725070866
CMNIST GSC,44,Random,44,4 12 13 14 15 16 17 19 22,8,1,0,0.7920342249811362,0.2,0.08888888888888889,0.057536428186495514
CMNIST GSC,44,Random,45,0 2 4 5 9 12 16 17 22,5,2,2,0.9118048874822922,0.37777777777777777,0.2888888888888889,0.1773070906876515
CMNIST GSC,44,Random,46,2 6 11 13 14 16 18 19 22,7,1,1,0.8460501740453493,0.37777777777777777,0.16666666666666666,0.11155237725070866
CMNIST GSC,44,Random,47,0 2 3 7 14 15 17 18 23,5,1,3,0.9695245979255244,0.7333333333333333,0.388888888888889,0.2350268011308837
CMNIST GSC,44,Random,48,1 3 4 6 9 11 12 17 21,5,2,2,0.9262025893247393,0.5555555555555556,0.3111111111111111,0.19170479253009864
CMNIST GSC,44,Random,49,0 4 5 8 12 14 16 19 23,6,2,1,0.9416504763784942,0.5555555555555556,0.3333333333333334,0.20715267958385353
CMNIST GSC,44,Random,50,2 5 7 8 14 15 18 21 22,6,2,1,0.8878866212461856,0.37777777777777777,0.24444444444444446,0.1533888244515449
CMNIST GSC,44,Random,51,0 8 10 12 14 17 18 21 22,8,0,1,0.7920342249811362,0.2,0.08888888888888889,0.057536428186495514
CMNIST GSC,44,Random,52,0 2 6 10 13 16 17 20 22,6,1,2,0.8878866212461854,0.37777777777777777,0.24444444444444446,0.15338882445154478
CMNIST GSC,44,Random,53,0 2 4 7 10 12 14 18 23,5,2,2,0.9740391217969527,0.7333333333333333,0.4000000000000001,0.23954132500231207
CMNIST GSC,44,Random,54,0 3 5 6 7 13 14 18 19,4,3,2,0.950120855560846,0.5555555555555556,0.35555555555555557,0.21562305876620536
CMNIST GSC,44,Random,55,1 5 6 10 11 13 14 19 23,6,2,1,0.950120855560846,0.5555555555555556,0.3555555555555556,0.21562305876620536
CMNIST GSC,44,Random,56,0 4 7 9 12 15 17 19 22,6,2,1,0.8878866212461854,0.37777777777777777,0.24444444444444446,0.15338882445154478
CMNIST GSC,44,Random,57,0 2 3 4 6 7 17 21 23,3,3,3,0.9918886943442414,0.9111111111111111,0.4333333333333334,0.25739089754960076
CMNIST GSC,44,Random,58,1 2 5 7 8 13 21 22 23,5,2,2,0.9740391217969527,0.7333333333333333,0.4000000000000001,0.23954132500231207
CMNIST GSC,44,Random,59,2 9 10 11 12 16 18 19 21,8,0,1,0.7920342249811362,0.2,0.08888888888888889,0.057536428186495514
CMNIST GSC,44,Random,60,4 5 6 7 8 9 18 20 23,5,4,0,0.9740391217969527,0.7333333333333333,0.4000000000000001,0.23954132500231207
CMNIST GSC,44,Random,61,1 3 7 8 10 13 15 18 19,6,1,2,0.8878866212461854,0.37777777777777777,0.24444444444444446,0.15338882445154478
CMNIST GSC,44,Random,62,5 6 9 14 16 20 21 22 23,7,2,0,0.9262025893247393,0.5555555555555556,0.31111111111111117,0.19170479253009864
CMNIST GSC,44,Random,63,0 1 3 5 6 9 19 20 22,4,2,3,0.950120855560846,0.5555555555555556,0.35555555555555557,0.21562305876620536
CMNIST GSC,44,Random,64,0 2 6 7 12 13 14 15 21,5,2,2,0.9118048874822922,0.37777777777777777,0.2888888888888889,0.1773070906876515
CMNIST GSC,44,Random,65,2 5 6 7 8 9 10 12 19,5,3,1,0.922246734013816,0.5555555555555556,0.30000000000000004,0.1877489372191753
CMNIST GSC,44,Random,66,1 2 4 5 12 13 17 20 22,5,2,2,0.9118048874822922,0.37777777777777777,0.2888888888888889,0.1773070906876515
CMNIST GSC,44,Random,67,1 3 5 14 15 16 18 20 22,6,1,2,0.8878866212461854,0.37777777777777777,0.24444444444444446,0.15338882445154478
CMNIST GSC,44,Random,68,2 4 5 7 11 14 17 19 22,5,3,1,0.9157607427932156,0.37777777777777777,0.30000000000000004,0.18126294599857495
CMNIST GSC,44,Random,69,1 6 8 9 14 20 21 22 23,7,1,1,0.9157607427932156,0.37777777777777777,0.30000000000000004,0.18126294599857495
CMNIST GSC,44,Random,70,0 2 4 5 7 11 14 19 21,4,3,2,0.950120855560846,0.5555555555555556,0.35555555555555557,0.21562305876620536
CMNIST GSC,44,Random,71,1 8 11 12 13 14 17 20 23,8,0,1,0.8878866212461854,0.37777777777777777,0.24444444444444446,0.15338882445154478
CMNIST GSC,44,Random,72,5 7 11 14 17 19 21 22 23,7,2,0,0.9262025893247393,0.5555555555555556,0.31111111111111117,0.19170479253009864
CMNIST GSC,44,Random,73,0 5 8 9 10 16 19 20 21,7,1,1,0.8460501740453493,0.37777777777777777,0.16666666666666666,0.11155237725070866
CMNIST GSC,44,Random,74,0 1 3 9 14 17 18 19 22,6,0,3,0.8878866212461854,0.37777777777777777,0.24444444444444446,0.15338882445154478
CMNIST GSC,44,Random,75,0 1 8 10 11 12 13 22 23,7,0,2,0.9118048874822922,0.37777777777777777,0.288888888888889,0.1773070906876515
CMNIST GSC,44,Random,76,0 1 2 4 6 10 13 19 20,4,2,3,0.950120855560846,0.5555555555555556,0.35555555555555557,0.21562305876620536
CMNIST GSC,44,Random,77,0 2 6 7 17 20 21 22 23,5,2,2,0.961674528325381,0.5555555555555556,0.3777777777777778,0.22717673153074036
CMNIST GSC,44,Random,78,3 4 5 12 13 14 16 20 23,6,2,1,0.931828939429179,0.37777777777777777,0.3333333333333334,0.19733114263453833
CMNIST GSC,44,Random,79,1 11 12 15 17 18 20 21 22,8,0,1,0.7920342249811362,0.2,0.08888888888888889,0.057536428186495514
CMNIST GSC,44,Random,80,0 2 4 8 9 11 12 14 15,6,1,2,0.8878866212461854,0.37777777777777777,0.24444444444444446,0.15338882445154478
CMNIST GSC,44,Random,81,1 6 11 12 13 16 18 19 22,7,1,1,0.8338706721819722,0.2,0.16666666666666666,0.09937287538733153
CMNIST GSC,44,Random,82,0 2 7 8 9 10 14 16 19,6,1,2,0.8878866212461854,0.37777777777777777,0.24444444444444446,0.15338882445154478
CMNIST GSC,44,Random,83,1 4 5 6 7 12 13 20 22,4,4,1,0.950120855560846,0.5555555555555556,0.35555555555555557,0.21562305876620536
CMNIST GSC,44,Random,84,2 3 12 13 16 17 18 19 21,7,0,2,0.8303501930596899,0.2,0.15555555555555556,0.09585239626504927
CMNIST GSC,44,Random,85,3 5 8 9 10 12 16 20 22,7,1,1,0.8338706721819724,0.2,0.16666666666666666,0.09937287538733175
CMNIST GSC,44,Random,86,4 6 12 13 15 17 18 22 23,7,2,0,0.9262025893247393,0.5555555555555556,0.31111111111111117,0.19170479253009864
CMNIST GSC,44,Random,87,0 2 4 6 8 12 14 19 22,5,2,2,0.9262025893247393,0.5555555555555556,0.3111111111111111,0.19170479253009864
CMNIST GSC,44,Random,88,1 3 9 10 17 19 20 22 23,7,0,2,0.9262025893247393,0.5555555555555556,0.31111111111111117,0.19170479253009864
CMNIST GSC,44,Random,89,5 6 10 14 16 17 20 22 23,7,2,0,0.9262025893247393,0.5555555555555556,0.31111111111111117,0.19170479253009864
CMNIST GSC,44,Random,90,0 3 6 9 10 16 19 21 23,6,1,2,0.950120855560846,0.5555555555555556,0.3555555555555556,0.21562305876620536
CMNIST GSC,44,Random,91,5 6 7 10 14 15 20 22 23,6,3,0,0.950120855560846,0.5555555555555556,0.3555555555555557,0.21562305876620536
CMNIST GSC,44,Random,92,4 6 8 10 12 16 19 20 23,7,2,0,0.9262025893247393,0.5555555555555556,0.31111111111111117,0.19170479253009864
CMNIST GSC,44,Random,93,0 6 7 9 10 13 17 20 22,6,2,1,0.8617447937290025,0.2,0.2222222222222222,0.1272469969343618
CMNIST GSC,44,Random,94,7 8 11 13 16 17 21 22 23,8,1,0,0.8878866212461854,0.37777777777777777,0.24444444444444446,0.15338882445154478
CMNIST GSC,44,Random,95,1 2 3 4 12 15 17 21 22,5,1,3,0.9157607427932156,0.37777777777777777,0.30000000000000004,0.18126294599857495
CMNIST GSC,44,Random,96,3 8 12 13 15 16 19 20 23,8,0,1,0.8878866212461856,0.37777777777777777,0.24444444444444446,0.1533888244515449
CMNIST GSC,44,Random,97,6 10 15 16 17 18 19 21 22,8,1,0,0.7920342249811362,0.2,0.08888888888888889,0.057536428186495514
CMNIST GSC,44,Random,98,4 6 7 9 14 15 17 19 21,6,3,0,0.8878866212461854,0.37777777777777777,0.24444444444444446,0.15338882445154478
CMNIST GSC,44,Random,99,0 1 4 5 7 9 15 17 19,4,3,2,0.9416504763784942,0.5555555555555556,0.3333333333333333,0.20715267958385353
CMNIST GSC,44,Random,100,0 3 5 7 11 15 18 19 22,5,2,2,0.9262025893247393,0.5555555555555556,0.3111111111111111,0.19170479253009864
CMNIST GSC,44,Random,101,2 4 5 11 12 14 18 19 22,6,2,1,0.8617447937290025,0.2,0.2222222222222222,0.1272469969343618
CMNIST GSC,44,Random,102,2 3 5 10 11 13 15 18 19,6,1,2,0.8617447937290025,0.2,0.2222222222222222,0.1272469969343618
CMNIST GSC,44,Random,103,5 8 10 11 13 14 15 19 22,8,1,0,0.7920342249811362,0.2,0.08888888888888889,0.057536428186495514
CMNIST GSC,44,Random,104,1 6 12 13 17 18 19 21 22,7,1,1,0.8338706721819722,0.2,0.16666666666666666,0.09937287538733153
CMNIST GSC,44,Random,105,0 2 6 12 14 16 18 21 23,6,1,2,0.950120855560846,0.5555555555555556,0.3555555555555556,0.21562305876620536
CMNIST GSC,44,Random,106,2 3 5 7 8 13 16 18 23,5,2,2,0.961674528325381,0.5555555555555556,0.3777777777777779,0.22717673153074036
CMNIST GSC,44,Random,107,3 9 10 11 12 13 20 21 22,8,0,1,0.7920342249811362,0.2,0.08888888888888889,0.057536428186495514
CMNIST GSC,44,Random,108,0 2 5 12 13 18 19 21 22,6,1,2,0.8878866212461854,0.37777777777777777,0.24444444444444446,0.15338882445154478
CMNIST GSC,44,Random,109,0 1 4 5 9 19 20 22 23,5,2,2,0.9557964457613911,0.7333333333333333,0.3555555555555557,0.22129864896675044
CMNIST GSC,44,Random,110,0 3 4 10 11 17 18 20 23,6,1,2,0.950120855560846,0.5555555555555556,0.3555555555555556,0.21562305876620536
CMNIST GSC,44,Random,111,1 2 6 7 8 10 14 17 22,5,2,2,0.9118048874822922,0.37777777777777777,0.2888888888888889,0.1773070906876515
CMNIST GSC,44,Random,112,4 7 11 13 14 17 18 20 23,7,2,0,0.9262025893247393,0.5555555555555556,0.31111111111111117,0.19170479253009864
CMNIST GSC,44,Random,113,1 9 10 11 12 17 18 19 20,8,0,1,0.7920342249811362,0.2,0.08888888888888889,0.057536428186495514
CMNIST GSC,44,Random,114,2 3 4 8 10 12 14 19 22,6,1,2,0.8617447937290025,0.2,0.2222222222222222,0.1272469969343618
CMNIST GSC,44,Random,115,2 5 10 11 13 17 20 21 22,7,1,1,0.8338706721819724,0.2,0.16666666666666666,0.09937287538733175
CMNIST GSC,44,Random,116,1 3 5 7 13 15 16 18 22,5,2,2,0.9262025893247393,0.5555555555555556,0.3111111111111111,0.19170479253009864
CMNIST GSC,44,Random,117,4 7 8 15 16 17 18 19 22,7,2,0,0.8495706531676317,0.37777777777777777,0.17777777777777778,0.11507285637299103
CMNIST GSC,44,Random,118,4 6 8 9 10 12 17 18 23,7,2,0,0.9262025893247393,0.5555555555555556,0.31111111111111117,0.19170479253009864
CMNIST GSC,44,Random,119,0 6 7 8 11 12 13 15 18,6,2,1,0.8617447937290025,0.2,0.2222222222222222,0.1272469969343618
CMNIST GSC,44,Random,120,6 7 8 11 12 16 17 21 23,7,2,0,0.9118048874822922,0.37777777777777777,0.288888888888889,0.1773070906876515
CMNIST GSC,44,Random,121,2 3 8 11 12 14 18 19 21,7,0,2,0.8303501930596899,0.2,0.15555555555555556,0.09585239626504927
CMNIST GSC,44,Random,122,7 8 9 10 14 17 19 20 23,8,1,0,0.8878866212461854,0.37777777777777777,0.24444444444444446,0.15338882445154478
CMNIST GSC,44,Random,123,0 8 10 14 16 17 19 21 23,8,0,1,0.8878866212461854,0.37777777777777777,0.24444444444444446,0.15338882445154478
CMNIST GSC,44,Random,124,5 6 10 12 15 18 19 22 23,7,2,0,0.9262025893247393,0.5555555555555556,0.31111111111111117,0.19170479253009864
CMNIST GSC,44,Random,125,1 4 8 9 14 16 18 21 23,7,1,1,0.9222467340138158,0.5555555555555556,0.30000000000000004,0.18774893721917518
CMNIST GSC,44,Random,126,5 6 9 12 13 14 18 19 23,7,2,0,0.9262025893247393,0.5555555555555556,0.31111111111111117,0.19170479253009864
CMNIST GSC,44,Random,127,0 1 4 11 12 13 16 17 18,6,1,2,0.8804102868129797,0.37777777777777777,0.2222222222222222,0.14591249001833906
CMNIST GSC,44,Random,128,3 4 6 11 12 15 18 22 23,6,2,1,0.950120855560846,0.5555555555555556,0.3555555555555556,0.21562305876620536
CMNIST GSC,44,Random,129,4 6 7 8 11 14 16 19 20,6,3,0,0.8878866212461854,0.37777777777777777,0.24444444444444446,0.15338882445154478
CMNIST GSC,44,Random,130,2 5 10 13 14 15 17 18 21,7,1,1,0.8338706721819724,0.2,0.16666666666666666,0.09937287538733175
CMNIST GSC,44,Random,131,4 6 7 8 9 14 15 17 21,6,3,0,0.8878866212461854,0.37777777777777777,0.24444444444444446,0.15338882445154478
CMNIST GSC,44,Random,132,0 1 8 9 12 19 21 22 23,7,0,2,0.9118048874822922,0.37777777777777777,0.288888888888889,0.1773070906876515
CMNIST GSC,44,Random,133,2 3 6 9 10 13 14 17 19,6,1,2,0.8804102868129797,0.37777777777777777,0.2222222222222222,0.14591249001833906
CMNIST GSC,44,Random,134,0 1 2 7 8 12 13 17 21,5,1,3,0.9157607427932156,0.37777777777777777,0.30000000000000004,0.18126294599857495
CMNIST GSC,44,Random,135,1 2 5 6 8 12 13 20 22,5,2,2,0.9262025893247393,0.5555555555555556,0.3111111111111111,0.19170479253009864
CMNIST GSC,44,Random,136,0 1 2 4 9 12 15 22 23,5,1,3,0.9695245979255244,0.7333333333333333,0.388888888888889,0.2350268011308837
CMNIST GSC,44,Random,137,2 5 6 9 10 15 17 19 22,6,2,1,0.8878866212461856,0.37777777777777777,0.24444444444444446,0.1533888244515449
CMNIST GSC,44,Random,138,2 5 8 9 15 16 21 22 23,7,1,1,0.9157607427932156,0.37777777777777777,0.30000000000000004,0.18126294599857495
CMNIST GSC,44,Random,139,1 2 6 10 11 13 15 18 19,6,1,2,0.8878866212461854,0.37777777777777777,0.24444444444444446,0.15338882445154478
CMNIST GSC,44,Random,140,2 5 9 11 13 15 17 18 20,7,1,1,0.8338706721819724,0.2,0.16666666666666666,0.09937287538733175
CMNIST GSC,44,Random,141,4 5 7 8 10 12 13 19 23,6,3,0,0.950120855560846,0.5555555555555556,0.3555555555555557,0.21562305876620536
CMNIST GSC,44,Random,142,6 7 8 9 13 15 18 19 20,7,2,0,0.8303501930596899,0.2,0.15555555555555556,0.09585239626504927
CMNIST GSC,44,Random,143,0 1 2 10 13 14 16 18 23,6,0,3,0.950120855560846,0.5555555555555556,0.3555555555555557,0.21562305876620536
CMNIST GSC,44,Random,144,0 1 3 5 12 13 16 18 22,5,1,3,0.9222467340138158,0.5555555555555556,0.30000000000000004,0.18774893721917518
CMNIST GSC,44,Random,145,2 4 6 12 14 15 17 18 23,6,2,1,0.950120855560846,0.5555555555555556,0.3555555555555556,0.21562305876620536
CMNIST GSC,44,Random,146,1 4 5 9 12 14 18 20 23,6,2,1,0.9416504763784942,0.5555555555555556,0.3333333333333334,0.20715267958385353
CMNIST GSC,44,Random,147,0 2 3 5 10 14 16 22 23,5,1,3,0.9661890521968094,0.5555555555555556,0.388888888888889,0.23169125540216873
CMNIST GSC,44,Random,148,3 5 7 12 15 20 21 22 23,6,2,1,0.950120855560846,0.5555555555555556,0.3555555555555556,0.21562305876620536
CMNIST GSC,44,Random,149,3 7 8 10 11 15 18 19 21,7,1,1,0.8460501740453493,0.37777777777777777,0.16666666666666666,0.11155237725070866
CMNIST GSC,44,Random,150,2 5 8 10 11 14 15 16 17,7,1,1,0.8338706721819724,0.2,0.16666666666666666,0.09937287538733175
CMNIST GSC,44,Random,151,0 1 2 3 7 11 12 14 16,4,1,4,0.950120855560846,0.5555555555555556,0.35555555555555557,0.21562305876620536
CMNIST GSC,44,Random,152,0 1 3 7 10 11 19 21 22,5,1,3,0.9157607427932156,0.37777777777777777,0.30000000000000004,0.18126294599857495
CMNIST GSC,44,Random,153,6 8 12 14 16 17 19 20 21,8,1,0,0.7920342249811362,0.2,0.08888888888888889,0.057536428186495514
CMNIST GSC,44,Random,154,2 3 4 6 9 11 14 19 23,5,2,2,0.961674528325381,0.5555555555555556,0.3777777777777779,0.22717673153074036
CMNIST GSC,44,Random,155,2 6 7 9 10 16 20 21 22,6,2,1,0.8804102868129797,0.37777777777777777,0.2222222222222222,0.14591249001833906
CMNIST GSC,44,Random,156,1 7 8 9 11 12 17 18 21,7,1,1,0.8338706721819722,0.2,0.16666666666666666,0.09937287538733153
CMNIST GSC,44,Random,157,0 1 2 4 9 12 13 14 21,5,1,3,0.9222467340138158,0.5555555555555556,0.30000000000000004,0.18774893721917518
CMNIST GSC,44,Random,158,0 6 9 10 12 14 16 20 21,7,1,1,0.8338706721819722,0.2,0.16666666666666666,0.09937287538733153
CMNIST GSC,44,Random,159,2 3 6 8 10 11 16 19 21,6,1,2,0.8804102868129797,0.37777777777777777,0.2222222222222222,0.14591249001833906
CMNIST GSC,44,Random,160,2 7 11 13 16 17 19 21 23,7,1,1,0.922246734013816,0.5555555555555556,0.30000000000000004,0.1877489372191753
CMNIST GSC,44,Random,161,8 9 10 12 14 16 19 20 22,9,0,0,0.7344977967946407,0.2,0.0,0.0
CMNIST GSC,44,Random,162,1 3 12 14 15 16 18 19 22,7,0,2,0.8495706531676317,0.37777777777777777,0.17777777777777778,0.11507285637299103
CMNIST GSC,44,Random,163,0 3 6 8 9 13 18 19 22,6,1,2,0.8878866212461854,0.37777777777777777,0.24444444444444446,0.15338882445154478
CMNIST GSC,44,Random,164,4 5 7 8 9 16 18 20 22,6,3,0,0.8878866212461854,0.37777777777777777,0.24444444444444446,0.15338882445154478
CMNIST GSC,44,Random,165,0 5 6 7 14 15 18 19 20,5,3,1,0.9157607427932156,0.37777777777777777,0.30000000000000004,0.18126294599857495
CMNIST GSC,44,Random,166,3 5 10 13 14 16 17 18 20,7,1,1,0.8338706721819724,0.2,0.16666666666666666,0.09937287538733175
CMNIST GSC,44,Random,167,0 4 6 8 10 13 15 18 21,6,2,1,0.8878866212461854,0.37777777777777777,0.24444444444444446,0.15338882445154478
CMNIST GSC,44,Random,168,2 5 6 7 8 10 12 14 19,5,3,1,0.922246734013816,0.5555555555555556,0.30000000000000004,0.1877489372191753
CMNIST GSC,44,Random,169,3 5 14 15 17 19 21 22 23,7,1,1,0.9157607427932156,0.37777777777777777,0.30000000000000004,0.18126294599857495
CMNIST GSC,44,Random,170,0 2 7 8 9 13 14 18 20,6,1,2,0.8878866212461854,0.37777777777777777,0.24444444444444446,0.15338882445154478
CMNIST GSC,44,Random,171,1 4 8 10 13 14 15 18 21,7,1,1,0.8460501740453493,0.37777777777777777,0.16666666666666666,0.11155237725070866
CMNIST GSC,44,Random,172,0 3 4 11 15 17 19 20 22,6,1,2,0.8878866212461854,0.37777777777777777,0.24444444444444446,0.15338882445154478
CMNIST GSC,44,Random,173,4 7 8 11 16 18 20 21 23,7,2,0,0.9262025893247393,0.5555555555555556,0.31111111111111117,0.19170479253009864
CMNIST GSC,44,Random,174,2 3 5 8 11 12 17 19 21,6,1,2,0.8617447937290025,0.2,0.2222222222222222,0.1272469969343618
CMNIST GSC,44,Random,175,0 1 2 4 6 12 13 14 22,4,2,3,0.950120855560846,0.5555555555555556,0.35555555555555557,0.21562305876620536
CMNIST GSC,44,Random,176,3 6 7 8 9 12 13 15 16,6,2,1,0.8804102868129797,0.37777777777777777,0.2222222222222222,0.14591249001833906
CMNIST GSC,44,Random,177,0 1 5 7 8 14 16 18 19,5,2,2,0.9118048874822922,0.37777777777777777,0.288888888888889,0.1773070906876515
CMNIST GSC,44,Random,178,1 2 11 12 13 16 20 21 23,7,0,2,0.9262025893247393,0.5555555555555556,0.31111111111111117,0.19170479253009864
CMNIST GSC,44,Random,179,0 1 2 3 11 14 15 21 23,5,0,4,0.9740391217969527,0.7333333333333333,0.4000000000000001,0.23954132500231207
CMNIST GSC,44,Random,180,1 2 3 9 12 13 15 16 20,6,0,3,0.8878866212461856,0.37777777777777777,0.24444444444444446,0.1533888244515449
CMNIST GSC,44,Random,181,1 3 4 6 8 14 15 17 23,5,2,2,0.9740391217969527,0.7333333333333333,0.4000000000000001,0.23954132500231207
CMNIST GSC,44,Random,182,4 6 7 9 11 13 18 19 22,6,3,0,0.8878866212461854,0.37777777777777777,0.24444444444444446,0.15338882445154478
CMNIST GSC,44,Random,183,1 4 6 12 17 18 19 20 21,6,2,1,0.8878866212461854,0.37777777777777777,0.24444444444444446,0.15338882445154478
CMNIST GSC,44,Random,184,0 1 2 3 9 16 17 18 23,5,0,4,0.9740391217969527,0.7333333333333333,0.4000000000000001,0.23954132500231207
CMNIST GSC,44,Random,185,0 4 8 9 11 14 18 19 23,7,1,1,0.9222467340138158,0.5555555555555556,0.30000000000000004,0.18774893721917518
CMNIST GSC,44,Random,186,1 2 7 11 12 14 17 21 22,6,1,2,0.8878866212461854,0.37777777777777777,0.24444444444444446,0.15338882445154478
CMNIST GSC,44,Random,187,4 5 6 7 13 14 15 20 23,5,4,0,0.9740391217969527,0.7333333333333333,0.4000000000000001,0.23954132500231207
CMNIST GSC,44,Random,188,2 7 8 13 17 19 20 22 23,7,1,1,0.922246734013816,0.5555555555555556,0.30000000000000004,0.1877489372191753
CMNIST GSC,44,Random,189,0 3 4 5 7 11 13 20 22,4,3,2,0.950120855560846,0.5555555555555556,0.35555555555555557,0.21562305876620536
CMNIST GSC,44,Random,190,0 1 6 8 9 10 15 22 23,6,1,2,0.931828939429179,0.37777777777777777,0.3333333333333334,0.19733114263453833
CMNIST GSC,44,Random,191,0 1 2 5 10 15 18 19 23,5,1,3,0.9695245979255244,0.7333333333333333,0.388888888888889,0.2350268011308837
CMNIST GSC,44,Random,192,2 5 7 9 11 16 17 18 20,6,2,1,0.8878866212461856,0.37777777777777777,0.24444444444444446,0.1533888244515449
CMNIST GSC,44,Random,193,4 6 7 8 11 15 19 20 21,6,3,0,0.8878866212461854,0.37777777777777777,0.24444444444444446,0.15338882445154478
CMNIST GSC,44,Random,194,0 1 2 4 12 13 17 19 20,5,1,3,0.9222467340138158,0.5555555555555556,0.30000000000000004,0.18774893721917518
CMNIST GSC,44,Random,195,6 7 8 9 13 15 16 21 23,7,2,0,0.9118048874822922,0.37777777777777777,0.288888888888889,0.1773070906876515
CMNIST GSC,44,Random,196,0 3 7 9 10 11 19 21 22,6,1,2,0.8878866212461854,0.37777777777777777,0.24444444444444446,0.15338882445154478
CMNIST GSC,44,Random,197,2 3 7 9 12 14 15 19 20,6,1,2,0.8804102868129797,0.37777777777777777,0.2222222222222222,0.14591249001833906
CMNIST GSC,44,Random,198,0 4 11 12 13 16 17 18 21,7,1,1,0.8460501740453493,0.37777777777777777,0.16666666666666666,0.11155237725070866
CMNIST GSC,44,Random,199,0 2 3 4 13 15 20 21 23,5,1,3,0.9661890521968094,0.5555555555555556,0.388888888888889,0.23169125540216873
CMNIST GSC,44,Random,200,1 3 6 7 8 11 13 14 16,5,2,2,0.9118048874822922,0.37777777777777777,0.2888888888888889,0.1773070906876515
Spawrious GSC,42,Random,1,1 4 6 7 8 14 15 21 23,5,3,1,0.9661890521968094,0.5555555555555556,0.388888888888889,0.23169125540216873
Spawrious GSC,42,Random,2,3 4 6 13 14 18 19 20 22,6,2,1,0.8878866212461856,0.37777777777777777,0.24444444444444446,0.1533888244515449
Spawrious GSC,42,Random,3,2 4 5 6 10 11 14 21 22,5,3,1,0.9157607427932156,0.37777777777777777,0.30000000000000004,0.18126294599857495
Spawrious GSC,42,Random,4,1 3 7 8 12 14 17 20 21,6,1,2,0.8878866212461854,0.37777777777777777,0.24444444444444446,0.15338882445154478
Spawrious GSC,42,Random,5,0 2 3 7 8 12 16 19 20,5,1,3,0.922246734013816,0.5555555555555556,0.30000000000000004,0.1877489372191753
Spawrious GSC,42,Random,6,0 3 8 9 11 15 16 17 22,7,0,2,0.8495706531676317,0.37777777777777777,0.17777777777777778,0.11507285637299103
Spawrious GSC,42,Random,7,1 7 8 9 11 12 14 18 23,7,1,1,0.9157607427932156,0.37777777777777777,0.30000000000000004,0.18126294599857495
Spawrious GSC,42,Random,8,5 7 9 10 15 17 18 19 23,7,2,0,0.9262025893247393,0.5555555555555556,0.31111111111111117,0.19170479253009864
Spawrious GSC,42,Random,9,1 2 5 6 8 10 14 20 23,5,2,2,0.9740391217969527,0.7333333333333333,0.4000000000000001,0.23954132500231207
Spawrious GSC,42,Random,10,3 5 9 15 16 17 18 21 22,7,1,1,0.8338706721819724,0.2,0.16666666666666666,0.09937287538733175
Spawrious GSC,42,Random,11,1 3 5 6 10 16 19 20 21,5,2,2,0.9262025893247393,0.5555555555555556,0.3111111111111111,0.19170479253009864
Spawrious GSC,42,Random,12,0 1 2 6 13 16 19 20 23,5,1,3,0.9661890521968094,0.5555555555555556,0.388888888888889,0.23169125540216873
Spawrious GSC,42,Random,13,0 2 4 6 7 11 15 19 20,4,3,2,0.950120855560846,0.5555555555555556,0.35555555555555557,0.21562305876620536
Spawrious GSC,42,Random,14,2 4 7 10 13 14 18 20 21,6,2,1,0.8878866212461856,0.37777777777777777,0.24444444444444446,0.1533888244515449
Spawrious GSC,42,Random,15,2 8 12 13 15 20 21 22 23,8,0,1,0.8878866212461856,0.37777777777777777,0.24444444444444446,0.1533888244515449
Spawrious GSC,42,Random,16,0 3 5 8 12 18 20 22 23,6,1,2,0.950120855560846,0.5555555555555556,0.3555555555555556,0.21562305876620536
Spawrious GSC,42,Random,17,0 3 11 13 14 16 18 19 22,7,0,2,0.8495706531676317,0.37777777777777777,0.17777777777777778,0.11507285637299103
Spawrious GSC,42,Random,18,5 6 8 9 10 11 13 20 22,7,2,0,0.8495706531676317,0.37777777777777777,0.17777777777777778,0.11507285637299103
Spawrious GSC,42,Random,19,3 4 8 12 16 17 19 21 22,7,1,1,0.8338706721819724,0.2,0.16666666666666666,0.09937287538733175
Spawrious GSC,42,Random,20,0 1 2 6 9 15 17 18 22,5,1,3,0.9157607427932156,0.37777777777777777,0.30000000000000004,0.18126294599857495
Spawrious GSC,42,Random,21,0 1 6 12 13 14 18 19 23,6,1,2,0.931828939429179,0.37777777777777777,0.3333333333333334,0.19733114263453833
Spawrious GSC,42,Random,22,2 5 8 11 13 16 18 19 21,7,1,1,0.8338706721819724,0.2,0.16666666666666666,0.09937287538733175
Spawrious GSC,42,Random,23,4 6 7 13 14 15 16 19 21,6,3,0,0.8878866212461854,0.37777777777777777,0.24444444444444446,0.15338882445154478
Spawrious GSC,42,Random,24,1 2 3 5 8 9 13 14 17,5,1,3,0.9157607427932156,0.37777777777777777,0.30000000000000004,0.18126294599857495
Spawrious GSC,42,Random,25,6 9 10 11 12 15 17 20 22,8,1,0,0.7920342249811362,0.2,0.08888888888888889,0.057536428186495514
Spawrious GSC,42,Random,26,1 3 4 6 12 13 15 18 22,5,2,2,0.9262025893247393,0.5555555555555556,0.3111111111111111,0.19170479253009864
Spawrious GSC,42,Random,27,0 2 4 12 13 14 15 17 21,6,1,2,0.8878866212461854,0.37777777777777777,0.24444444444444446,0.15338882445154478
Spawrious GSC,42,Random,28,1 2 3 8 9 13 19 22 23,6,0,3,0.950120855560846,0.5555555555555556,0.3555555555555557,0.21562305876620536
Spawrious GSC,42,Random,29,0 7 9 11 15 17 19 21 22,7,1,1,0.8338706721819722,0.2,0.16666666666666666,0.09937287538733153
Spawrious GSC,42,Random,30,0 1 7 8 10 16 17 20 22,6,1,2,0.8617447937290025,0.2,0.2222222222222222,0.1272469969343618
Spawrious GSC,42,Random,31,1 3 10 12 17 18 19 22 23,7,0,2,0.9262025893247393,0.5555555555555556,0.31111111111111117,0.19170479253009864
Spawrious GSC,42,Random,32,1 3 4 6 9 11 12 16 21,5,2,2,0.9262025893247393,0.5555555555555556,0.3111111111111111,0.19170479253009864
Spawrious GSC,42,Random,33,2 3 5 12 14 15 16 18 21,6,1,2,0.8617447937290025,0.2,0.2222222222222222,0.1272469969343618
Spawrious GSC,42,Random,34,6 7 9 10 12 13 15 16 21,7,2,0,0.8303501930596899,0.2,0.15555555555555556,0.09585239626504927
Spawrious GSC,42,Random,35,1 2 3 12 16 19 21 22 23,6,0,3,0.950120855560846,0.5555555555555556,0.3555555555555557,0.21562305876620536
Spawrious GSC,42,Random,36,2 7 8 10 11 13 16 17 20,7,1,1,0.8460501740453493,0.37777777777777777,0.16666666666666666,0.11155237725070866
Spawrious GSC,42,Random,37,0 2 3 5 12 15 17 18 20,5,1,3,0.9157607427932156,0.37777777777777777,0.30000000000000004,0.18126294599857495
Spawrious GSC,42,Random,38,1 2 4 7 11 14 19 20 23,5,2,2,0.9740391217969527,0.7333333333333333,0.4000000000000001,0.23954132500231207
Spawrious GSC,42,Random,39,1 2 4 5 13 16 20 21 23,5,2,2,0.9616745283253811,0.5555555555555556,0.3777777777777778,0.22717673153074047
Spawrious GSC,42,Random,40,0 5 8 9 11 14 16 20 22,7,1,1,0.8460501740453493,0.37777777777777777,0.16666666666666666,0.11155237725070866
Spawrious GSC,42,Random,41,0 3 4 10 11 13 17 20 22,6,1,2,0.8878866212461854,0.37777777777777777,0.24444444444444446,0.15338882445154478
Spawrious GSC,42,Random,42,5 6 8 11 13 14 15 19 22,7,2,0,0.8495706531676317,0.37777777777777777,0.17777777777777778,0.11507285637299103
Spawrious GSC,42,Random,43,4 9 10 11 14 18 19 21 22,8,1,0,0.7920342249811362,0.2,0.08888888888888889,0.057536428186495514
Spawrious GSC,42,Random,44,1 2 3 5 9 13 14 16 23,5,1,3,0.9661890521968094,0.5555555555555556,0.388888888888889,0.23169125540216873
Spawrious GSC,42,Random,45,3 5 8 11 12 13 15 17 18,7,1,1,0.8338706721819724,0.2,0.16666666666666666,0.09937287538733175
Spawrious GSC,42,Random,46,2 4 6 7 12 15 17 19 20,5,3,1,0.922246734013816,0.5555555555555556,0.30000000000000004,0.1877489372191753
Spawrious GSC,42,Random,47,1 3 6 7 14 15 17 18 20,5,2,2,0.9118048874822922,0.37777777777777777,0.2888888888888889,0.1773070906876515
Spawrious GSC,42,Random,48,0 6 7 8 11 13 17 18 21,6,2,1,0.8617447937290025,0.2,0.2222222222222222,0.1272469969343618
Spawrious GSC,42,Random,49,1 2 4 5 6 9 11 14 16,4,3,2,0.950120855560846,0.5555555555555556,0.35555555555555557,0.21562305876620536
Spawrious GSC,42,Random,50,0 3 5 7 9 15 17 19 23,5,2,2,0.9740391217969527,0.7333333333333333,0.4000000000000001,0.23954132500231207
Spawrious GSC,42,Random,51,3 6 7 9 12 13 15 19 22,6,2,1,0.8804102868129797,0.37777777777777777,0.2222222222222222,0.14591249001833906
Spawrious GSC,42,Random,52,0 1 5 9 12 13 14 15 20,6,1,2,0.8804102868129797,0.37777777777777777,0.2222222222222222,0.14591249001833906
Spawrious GSC,42,Random,53,1 8 9 11 13 16 18 21 23,8,0,1,0.8878866212461854,0.37777777777777777,0.24444444444444446,0.15338882445154478
Spawrious GSC,42,Random,54,0 3 4 6 10 17 18 19 22,5,2,2,0.9262025893247393,0.5555555555555556,0.3111111111111111,0.19170479253009864
Spawrious GSC,42,Random,55,1 2 9 11 12 13 20 22 23,7,0,2,0.9262025893247393,0.5555555555555556,0.31111111111111117,0.19170479253009864
Spawrious GSC,42,Random,56,1 2 3 9 11 12 19 21 23,6,0,3,0.950120855560846,0.5555555555555556,0.3555555555555557,0.21562305876620536
Spawrious GSC,42,Random,57,1 7 8 9 10 13 18 22 23,7,1,1,0.9157607427932156,0.37777777777777777,0.30000000000000004,0.18126294599857495
Spawrious GSC,42,Random,58,1 4 5 11 13 17 18 20 21,6,2,1,0.8804102868129797,0.37777777777777777,0.2222222222222222,0.14591249001833906
Spawrious GSC,42,Random,59,2 3 5 10 12 14 15 17 20,6,1,2,0.8617447937290025,0.2,0.2222222222222222,0.1272469969343618
Spawrious GSC,42,Random,60,2 3 5 10 13 14 17 20 21,6,1,2,0.8617447937290025,0.2,0.2222222222222222,0.1272469969343618
Spawrious GSC,42,Random,61,2 4 5 13 14 19 20 22 23,6,2,1,0.931828939429179,0.37777777777777777,0.3333333333333334,0.19733114263453833
Spawrious GSC,42,Random,62,2 7 8 9 12 13 17 19 20,7,1,1,0.8460501740453493,0.37777777777777777,0.16666666666666666,0.11155237725070866
Spawrious GSC,42,Random,63,0 1 2 3 7 8 16 20 21,4,1,4,0.950120855560846,0.5555555555555556,0.35555555555555557,0.21562305876620536
Spawrious GSC,42,Random,64,1 2 4 10 11 12 16 19 21,6,1,2,0.8878866212461854,0.37777777777777777,0.24444444444444446,0.15338882445154478
Spawrious GSC,42,Random,65,0 1 6 7 12 16 19 21 23,5,2,2,0.9416012362823889,0.37777777777777777,0.3555555555555557,0.20710343948774823
Spawrious GSC,42,Random,66,3 4 9 11 12 13 17 18 19,7,1,1,0.8338706721819724,0.2,0.16666666666666666,0.09937287538733175
Spawrious GSC,42,Random,67,0 2 8 10 11 13 18 19 21,7,0,2,0.8495706531676317,0.37777777777777777,0.17777777777777778,0.11507285637299103
Spawrious GSC,42,Random,68,3 5 6 8 10 15 18 21 23,6,2,1,0.950120855560846,0.5555555555555556,0.3555555555555556,0.21562305876620536
Spawrious GSC,42,Random,69,4 6 7 9 10 17 18 19 23,6,3,0,0.950120855560846,0.5555555555555556,0.3555555555555557,0.21562305876620536
Spawrious GSC,42,Random,70,0 4 6 8 11 12 14 17 19,6,2,1,0.8878866212461854,0.37777777777777777,0.24444444444444446,0.15338882445154478
Spawrious GSC,42,Random,71,1 3 9 10 11 17 18 19 21,7,0,2,0.8495706531676317,0.37777777777777777,0.17777777777777778,0.11507285637299103
Spawrious GSC,42,Random,72,0 1 4 5 8 15 19 20 21,5,2,2,0.9102558757091818,0.5555555555555556,0.2666666666666667,0.1757580789145411
Spawrious GSC,42,Random,73,2 9 13 15 16 17 20 21 22,8,0,1,0.7920342249811362,0.2,0.08888888888888889,0.057536428186495514
Spawrious GSC,42,Random,74,0 1 3 4 5 7 11 13 17,3,3,3,0.9695245979255244,0.7333333333333333,0.38888888888888895,0.2350268011308837
Spawrious GSC,42,Random,75,6 7 9 11 14 16 17 20 21,7,2,0,0.8303501930596899,0.2,0.15555555555555556,0.09585239626504927
Spawrious GSC,42,Random,76,2 3 4 5 8 12 14 17 19,5,2,2,0.8817688456758893,0.2,0.2666666666666667,0.14727104888124865
Spawrious GSC,42,Random,77,6 7 13 16 18 19 20 21 23,7,2,0,0.9118048874822922,0.37777777777777777,0.288888888888889,0.1773070906876515
Spawrious GSC,42,Random,78,3 4 6 8 11 13 17 21 22,6,2,1,0.8878866212461856,0.37777777777777777,0.24444444444444446,0.1533888244515449
Spawrious GSC,42,Random,79,9 10 11 14 16 18 19 21 23,9,0,0,0.8495706531676317,0.37777777777777777,0.17777777777777776,0.11507285637299103
Spawrious GSC,42,Random,80,0 4 7 10 13 14 16 22 23,6,2,1,0.950120855560846,0.5555555555555556,0.3555555555555556,0.21562305876620536
Spawrious GSC,42,Random,81,1 2 3 4 7 13 16 17 18,4,2,3,0.950120855560846,0.5555555555555556,0.35555555555555557,0.21562305876620536
Spawrious GSC,42,Random,82,0 3 4 8 10 14 16 19 20,6,1,2,0.8878866212461854,0.37777777777777777,0.24444444444444446,0.15338882445154478
Spawrious GSC,42,Random,83,0 2 3 4 6 9 11 14 15,4,2,3,0.950120855560846,0.5555555555555556,0.35555555555555557,0.21562305876620536
Spawrious GSC,42,Random,84,3 6 7 11 16 17 18 19 21,6,2,1,0.8804102868129797,0.37777777777777777,0.2222222222222222,0.14591249001833906
Spawrious GSC,42,Random,85,0 2 7 9 12 14 17 18 21,6,1,2,0.8878866212461854,0.37777777777777777,0.24444444444444446,0.15338882445154478
Spawrious GSC,42,Random,86,1 3 4 5 6 8 9 13 17,4,3,2,0.950120855560846,0.5555555555555556,0.35555555555555557,0.21562305876620536
Spawrious GSC,42,Random,87,0 2 6 12 15 16 20 22 23,6,1,2,0.950120855560846,0.5555555555555556,0.3555555555555556,0.21562305876620536
Spawrious GSC,42,Random,88,0 1 2 5 14 19 20 21 22,5,1,3,0.9222467340138158,0.5555555555555556,0.30000000000000004,0.18774893721917518
Spawrious GSC,42,Random,89,0 1 4 6 7 15 20 21 22,4,3,2,0.931828939429179,0.37777777777777777,0.3333333333333333,0.19733114263453833
Spawrious GSC,42,Random,90,0 4 6 9 10 13 14 16 18,6,2,1,0.8878866212461854,0.37777777777777777,0.24444444444444446,0.15338882445154478
Spawrious GSC,42,Random,91,0 2 5 10 16 17 20 21 22,6,1,2,0.8878866212461854,0.37777777777777777,0.24444444444444446,0.15338882445154478
Spawrious GSC,42,Random,92,2 3 4 9 10 11 12 15 19,6,1,2,0.8617447937290025,0.2,0.2222222222222222,0.1272469969343618
Spawrious GSC,42,Random,93,1 5 6 7 8 12 13 18 20,5,3,1,0.9157607427932156,0.37777777777777777,0.30000000000000004,0.18126294599857495
Spawrious GSC,42,Random,94,0 1 4 8 14 16 19 20 21,6,1,2,0.8804102868129797,0.37777777777777777,0.2222222222222222,0.14591249001833906
Spawrious GSC,42,Random,95,0 6 10 11 14 15 16 20 23,7,1,1,0.9157607427932156,0.37777777777777777,0.30000000000000004,0.18126294599857495
Spawrious GSC,42,Random,96,4 5 7 10 11 13 16 17 19,6,3,0,0.8878866212461854,0.37777777777777777,0.24444444444444446,0.15338882445154478
Spawrious GSC,42,Random,97,7 8 9 10 12 14 18 21 22,8,1,0,0.7920342249811362,0.2,0.08888888888888889,0.057536428186495514
Spawrious GSC,42,Random,98,0 1 2 4 7 14 15 17 19,4,2,3,0.950120855560846,0.5555555555555556,0.35555555555555557,0.21562305876620536
Spawrious GSC,42,Random,99,1 2 4 5 7 8 12 14 18,4,3,2,0.950120855560846,0.5555555555555556,0.35555555555555557,0.21562305876620536
Spawrious GSC,42,Random,100,4 12 13 14 16 17 18 21 22,8,1,0,0.7920342249811362,0.2,0.08888888888888889,0.057536428186495514
Spawrious GSC,42,Random,101,1 2 6 13 14 17 21 22 23,6,1,2,0.950120855560846,0.5555555555555556,0.3555555555555556,0.21562305876620536
Spawrious GSC,42,Random,102,3 8 10 11 12 15 16 17 20,8,0,1,0.7920342249811362,0.2,0.08888888888888889,0.057536428186495514
Spawrious GSC,42,Random,103,2 5 8 13 14 17 21 22 23,7,1,1,0.9157607427932156,0.37777777777777777,0.30000000000000004,0.18126294599857495
Spawrious GSC,42,Random,104,2 3 8 10 12 16 19 20 22,7,0,2,0.8303501930596899,0.2,0.15555555555555556,0.09585239626504927
Spawrious GSC,42,Random,105,1 4 7 14 15 16 17 19 23,6,2,1,0.950120855560846,0.5555555555555556,0.3555555555555556,0.21562305876620536
Spawrious GSC,42,Random,106,2 5 6 8 10 12 17 19 23,6,2,1,0.950120855560846,0.5555555555555556,0.3555555555555556,0.21562305876620536
Spawrious GSC,42,Random,107,0 1 3 9 11 14 15 19 20,6,0,3,0.8878866212461854,0.37777777777777777,0.24444444444444446,0.15338882445154478
Spawrious GSC,42,Random,108,1 3 11 12 13 15 17 22 23,7,0,2,0.9262025893247393,0.5555555555555556,0.31111111111111117,0.19170479253009864
Spawrious GSC,42,Random,109,2 3 4 5 11 14 15 20 21,5,2,2,0.8817688456758893,0.2,0.2666666666666667,0.14727104888124865
Spawrious GSC,42,Random,110,1 3 9 10 14 15 18 20 22,7,0,2,0.8495706531676317,0.37777777777777777,0.17777777777777778,0.11507285637299103
Spawrious GSC,42,Random,111,1 3 6 8 11 16 18 19 21,6,1,2,0.8878866212461854,0.37777777777777777,0.24444444444444446,0.15338882445154478
Spawrious GSC,42,Random,112,2 3 5 6 12 14 17 19 23,5,2,2,0.961674528325381,0.5555555555555556,0.3777777777777779,0.22717673153074036
Spawrious GSC,42,Random,113,0 1 3 9 11 13 14 16 18,6,0,3,0.8878866212461854,0.37777777777777777,0.24444444444444446,0.15338882445154478
Spawrious GSC,42,Random,114,0 6 8 9 10 11 12 18 20,7,1,1,0.8338706721819722,0.2,0.16666666666666666,0.09937287538733153
Spawrious GSC,42,Random,115,2 9 11 13 15 18 20 21 23,8,0,1,0.8878866212461856,0.37777777777777777,0.24444444444444446,0.1533888244515449
Spawrious GSC,42,Random,116,5 9 11 17 18 19 20 22 23,8,1,0,0.8878866212461854,0.37777777777777777,0.24444444444444446,0.15338882445154478
Spawrious GSC,42,Random,117,2 6 7 9 15 19 20 22 23,6,2,1,0.9416504763784943,0.5555555555555556,0.3333333333333334,0.20715267958385364
Spawrious GSC,42,Random,118,2 6 7 10 13 14 16 18 19,6,2,1,0.8804102868129797,0.37777777777777777,0.2222222222222222,0.14591249001833906
Spawrious GSC,42,Random,119,1 5 6 9 15 16 19 21 22,6,2,1,0.8878866212461854,0.37777777777777777,0.24444444444444446,0.15338882445154478
Spawrious GSC,42,Random,120,2 6 7 10 14 17 18 20 21,6,2,1,0.8804102868129797,0.37777777777777777,0.2222222222222222,0.14591249001833906
Spawrious GSC,42,Random,121,0 1 2 5 8 9 16 17 23,5,1,3,0.9695245979255244,0.7333333333333333,0.388888888888889,0.2350268011308837
Spawrious GSC,42,Random,122,2 4 5 6 11 12 14 22 23,5,3,1,0.9661890521968094,0.5555555555555556,0.388888888888889,0.23169125540216873
Spawrious GSC,42,Random,123,0 4 5 11 12 15 20 21 23,6,2,1,0.9416504763784942,0.5555555555555556,0.3333333333333334,0.20715267958385353
Spawrious GSC,42,Random,124,0 8 10 11 13 17 18 20 21,8,0,1,0.7920342249811362,0.2,0.08888888888888889,0.057536428186495514
Spawrious GSC,42,Random,125,0 2 6 8 10 14 17 19 22,6,1,2,0.8878866212461854,0.37777777777777777,0.24444444444444446,0.15338882445154478
Spawrious GSC,42,Random,126,1 2 3 6 7 12 16 20 22,4,2,3,0.9416504763784943,0.5555555555555556,0.33333333333333337,0.20715267958385364
Spawrious GSC,42,Random,127,0 4 7 11 15 16 18 19 21,6,2,1,0.8878866212461854,0.37777777777777777,0.24444444444444446,0.15338882445154478
Spawrious GSC,42,Random,128,1 4 6 12 14 17 19 20 22,6,2,1,0.8878866212461854,0.37777777777777777,0.24444444444444446,0.15338882445154478
Spawrious GSC,42,Random,129,1 2 9 11 14 16 17 19 23,7,0,2,0.9262025893247393,0.5555555555555556,0.31111111111111117,0.19170479253009864
Spawrious GSC,42,Random,130,1 4 5 9 10 12 16 18 23,6,2,1,0.9416504763784942,0.5555555555555556,0.3333333333333334,0.20715267958385353
Spawrious GSC,42,Random,131,0 4 8 11 13 14 20 22 23,7,1,1,0.9222467340138158,0.5555555555555556,0.30000000000000004,0.18774893721917518
Spawrious GSC,42,Random,132,2 12 14 15 17 19 20 22 23,8,0,1,0.8878866212461856,0.37777777777777777,0.24444444444444446,0.1533888244515449
Spawrious GSC,42,Random,133,2 3 4 11 14 15 16 20 22,6,1,2,0.8617447937290025,0.2,0.2222222222222222,0.1272469969343618
Spawrious GSC,42,Random,134,0 1 2 8 14 15 20 21 23,6,0,3,0.950120855560846,0.5555555555555556,0.3555555555555557,0.21562305876620536
Spawrious GSC,42,Random,135,3 6 7 12 14 18 19 20 22,6,2,1,0.8804102868129797,0.37777777777777777,0.2222222222222222,0.14591249001833906
Spawrious GSC,42,Random,136,0 5 6 7 9 10 13 19 20,5,3,1,0.9157607427932156,0.37777777777777777,0.30000000000000004,0.18126294599857495
Spawrious GSC,42,Random,137,0 2 6 7 9 10 12 14 17,5,2,2,0.9118048874822922,0.37777777777777777,0.2888888888888889,0.1773070906876515
Spawrious GSC,42,Random,138,7 9 10 14 15 16 17 19 23,8,1,0,0.8878866212461854,0.37777777777777777,0.24444444444444446,0.15338882445154478
Spawrious GSC,42,Random,139,0 3 4 5 9 10 19 21 23,5,2,2,0.9616745283253811,0.5555555555555556,0.3777777777777778,0.22717673153074047
Spawrious GSC,42,Random,140,3 6 7 11 14 17 21 22 23,6,2,1,0.9416504763784943,0.5555555555555556,0.3333333333333334,0.20715267958385364
Spawrious GSC,42,Random,141,1 4 10 11 13 14 15 19 22,7,1,1,0.8460501740453493,0.37777777777777777,0.16666666666666666,0.11155237725070866
Spawrious GSC,42,Random,142,0 1 4 5 9 11 18 19 20,5,2,2,0.9102558757091818,0.5555555555555556,0.2666666666666667,0.1757580789145411
Spawrious GSC,42,Random,143,1 6 7 11 14 16 19 20 23,6,2,1,0.931828939429179,0.37777777777777777,0.3333333333333334,0.19733114263453833
Spawrious GSC,42,Random,144,1 5 7 8 9 10 11 12 23,6,2,1,0.950120855560846,0.5555555555555556,0.3555555555555556,0.21562305876620536
Spawrious GSC,42,Random,145,4 6 12 13 14 16 17 19 21,7,2,0,0.8495706531676317,0.37777777777777777,0.17777777777777778,0.11507285637299103
Spawrious GSC,42,Random,146,0 7 10 11 13 14 15 17 20,7,1,1,0.8338706721819722,0.2,0.16666666666666666,0.09937287538733153
Spawrious GSC,42,Random,147,3 7 8 9 10 15 16 17 20,7,1,1,0.8460501740453493,0.37777777777777777,0.16666666666666666,0.11155237725070866
Spawrious GSC,42,Random,148,0 1 3 6 9 10 11 14 20,5,1,3,0.9157607427932156,0.37777777777777777,0.30000000000000004,0.18126294599857495
Spawrious GSC,42,Random,149,2 3 5 8 10 14 17 18 21,6,1,2,0.8617447937290025,0.2,0.2222222222222222,0.1272469969343618
Spawrious GSC,42,Random,150,3 4 7 14 16 18 20 22 23,6,2,1,0.950120855560846,0.5555555555555556,0.3555555555555556,0.21562305876620536
Spawrious GSC,42,Random,151,2 4 11 12 13 16 18 22 23,7,1,1,0.9157607427932156,0.37777777777777777,0.30000000000000004,0.18126294599857495
Spawrious GSC,42,Random,152,0 6 11 13 14 15 16 21 23,7,1,1,0.9157607427932156,0.37777777777777777,0.30000000000000004,0.18126294599857495
Spawrious GSC,42,Random,153,2 6 11 12 14 15 17 19 22,7,1,1,0.8460501740453493,0.37777777777777777,0.16666666666666666,0.11155237725070866
Spawrious GSC,42,Random,154,1 2 4 7 12 13 14 18 22,5,2,2,0.9262025893247393,0.5555555555555556,0.3111111111111111,0.19170479253009864
Spawrious GSC,42,Random,155,3 4 6 11 13 15 17 18 19,6,2,1,0.8878866212461856,0.37777777777777777,0.24444444444444446,0.1533888244515449
Spawrious GSC,42,Random,156,0 2 4 5 7 10 14 15 23,4,3,2,0.9855927945614879,0.7333333333333333,0.4222222222222223,0.2510949977668472
Spawrious GSC,42,Random,157,0 1 5 8 11 12 14 15 22,6,1,2,0.8804102868129797,0.37777777777777777,0.2222222222222222,0.14591249001833906
Spawrious GSC,42,Random,158,1 2 4 8 12 13 15 17 22,6,1,2,0.8878866212461854,0.37777777777777777,0.24444444444444446,0.15338882445154478
Spawrious GSC,42,Random,159,2 5 7 10 18 19 20 22 23,6,2,1,0.950120855560846,0.5555555555555556,0.3555555555555556,0.21562305876620536
Spawrious GSC,42,Random,160,1 5 7 9 10 13 15 22 23,6,2,1,0.950120855560846,0.5555555555555556,0.3555555555555556,0.21562305876620536
Spawrious GSC,42,Random,161,0 1 6 8 12 15 18 19 20,6,1,2,0.8617447937290025,0.2,0.2222222222222222,0.1272469969343618
Spawrious GSC,42,Random,162,3 5 7 8 9 10 13 18 20,6,2,1,0.8878866212461856,0.37777777777777777,0.24444444444444446,0.1533888244515449
Spawrious GSC,42,Random,163,1 6 8 9 13 15 16 21 22,7,1,1,0.8338706721819722,0.2,0.16666666666666666,0.09937287538733153
Spawrious GSC,42,Random,164,1 3 6 8 9 11 13 19 23,6,1,2,0.950120855560846,0.5555555555555556,0.3555555555555556,0.21562305876620536
Spawrious GSC,42,Random,165,1 2 4 8 9 11 12 14 16,6,1,2,0.8878866212461854,0.37777777777777777,0.24444444444444446,0.15338882445154478
Spawrious GSC,42,Random,166,3 4 5 9 10 12 14 18 20,6,2,1,0.8617447937290025,0.2,0.2222222222222222,0.1272469969343618
Spawrious GSC,42,Random,167,1 3 6 9 10 15 18 19 22,6,1,2,0.8878866212461854,0.37777777777777777,0.24444444444444446,0.15338882445154478
Spawrious GSC,42,Random,168,5 9 10 11 12 14 17 22 23,8,1,0,0.8878866212461854,0.37777777777777777,0.24444444444444446,0.15338882445154478
Spawrious GSC,42,Random,169,0 2 4 7 8 11 15 18 19,5,2,2,0.9262025893247393,0.5555555555555556,0.3111111111111111,0.19170479253009864
Spawrious GSC,42,Random,170,4 7 9 10 16 18 19 21 23,7,2,0,0.9262025893247393,0.5555555555555556,0.31111111111111117,0.19170479253009864
Spawrious GSC,42,Random,171,0 6 7 11 15 17 18 19 21,6,2,1,0.8617447937290025,0.2,0.2222222222222222,0.1272469969343618
Spawrious GSC,42,Random,172,5 6 7 8 9 14 15 22 23,6,3,0,0.950120855560846,0.5555555555555556,0.3555555555555557,0.21562305876620536
Spawrious GSC,42,Random,173,2 3 7 11 13 17 20 21 22,6,1,2,0.8804102868129797,0.37777777777777777,0.2222222222222222,0.14591249001833906
Spawrious GSC,42,Random,174,3 6 12 15 18 19 20 21 22,7,1,1,0.8460501740453493,0.37777777777777777,0.16666666666666666,0.11155237725070866
Spawrious GSC,42,Random,175,1 5 7 8 16 19 21 22 23,6,2,1,0.950120855560846,0.5555555555555556,0.3555555555555556,0.21562305876620536
Spawrious GSC,42,Random,176,3 4 8 9 14 15 16 17 22,7,1,1,0.8338706721819724,0.2,0.16666666666666666,0.09937287538733175
Spawrious GSC,42,Random,177,1 8 12 15 16 17 19 20 21,8,0,1,0.7920342249811362,0.2,0.08888888888888889,0.057536428186495514
Spawrious GSC,42,Random,178,0 4 7 8 12 18 19 21 23,6,2,1,0.950120855560846,0.5555555555555556,0.3555555555555556,0.21562305876620536
Spawrious GSC,42,Random,179,3 6 8 9 11 13 16 21 23,7,1,1,0.922246734013816,0.5555555555555556,0.30000000000000004,0.1877489372191753
Spawrious GSC,42,Random,180,2 3 5 10 11 13 14 16 18,6,1,2,0.8617447937290025,0.2,0.2222222222222222,0.1272469969343618
Spawrious GSC,42,Random,181,1 2 4 7 9 14 16 17 19,5,2,2,0.9262025893247393,0.5555555555555556,0.3111111111111111,0.19170479253009864
Spawrious GSC,42,Random,182,2 3 8 9 12 17 18 19 20,7,0,2,0.8303501930596899,0.2,0.15555555555555556,0.09585239626504927
Spawrious GSC,42,Random,183,0 3 11 13 15 16 19 21 22,7,0,2,0.8495706531676317,0.37777777777777777,0.17777777777777778,0.11507285637299103
Spawrious GSC,42,Random,184,1 3 5 7 10 11 12 15 22,5,2,2,0.9262025893247393,0.5555555555555556,0.3111111111111111,0.19170479253009864
Spawrious GSC,42,Random,185,3 7 8 9 10 11 16 20 22,7,1,1,0.8460501740453493,0.37777777777777777,0.16666666666666666,0.11155237725070866
Spawrious GSC,42,Random,186,0 4 5 11 14 16 17 20 22,6,2,1,0.8804102868129797,0.37777777777777777,0.2222222222222222,0.14591249001833906
Spawrious GSC,42,Random,187,3 4 8 9 10 11 12 14 15,7,1,1,0.8338706721819724,0.2,0.16666666666666666,0.09937287538733175
Spawrious GSC,42,Random,188,2 3 5 8 9 12 16 17 20,6,1,2,0.8617447937290025,0.2,0.2222222222222222,0.1272469969343618
Spawrious GSC,42,Random,189,6 7 8 14 16 17 18 21 22,7,2,0,0.8303501930596899,0.2,0.15555555555555556,0.09585239626504927
Spawrious GSC,42,Random,190,5 6 7 9 14 18 20 21 23,6,3,0,0.950120855560846,0.5555555555555556,0.3555555555555557,0.21562305876620536
Spawrious GSC,42,Random,191,2 3 7 9 10 13 14 15 20,6,1,2,0.8804102868129797,0.37777777777777777,0.2222222222222222,0.14591249001833906
Spawrious GSC,42,Random,192,2 3 10 11 13 15 16 21 23,7,0,2,0.9118048874822923,0.37777777777777777,0.288888888888889,0.1773070906876516
Spawrious GSC,42,Random,193,4 8 9 10 13 15 16 18 20,8,1,0,0.7920342249811362,0.2,0.08888888888888889,0.057536428186495514
Spawrious GSC,42,Random,194,2 3 5 6 7 9 13 15 17,4,3,2,0.9416504763784943,0.5555555555555556,0.3333333333333333,0.20715267958385364
Spawrious GSC,42,Random,195,1 3 4 5 10 11 15 19 22,5,2,2,0.9118048874822922,0.37777777777777777,0.2888888888888889,0.1773070906876515
Spawrious GSC,42,Random,196,2 7 9 12 14 16 18 21 23,7,1,1,0.922246734013816,0.5555555555555556,0.30000000000000004,0.1877489372191753
Spawrious GSC,42,Random,197,0 3 5 8 11 14 16 18 19,6,1,2,0.8878866212461854,0.37777777777777777,0.24444444444444446,0.15338882445154478
Spawrious GSC,42,Random,198,0 6 7 8 9 13 17 21 22,6,2,1,0.8617447937290025,0.2,0.2222222222222222,0.1272469969343618
Spawrious GSC,42,Random,199,0 7 9 10 11 12 15 16 23,7,1,1,0.9157607427932156,0.37777777777777777,0.30000000000000004,0.18126294599857495
Spawrious GSC,42,Random,200,4 5 6 8 9 10 17 20 22,6,3,0,0.8878866212461854,0.37777777777777777,0.24444444444444446,0.15338882445154478
Spawrious GSC,43,Random,1,0 9 11 13 14 15 16 20 21,8,0,1,0.7920342249811362,0.2,0.08888888888888889,0.057536428186495514
Spawrious GSC,43,Random,2,1 5 10 12 13 14 17 18 20,7,1,1,0.8460501740453493,0.37777777777777777,0.16666666666666666,0.11155237725070866
Spawrious GSC,43,Random,3,5 7 10 11 13 15 17 18 21,7,2,0,0.8495706531676317,0.37777777777777777,0.17777777777777778,0.11507285637299103
Spawrious GSC,43,Random,4,1 4 5 9 14 15 16 18 21,6,2,1,0.8804102868129797,0.37777777777777777,0.2222222222222222,0.14591249001833906
Spawrious GSC,43,Random,5,3 4 6 8 9 12 13 15 17,6,2,1,0.8878866212461856,0.37777777777777777,0.24444444444444446,0.1533888244515449
Spawrious GSC,43,Random,6,2 6 7 11 12 16 18 20 21,6,2,1,0.8804102868129797,0.37777777777777777,0.2222222222222222,0.14591249001833906
Spawrious GSC,43,Random,7,6 8 9 12 13 14 18 19 21,8,1,0,0.7920342249811362,0.2,0.08888888888888889,0.057536428186495514
Spawrious GSC,43,Random,8,0 1 6 11 17 19 20 22 23,6,1,2,0.931828939429179,0.37777777777777777,0.3333333333333334,0.19733114263453833
Spawrious GSC,43,Random,9,1 2 3 6 16 18 19 22 23,5,1,3,0.9695245979255244,0.7333333333333333,0.388888888888889,0.2350268011308837
Spawrious GSC,43,Random,10,0 4 6 9 11 12 18 20 22,6,2,1,0.8878866212461854,0.37777777777777777,0.24444444444444446,0.15338882445154478
Spawrious GSC,43,Random,11,2 6 8 10 18 19 20 22 23,7,1,1,0.922246734013816,0.5555555555555556,0.30000000000000004,0.1877489372191753
Spawrious GSC,43,Random,12,2 3 4 6 8 9 11 14 18,5,2,2,0.9118048874822923,0.37777777777777777,0.288888888888889,0.1773070906876516
Spawrious GSC,43,Random,13,2 3 7 8 9 10 12 14 21,6,1,2,0.8804102868129797,0.37777777777777777,0.2222222222222222,0.14591249001833906
Spawrious GSC,43,Random,14,0 3 5 9 10 15 16 18 20,6,1,2,0.8878866212461854,0.37777777777777777,0.24444444444444446,0.15338882445154478
Spawrious GSC,43,Random,15,1 2 3 4 8 13 17 19 22,5,1,3,0.9157607427932156,0.37777777777777777,0.30000000000000004,0.18126294599857495
Spawrious GSC,43,Random,16,5 9 11 16 17 18 20 21 23,8,1,0,0.8878866212461854,0.37777777777777777,0.24444444444444446,0.15338882445154478
Spawrious GSC,43,Random,17,3 4 5 7 10 11 13 19 21,5,3,1,0.9157607427932156,0.37777777777777777,0.30000000000000004,0.18126294599857495
Spawrious GSC,43,Random,18,2 3 5 6 11 13 14 16 20,5,2,2,0.9118048874822923,0.37777777777777777,0.288888888888889,0.1773070906876516
Spawrious GSC,43,Random,19,1 3 7 8 9 15 19 20 21,6,1,2,0.8878866212461854,0.37777777777777777,0.24444444444444446,0.15338882445154478
Spawrious GSC,43,Random,20,2 7 11 12 15 16 17 19 21,7,1,1,0.8460501740453493,0.37777777777777777,0.16666666666666666,0.11155237725070866
Spawrious GSC,43,Random,21,4 6 8 10 11 15 19 22 23,7,2,0,0.9262025893247393,0.5555555555555556,0.31111111111111117,0.19170479253009864
Spawrious GSC,43,Random,22,1 3 6 7 9 13 16 19 21,5,2,2,0.9118048874822922,0.37777777777777777,0.2888888888888889,0.1773070906876515
Spawrious GSC,43,Random,23,0 2 3 4 8 11 16 17 22,5,1,3,0.9157607427932156,0.37777777777777777,0.30000000000000004,0.18126294599857495
Spawrious GSC,43,Random,24,0 1 2 4 5 9 10 14 15,4,2,3,0.9416504763784942,0.5555555555555556,0.33333333333333337,0.20715267958385353
Spawrious GSC,43,Random,25,1 2 5 6 13 16 19 20 21,5,2,2,0.9262025893247393,0.5555555555555556,0.3111111111111111,0.19170479253009864
Spawrious GSC,43,Random,26,0 2 3 5 8 10 11 15 17,5,1,3,0.9157607427932156,0.37777777777777777,0.30000000000000004,0.18126294599857495
Spawrious GSC,43,Random,27,1 2 9 10 11 12 16 21 23,7,0,2,0.9262025893247393,0.5555555555555556,0.31111111111111117,0.19170479253009864
Spawrious GSC,43,Random,28,0 2 5 10 11 15 18 19 22,6,1,2,0.8878866212461854,0.37777777777777777,0.24444444444444446,0.15338882445154478
Spawrious GSC,43,Random,29,1 7 8 13 15 16 17 18 22,7,1,1,0.8338706721819722,0.2,0.16666666666666666,0.09937287538733153
Spawrious GSC,43,Random,30,1 5 6 7 12 15 16 17 22,5,3,1,0.9157607427932156,0.37777777777777777,0.30000000000000004,0.18126294599857495
Spawrious GSC,43,Random,31,2 4 6 8 11 12 18 20 23,6,2,1,0.950120855560846,0.5555555555555556,0.3555555555555556,0.21562305876620536
Spawrious GSC,43,Random,32,0 1 2 3 5 6 8 11 21,3,2,4,0.9740391217969527,0.7333333333333333,0.4,0.23954132500231207
Spawrious GSC,43,Random,33,3 5 7 10 11 13 15 20 23,6,2,1,0.950120855560846,0.5555555555555556,0.3555555555555556,0.21562305876620536
Spawrious GSC,43,Random,34,0 4 6 12 14 15 17 18 21,6,2,1,0.8878866212461854,0.37777777777777777,0.24444444444444446,0.15338882445154478
Spawrious GSC,43,Random,35,0 1 3 4 6 11 12 17 23,4,2,3,0.9855927945614879,0.7333333333333333,0.4222222222222223,0.2510949977668472
Spawrious GSC,43,Random,36,2 3 10 15 19 20 21 22 23,7,0,2,0.9118048874822923,0.37777777777777777,0.288888888888889,0.1773070906876516
Spawrious GSC,43,Random,37,0 1 3 4 5 11 15 22 23,4,2,3,0.9758204977082781,0.7333333333333333,0.40000000000000013,0.2413227009136374
Spawrious GSC,43,Random,38,0 3 6 10 11 16 18 22 23,6,1,2,0.950120855560846,0.5555555555555556,0.3555555555555556,0.21562305876620536
Spawrious GSC,43,Random,39,0 2 6 7 8 9 19 21 22,5,2,2,0.9118048874822922,0.37777777777777777,0.2888888888888889,0.1773070906876515
Spawrious GSC,43,Random,40,1 3 7 8 9 10 13 17 23,6,1,2,0.950120855560846,0.5555555555555556,0.3555555555555556,0.21562305876620536
Spawrious GSC,43,Random,41,0 3 4 8 9 10 11 18 20,6,1,2,0.8878866212461854,0.37777777777777777,0.24444444444444446,0.15338882445154478
Spawrious GSC,43,Random,42,1 2 4 5 11 13 19 20 23,5,2,2,0.9616745283253811,0.5555555555555556,0.3777777777777778,0.22717673153074047
Spawrious GSC,43,Random,43,0 5 9 10 14 15 16 17 23,7,1,1,0.9222467340138158,0.5555555555555556,0.30000000000000004,0.18774893721917518
Spawrious GSC,43,Random,44,5 8 9 13 14 15 16 20 21,8,1,0,0.7920342249811362,0.2,0.08888888888888889,0.057536428186495514
Spawrious GSC,43,Random,45,0 1 7 8 11 12 16 17 18,6,1,2,0.8617447937290025,0.2,0.2222222222222222,0.1272469969343618
Spawrious GSC,43,Random,46,1 5 8 12 15 18 20 21 22,7,1,1,0.8460501740453493,0.37777777777777777,0.16666666666666666,0.11155237725070866
Spawrious GSC,43,Random,47,0 2 4 7 8 9 10 13 14,5,2,2,0.9262025893247393,0.5555555555555556,0.3111111111111111,0.19170479253009864
Spawrious GSC,43,Random,48,0 1 6 12 14 15 17 18 23,6,1,2,0.931828939429179,0.37777777777777777,0.3333333333333334,0.19733114263453833
Spawrious GSC,43,Random,49,9 10 12 13 14 15 18 21 23,9,0,0,0.8495706531676317,0.37777777777777777,0.17777777777777776,0.11507285637299103
Spawrious GSC,43,Random,50,0 3 4 5 7 10 13 16 21,4,3,2,0.950120855560846,0.5555555555555556,0.35555555555555557,0.21562305876620536
Spawrious GSC,43,Random,51,3 4 5 7 13 15 17 18 23,5,3,1,0.9661890521968094,0.5555555555555556,0.388888888888889,0.23169125540216873
Spawrious GSC,43,Random,52,3 5 7 12 13 16 17 18 21,6,2,1,0.8878866212461856,0.37777777777777777,0.24444444444444446,0.1533888244515449
Spawrious GSC,43,Random,53,0 3 4 7 10 13 18 21 22,5,2,2,0.9262025893247393,0.5555555555555556,0.3111111111111111,0.19170479253009864
Spawrious GSC,43,Random,54,1 3 4 6 8 9 20 22 23,5,2,2,0.9740391217969527,0.7333333333333333,0.4000000000000001,0.23954132500231207
Spawrious GSC,43,Random,55,0 5 6 7 12 16 17 18 22,5,3,1,0.9157607427932156,0.37777777777777777,0.30000000000000004,0.18126294599857495
Spawrious GSC,43,Random,56,3 7 10 12 14 15 16 20 23,7,1,1,0.922246734013816,0.5555555555555556,0.30000000000000004,0.1877489372191753
Spawrious GSC,43,Random,57,0 1 4 5 10 13 17 21 23,5,2,2,0.9557964457613911,0.7333333333333333,0.3555555555555557,0.22129864896675044
Spawrious GSC,43,Random,58,0 1 2 4 6 11 18 22 23,4,2,3,0.9855927945614879,0.7333333333333333,0.4222222222222223,0.2510949977668472
Spawrious GSC,43,Random,59,2 8 9 10 12 14 16 17 21,8,0,1,0.7920342249811362,0.2,0.08888888888888889,0.057536428186495514
Spawrious GSC,43,Random,60,0 1 2 5 8 14 17 21 23,5,1,3,0.9695245979255244,0.7333333333333333,0.388888888888889,0.2350268011308837
Spawrious GSC,43,Random,61,2 8 9 11 14 15 17 18 19,8,0,1,0.7920342249811362,0.2,0.08888888888888889,0.057536428186495514
Spawrious GSC,43,Random,62,0 8 10 11 14 15 16 21 22,8,0,1,0.7920342249811362,0.2,0.08888888888888889,0.057536428186495514
Spawrious GSC,43,Random,63,0 1 2 4 6 11 20 21 23,4,2,3,0.9855927945614879,0.7333333333333333,0.4222222222222223,0.2510949977668472
Spawrious GSC,43,Random,64,3 4 8 9 10 13 18 20 21,7,1,1,0.8338706721819724,0.2,0.16666666666666666,0.09937287538733175
Spawrious GSC,43,Random,65,0 1 3 10 14 15 16 18 22,6,0,3,0.8878866212461854,0.37777777777777777,0.24444444444444446,0.15338882445154478
Spawrious GSC,43,Random,66,0 1 2 13 14 15 16 17 19,6,0,3,0.8878866212461854,0.37777777777777777,0.24444444444444446,0.15338882445154478
Spawrious GSC,43,Random,67,0 1 3 6 7 11 12 16 19,4,2,3,0.931828939429179,0.37777777777777777,0.33333333333333337,0.19733114263453833
Spawrious GSC,43,Random,68,0 4 7 8 9 11 12 16 20,6,2,1,0.8878866212461854,0.37777777777777777,0.24444444444444446,0.15338882445154478
Spawrious GSC,43,Random,69,2 3 6 11 17 18 19 21 23,6,1,2,0.9416504763784943,0.5555555555555556,0.3333333333333334,0.20715267958385364
Spawrious GSC,43,Random,70,1 4 7 9 12 13 14 20 23,6,2,1,0.950120855560846,0.5555555555555556,0.3555555555555556,0.21562305876620536
Spawrious GSC,43,Random,71,1 3 5 15 17 19 21 22 23,6,1,2,0.950120855560846,0.5555555555555556,0.3555555555555556,0.21562305876620536
Spawrious GSC,43,Random,72,0 1 2 4 6 7 11 17 22,3,3,3,0.9661890521968094,0.5555555555555556,0.38888888888888895,0.23169125540216873
Spawrious GSC,43,Random,73,0 1 9 10 12 15 16 19 22,7,0,2,0.8303501930596899,0.2,0.15555555555555556,0.09585239626504927
Spawrious GSC,43,Random,74,1 5 6 7 14 15 18 21 23,5,3,1,0.9661890521968094,0.5555555555555556,0.388888888888889,0.23169125540216873
Spawrious GSC,43,Random,75,2 3 4 6 9 11 12 14 16,5,2,2,0.9118048874822923,0.37777777777777777,0.288888888888889,0.1773070906876516
Spawrious GSC,43,Random,76,2 3 5 7 10 14 15 17 21,5,2,2,0.9118048874822923,0.37777777777777777,0.288888888888889,0.1773070906876516
Spawrious GSC,43,Random,77,1 2 4 6 9 14 17 18 21,5,2,2,0.9262025893247393,0.5555555555555556,0.3111111111111111,0.19170479253009864
Spawrious GSC,43,Random,78,2 3 5 8 10 12 13 15 22,6,1,2,0.8617447937290025,0.2,0.2222222222222222,0.1272469969343618
Spawrious GSC,43,Random,79,7 9 10 11 13 17 20 21 22,8,1,0,0.7920342249811362,0.2,0.08888888888888889,0.057536428186495514
Spawrious GSC,43,Random,80,1 3 4 8 10 11 17 21 22,6,1,2,0.8878866212461854,0.37777777777777777,0.24444444444444446,0.15338882445154478
Spawrious GSC,43,Random,81,4 11 12 13 15 18 19 21 22,8,1,0,0.7920342249811362,0.2,0.08888888888888889,0.057536428186495514
Spawrious GSC,43,Random,82,2 6 10 12 13 14 18 21 23,7,1,1,0.922246734013816,0.5555555555555556,0.30000000000000004,0.1877489372191753
Spawrious GSC,43,Random,83,2 4 6 7 11 12 16 18 22,5,3,1,0.922246734013816,0.5555555555555556,0.30000000000000004,0.1877489372191753
Spawrious GSC,43,Random,84,2 3 5 6 9 14 15 20 22,5,2,2,0.9118048874822923,0.37777777777777777,0.288888888888889,0.1773070906876516
Spawrious GSC,43,Random,85,1 5 6 7 8 20 21 22 23,5,3,1,0.9661890521968094,0.5555555555555556,0.388888888888889,0.23169125540216873
Spawrious GSC,43,Random,86,1 7 8 11 12 15 16 17 20,7,1,1,0.8338706721819722,0.2,0.16666666666666666,0.09937287538733153
Spawrious GSC,43,Random,87,0 1 7 8 9 14 17 19 23,6,1,2,0.931828939429179,0.37777777777777777,0.3333333333333334,0.19733114263453833
Spawrious GSC,43,Random,88,2 5 9 12 14 15 18 19 22,7,1,1,0.8338706721819724,0.2,0.16666666666666666,0.09937287538733175
Spawrious GSC,43,Random,89,3 6 8 10 14 16 18 19 23,7,1,1,0.922246734013816,0.5555555555555556,0.30000000000000004,0.1877489372191753
Spawrious GSC,43,Random,90,0 2 5 6 7 8 16 17 19,4,3,2,0.950120855560846,0.5555555555555556,0.35555555555555557,0.21562305876620536
Spawrious GSC,43,Random,91,1 7 8 9 12 13 14 19 22,7,1,1,0.8338706721819722,0.2,0.16666666666666666,0.09937287538733153
Spawrious GSC,43,Random,92,1 4 5 7 12 14 16 21 22,5,3,1,0.9222467340138158,0.5555555555555556,0.30000000000000004,0.18774893721917518
Spawrious GSC,43,Random,93,0 1 7 8 10 11 12 16 18,6,1,2,0.8617447937290025,0.2,0.2222222222222222,0.1272469969343618
Spawrious GSC,43,Random,94,2 4 5 7 10 11 12 13 15,5,3,1,0.9157607427932156,0.37777777777777777,0.30000000000000004,0.18126294599857495
Spawrious GSC,43,Random,95,0 2 3 4 5 8 11 13 16,4,2,3,0.931828939429179,0.37777777777777777,0.33333333333333337,0.19733114263453833
Spawrious GSC,43,Random,96,1 7 10 12 13 17 18 21 23,7,1,1,0.9157607427932156,0.37777777777777777,0.30000000000000004,0.18126294599857495
Spawrious GSC,43,Random,97,5 6 8 9 10 17 18 19 21,7,2,0,0.8495706531676317,0.37777777777777777,0.17777777777777778,0.11507285637299103
Spawrious GSC,43,Random,98,0 1 5 11 12 14 15 16 22,6,1,2,0.8804102868129797,0.37777777777777777,0.2222222222222222,0.14591249001833906
Spawrious GSC,43,Random,99,0 1 6 8 13 14 15 16 22,6,1,2,0.8617447937290025,0.2,0.2222222222222222,0.1272469969343618
Spawrious GSC,43,Random,100,3 5 9 11 12 14 19 20 23,7,1,1,0.9157607427932156,0.37777777777777777,0.30000000000000004,0.18126294599857495
Spawrious GSC,43,Random,101,3 6 7 9 15 17 19 21 22,6,2,1,0.8804102868129797,0.37777777777777777,0.2222222222222222,0.14591249001833906
Spawrious GSC,43,Random,102,3 5 8 10 13 14 17 18 23,7,1,1,0.9157607427932156,0.37777777777777777,0.30000000000000004,0.18126294599857495
Spawrious GSC,43,Random,103,1 2 6 9 14 15 18 21 22,6,1,2,0.8878866212461854,0.37777777777777777,0.24444444444444446,0.15338882445154478
Spawrious GSC,43,Random,104,3 9 11 12 14 20 21 22 23,8,0,1,0.8878866212461856,0.37777777777777777,0.24444444444444446,0.1533888244515449
Spawrious GSC,43,Random,105,0 1 7 10 11 12 14 18 21,6,1,2,0.8617447937290025,0.2,0.2222222222222222,0.1272469969343618
Spawrious GSC,43,Random,106,3 4 8 13 18 19 21 22 23,7,1,1,0.9157607427932156,0.37777777777777777,0.30000000000000004,0.18126294599857495
Spawrious GSC,43,Random,107,0 3 4 5 7 15 19 21 22,4,3,2,0.950120855560846,0.5555555555555556,0.35555555555555557,0.21562305876620536
Spawrious GSC,43,Random,108,0 4 13 15 16 18 20 22 23,7,1,1,0.9222467340138158,0.5555555555555556,0.30000000000000004,0.18774893721917518
Spawrious GSC,43,Random,109,0 1 5 8 9 11 12 13 22,6,1,2,0.8804102868129797,0.37777777777777777,0.2222222222222222,0.14591249001833906
Spawrious GSC,43,Random,110,1 9 10 12 14 17 18 20 23,8,0,1,0.8878866212461854,0.37777777777777777,0.24444444444444446,0.15338882445154478
Spawrious GSC,43,Random,111,0 2 3 4 5 6 7 10 19,2,4,3,0.9855927945614877,0.7333333333333333,0.4222222222222223,0.2510949977668471
Spawrious GSC,43,Random,112,3 4 7 10 14 17 18 19 23,6,2,1,0.950120855560846,0.5555555555555556,0.3555555555555556,0.21562305876620536
Spawrious GSC,43,Random,113,2 6 9 10 15 17 18 19 20,7,1,1,0.8460501740453493,0.37777777777777777,0.16666666666666666,0.11155237725070866
Spawrious GSC,43,Random,114,3 5 6 9 12 16 18 21 22,6,2,1,0.8878866212461856,0.37777777777777777,0.24444444444444446,0.1533888244515449
Spawrious GSC,43,Random,115,3 4 5 8 13 18 19 21 22,6,2,1,0.8617447937290025,0.2,0.2222222222222222,0.1272469969343618
Spawrious GSC,43,Random,116,0 2 3 10 13 15 17 18 22,6,0,3,0.8878866212461856,0.37777777777777777,0.24444444444444446,0.1533888244515449
Spawrious GSC,43,Random,117,2 3 6 14 16 17 18 19 23,6,1,2,0.9416504763784943,0.5555555555555556,0.3333333333333334,0.20715267958385364
Spawrious GSC,43,Random,118,4 6 7 10 11 14 17 19 21,6,3,0,0.8878866212461854,0.37777777777777777,0.24444444444444446,0.15338882445154478
Spawrious GSC,43,Random,119,5 8 10 12 14 17 19 22 23,8,1,0,0.8878866212461854,0.37777777777777777,0.24444444444444446,0.15338882445154478
Spawrious GSC,43,Random,120,0 1 2 4 8 13 16 17 22,5,1,3,0.9222467340138158,0.5555555555555556,0.30000000000000004,0.18774893721917518
Spawrious GSC,43,Random,121,1 3 4 7 8 12 16 18 23,5,2,2,0.9740391217969527,0.7333333333333333,0.4000000000000001,0.23954132500231207
Spawrious GSC,43,Random,122,1 6 8 10 14 16 17 20 22,7,1,1,0.8338706721819722,0.2,0.16666666666666666,0.09937287538733153
Spawrious GSC,43,Random,123,1 2 3 4 7 12 15 16 19,4,2,3,0.950120855560846,0.5555555555555556,0.35555555555555557,0.21562305876620536
Spawrious GSC,43,Random,124,0 5 11 13 14 16 18 20 22,7,1,1,0.8460501740453493,0.37777777777777777,0.16666666666666666,0.11155237725070866
Spawrious GSC,43,Random,125,0 2 7 11 12 15 16 17 20,6,1,2,0.8878866212461854,0.37777777777777777,0.24444444444444446,0.15338882445154478
Spawrious GSC,43,Random,126,0 2 3 5 6 10 15 18 23,4,2,3,0.9855927945614877,0.7333333333333333,0.4222222222222223,0.2510949977668471
Spawrious GSC,43,Random,127,1 3 4 6 8 11 12 15 17,5,2,2,0.9262025893247393,0.5555555555555556,0.3111111111111111,0.19170479253009864
Spawrious GSC,43,Random,128,0 3 5 6 9 14 16 20 23,5,2,2,0.9740391217969527,0.7333333333333333,0.4000000000000001,0.23954132500231207
Spawrious GSC,43,Random,129,3 4 7 8 9 14 17 18 21,6,2,1,0.8878866212461856,0.37777777777777777,0.24444444444444446,0.1533888244515449
Spawrious GSC,43,Random,130,1 3 4 5 7 14 17 22 23,4,3,2,0.9855927945614879,0.7333333333333333,0.4222222222222223,0.2510949977668472
Spawrious GSC,43,Random,131,1 3 4 14 16 18 19 21 22,6,1,2,0.8878866212461854,0.37777777777777777,0.24444444444444446,0.15338882445154478
Spawrious GSC,43,Random,132,0 1 4 7 8 11 18 19 21,5,2,2,0.9118048874822922,0.37777777777777777,0.288888888888889,0.1773070906876515
Spawrious GSC,43,Random,133,2 3 4 6 12 17 18 20 23,5,2,2,0.961674528325381,0.5555555555555556,0.3777777777777779,0.22717673153074036
Spawrious GSC,43,Random,134,0 1 5 9 11 15 16 18 22,6,1,2,0.8804102868129797,0.37777777777777777,0.2222222222222222,0.14591249001833906
Spawrious GSC,43,Random,135,2 3 8 9 14 16 17 20 22,7,0,2,0.8303501930596899,0.2,0.15555555555555556,0.09585239626504927
Spawrious GSC,43,Random,136,1 2 4 5 6 7 9 11 22,3,4,2,0.9740391217969527,0.7333333333333333,0.4000000000000001,0.23954132500231207
Spawrious GSC,43,Random,137,0 1 4 5 7 12 13 15 17,4,3,2,0.9416504763784942,0.5555555555555556,0.3333333333333333,0.20715267958385353
Spawrious GSC,43,Random,138,3 4 5 9 11 12 14 21 23,6,2,1,0.931828939429179,0.37777777777777777,0.3333333333333334,0.19733114263453833
Spawrious GSC,43,Random,139,3 4 5 9 16 17 19 20 22,6,2,1,0.8617447937290025,0.2,0.2222222222222222,0.1272469969343618
Spawrious GSC,43,Random,140,0 2 4 7 8 10 12 16 23,5,2,2,0.9740391217969527,0.7333333333333333,0.4000000000000001,0.23954132500231207
Spawrious GSC,43,Random,141,1 5 7 8 9 10 13 20 21,6,2,1,0.8878866212461854,0.37777777777777777,0.24444444444444446,0.15338882445154478
Spawrious GSC,43,Random,142,0 2 5 6 7 8 9 10 20,4,3,2,0.950120855560846,0.5555555555555556,0.35555555555555557,0.21562305876620536
Spawrious GSC,43,Random,143,6 8 9 10 14 16 17 18 23,8,1,0,0.8878866212461854,0.37777777777777777,0.24444444444444446,0.15338882445154478
Spawrious GSC,43,Random,144,1 3 4 7 8 9 12 21 22,5,2,2,0.9262025893247393,0.5555555555555556,0.3111111111111111,0.19170479253009864
Spawrious GSC,43,Random,145,0 3 6 9 12 13 16 17 19,6,1,2,0.8878866212461854,0.37777777777777777,0.24444444444444446,0.15338882445154478
Spawrious GSC,43,Random,146,1 4 6 8 11 14 16 18 23,6,2,1,0.950120855560846,0.5555555555555556,0.3555555555555556,0.21562305876620536
Spawrious GSC,43,Random,147,0 1 5 14 16 19 20 21 23,6,1,2,0.9416504763784942,0.5555555555555556,0.3333333333333334,0.20715267958385353
Spawrious GSC,43,Random,148,0 1 3 4 7 15 16 17 23,4,2,3,0.9855927945614879,0.7333333333333333,0.4222222222222223,0.2510949977668472
Spawrious GSC,43,Random,149,1 5 7 10 15 17 18 21 22,6,2,1,0.8878866212461854,0.37777777777777777,0.24444444444444446,0.15338882445154478
Spawrious GSC,43,Random,150,2 5 6 8 10 15 16 20 21,6,2,1,0.8878866212461856,0.37777777777777777,0.24444444444444446,0.1533888244515449
Spawrious GSC,43,Random,151,3 6 7 9 12 14 17 19 21,6,2,1,0.8804102868129797,0.37777777777777777,0.2222222222222222,0.14591249001833906
Spawrious GSC,43,Random,152,1 3 7 8 12 17 18 19 21,6,1,2,0.8878866212461854,0.37777777777777777,0.24444444444444446,0.15338882445154478
Spawrious GSC,43,Random,153,0 1 8 10 15 16 19 20 21,7,0,2,0.8303501930596899,0.2,0.15555555555555556,0.09585239626504927
Spawrious GSC,43,Random,154,1 2 4 6 14 18 19 21 23,5,2,2,0.9740391217969527,0.7333333333333333,0.4000000000000001,0.23954132500231207
Spawrious GSC,43,Random,155,0 1 2 7 8 9 10 14 23,5,1,3,0.9661890521968094,0.5555555555555556,0.388888888888889,0.23169125540216873
Spawrious GSC,43,Random,156,1 6 8 9 11 12 13 16 20,7,1,1,0.8338706721819722,0.2,0.16666666666666666,0.09937287538733153
Spawrious GSC,43,Random,157,0 4 6 7 8 11 12 14 22,5,3,1,0.9157607427932156,0.37777777777777777,0.30000000000000004,0.18126294599857495
Spawrious GSC,43,Random,158,1 2 4 5 6 7 11 13 17,3,4,2,0.9740391217969527,0.7333333333333333,0.4000000000000001,0.23954132500231207
Spawrious GSC,43,Random,159,0 1 3 5 13 16 18 20 22,5,1,3,0.9222467340138158,0.5555555555555556,0.30000000000000004,0.18774893721917518
Spawrious GSC,43,Random,160,3 8 11 15 17 18 19 20 21,8,0,1,0.7920342249811362,0.2,0.08888888888888889,0.057536428186495514
Spawrious GSC,43,Random,161,3 4 6 9 10 12 13 19 21,6,2,1,0.8878866212461856,0.37777777777777777,0.24444444444444446,0.1533888244515449
Spawrious GSC,43,Random,162,3 4 6 7 10 12 13 16 17,5,3,1,0.922246734013816,0.5555555555555556,0.30000000000000004,0.1877489372191753
Spawrious GSC,43,Random,163,0 2 6 9 13 17 19 20 23,6,1,2,0.950120855560846,0.5555555555555556,0.3555555555555556,0.21562305876620536
Spawrious GSC,43,Random,164,0 1 8 9 11 16 20 22 23,7,0,2,0.9118048874822922,0.37777777777777777,0.288888888888889,0.1773070906876515
Spawrious GSC,43,Random,165,2 3 6 10 13 14 15 20 21,6,1,2,0.8804102868129797,0.37777777777777777,0.2222222222222222,0.14591249001833906
Spawrious GSC,43,Random,166,2 5 8 11 13 15 16 21 22,7,1,1,0.8338706721819724,0.2,0.16666666666666666,0.09937287538733175
Spawrious GSC,43,Random,167,2 6 7 13 15 20 21 22 23,6,2,1,0.9416504763784943,0.5555555555555556,0.3333333333333334,0.20715267958385364
Spawrious GSC,43,Random,168,0 2 4 5 10 12 15 21 22,5,2,2,0.9118048874822922,0.37777777777777777,0.2888888888888889,0.1773070906876515
Spawrious GSC,43,Random,169,0 2 3 5 8 10 18 19 21,5,1,3,0.9157607427932156,0.37777777777777777,0.30000000000000004,0.18126294599857495
Spawrious GSC,43,Random,170,0 7 9 10 13 16 17 20 23,7,1,1,0.9157607427932156,0.37777777777777777,0.30000000000000004,0.18126294599857495
Spawrious GSC,43,Random,171,2 3 6 7 8 14 15 21 23,5,2,2,0.9557964457613913,0.7333333333333333,0.3555555555555557,0.22129864896675067
Spawrious GSC,43,Random,172,0 3 5 6 8 12 14 19 21,5,2,2,0.9262025893247393,0.5555555555555556,0.3111111111111111,0.19170479253009864
Spawrious GSC,43,Random,173,0 2 3 6 7 15 17 21 23,4,2,3,0.9758204977082781,0.7333333333333333,0.40000000000000013,0.2413227009136374
Spawrious GSC,43,Random,174,7 8 9 11 12 16 18 21 22,8,1,0,0.7920342249811362,0.2,0.08888888888888889,0.057536428186495514
Spawrious GSC,43,Random,175,1 2 5 6 12 13 17 19 20,5,2,2,0.9262025893247393,0.5555555555555556,0.3111111111111111,0.19170479253009864
Spawrious GSC,43,Random,176,0 5 10 13 15 16 19 22 23,7,1,1,0.9222467340138158,0.5555555555555556,0.30000000000000004,0.18774893721917518
Spawrious GSC,43,Random,177,3 5 6 7 8 13 14 18 20,5,3,1,0.922246734013816,0.5555555555555556,0.30000000000000004,0.1877489372191753
Spawrious GSC,43,Random,178,5 7 8 12 13 16 17 19 21,7,2,0,0.8495706531676317,0.37777777777777777,0.17777777777777778,0.11507285637299103
Spawrious GSC,43,Random,179,2 8 10 11 13 14 15 20 23,8,0,1,0.8878866212461856,0.37777777777777777,0.24444444444444446,0.1533888244515449
Spawrious GSC,43,Random,180,0 3 5 6 7 10 12 15 22,4,3,2,0.950120855560846,0.5555555555555556,0.35555555555555557,0.21562305876620536
Spawrious GSC,43,Random,181,0 5 10 13 16 18 19 21 22,7,1,1,0.8460501740453493,0.37777777777777777,0.16666666666666666,0.11155237725070866
Spawrious GSC,43,Random,182,0 1 6 7 10 13 19 22 23,5,2,2,0.9416012362823889,0.37777777777777777,0.3555555555555557,0.20710343948774823
Spawrious GSC,43,Random,183,1 3 11 14 17 18 20 21 23,7,0,2,0.9262025893247393,0.5555555555555556,0.31111111111111117,0.19170479253009864
Spawrious GSC,43,Random,184,0 1 2 5 8 13 17 19 20,5,1,3,0.9222467340138158,0.5555555555555556,0.30000000000000004,0.18774893721917518
Spawrious GSC,43,Random,185,0 7 9 14 17 18 20 22 23,7,1,1,0.9157607427932156,0.37777777777777777,0.30000000000000004,0.18126294599857495
Spawrious GSC,43,Random,186,2 4 6 7 9 10 13 15 21,5,3,1,0.922246734013816,0.5555555555555556,0.30000000000000004,0.1877489372191753
Spawrious GSC,43,Random,187,1 4 6 7 9 13 14 19 23,5,3,1,0.9661890521968094,0.5555555555555556,0.388888888888889,0.23169125540216873
Spawrious GSC,43,Random,188,0 6 7 8 10 13 14 15 20,6,2,1,0.8617447937290025,0.2,0.2222222222222222,0.1272469969343618
Spawrious GSC,43,Random,189,0 1 2 4 5 9 13 14 15,4,2,3,0.9416504763784942,0.5555555555555556,0.33333333333333337,0.20715267958385353
Spawrious GSC,43,Random,190,2 5 7 8 10 14 15 17 18,6,2,1,0.8878866212461856,0.37777777777777777,0.24444444444444446,0.1533888244515449
Spawrious GSC,43,Random,191,4 7 9 10 12 13 14 20 21,7,2,0,0.8495706531676317,0.37777777777777777,0.17777777777777778,0.11507285637299103
Spawrious GSC,43,Random,192,0 1 3 5 6 7 14 16 17,3,3,3,0.9661890521968094,0.5555555555555556,0.38888888888888895,0.23169125540216873
Spawrious GSC,43,Random,193,5 7 8 9 12 16 17 20 21,7,2,0,0.8495706531676317,0.37777777777777777,0.17777777777777778,0.11507285637299103
Spawrious GSC,43,Random,194,6 9 10 11 13 15 18 22 23,8,1,0,0.8878866212461854,0.37777777777777777,0.24444444444444446,0.15338882445154478
Spawrious GSC,43,Random,195,4 8 9 12 14 15 19 20 21,8,1,0,0.7920342249811362,0.2,0.08888888888888889,0.057536428186495514
Spawrious GSC,43,Random,196,0 3 4 5 6 7 8 10 23,3,4,2,0.997146467326023,0.9111111111111111,0.44444444444444453,0.2626486705313823
Spawrious GSC,43,Random,197,1 7 8 9 13 15 17 21 22,7,1,1,0.8338706721819722,0.2,0.16666666666666666,0.09937287538733153
Spawrious GSC,43,Random,198,1 3 4 6 8 15 16 17 19,5,2,2,0.9262025893247393,0.5555555555555556,0.3111111111111111,0.19170479253009864
Spawrious GSC,43,Random,199,0 2 5 7 12 14 16 20 21,5,2,2,0.9262025893247393,0.5555555555555556,0.3111111111111111,0.19170479253009864
Spawrious GSC,43,Random,200,1 5 8 10 12 15 16 20 23,7,1,1,0.9222467340138158,0.5555555555555556,0.30000000000000004,0.18774893721917518
Spawrious GSC,44,Random,1,5 7 8 11 15 19 20 21 22,7,2,0,0.8495706531676317,0.37777777777777777,0.17777777777777778,0.11507285637299103
Spawrious GSC,44,Random,2,0 6 7 9 10 14 16 17 22,6,2,1,0.8617447937290025,0.2,0.2222222222222222,0.1272469969343618
Spawrious GSC,44,Random,3,0 1 2 5 6 9 12 16 22,4,2,3,0.950120855560846,0.5555555555555556,0.35555555555555557,0.21562305876620536
Spawrious GSC,44,Random,4,3 5 6 8 10 12 15 16 20,6,2,1,0.8878866212461856,0.37777777777777777,0.24444444444444446,0.1533888244515449
Spawrious GSC,44,Random,5,1 2 3 12 17 18 20 21 23,6,0,3,0.950120855560846,0.5555555555555556,0.3555555555555557,0.21562305876620536
Spawrious GSC,44,Random,6,1 4 5 8 12 17 18 21 23,6,2,1,0.9416504763784942,0.5555555555555556,0.3333333333333334,0.20715267958385353
Spawrious GSC,44,Random,7,1 3 6 8 12 13 19 20 23,6,1,2,0.950120855560846,0.5555555555555556,0.3555555555555556,0.21562305876620536
Spawrious GSC,44,Random,8,2 4 5 13 19 20 21 22 23,6,2,1,0.931828939429179,0.37777777777777777,0.3333333333333334,0.19733114263453833
Spawrious GSC,44,Random,9,1 3 4 5 7 8 9 19 20,4,3,2,0.950120855560846,0.5555555555555556,0.35555555555555557,0.21562305876620536
Spawrious GSC,44,Random,10,0 1 5 13 14 16 17 19 22,6,1,2,0.8804102868129797,0.37777777777777777,0.2222222222222222,0.14591249001833906
Spawrious GSC,44,Random,11,3 4 6 8 9 12 15 18 19,6,2,1,0.8878866212461856,0.37777777777777777,0.24444444444444446,0.1533888244515449
Spawrious GSC,44,Random,12,1 4 5 7 8 11 18 21 22,5,3,1,0.9222467340138158,0.5555555555555556,0.30000000000000004,0.18774893721917518
Spawrious GSC,44,Random,13,3 5 6 8 9 10 12 16 21,6,2,1,0.8878866212461856,0.37777777777777777,0.24444444444444446,0.1533888244515449
Spawrious GSC,44,Random,14,1 2 7 8 9 10 17 21 22,6,1,2,0.8878866212461854,0.37777777777777777,0.24444444444444446,0.15338882445154478
Spawrious GSC,44,Random,15,0 6 7 8 10 12 14 15 23,6,2,1,0.931828939429179,0.37777777777777777,0.3333333333333334,0.19733114263453833
Spawrious GSC,44,Random,16,2 10 11 13 17 18 20 22 23,8,0,1,0.8878866212461856,0.37777777777777777,0.24444444444444446,0.1533888244515449
Spawrious GSC,44,Random,17,4 5 7 11 14 16 20 21 22,6,3,0,0.8878866212461854,0.37777777777777777,0.24444444444444446,0.15338882445154478
Spawrious GSC,44,Random,18,0 5 6 7 10 13 14 16 22,5,3,1,0.9157607427932156,0.37777777777777777,0.30000000000000004,0.18126294599857495
Spawrious GSC,44,Random,19,3 4 8 9 13 16 18 20 21,7,1,1,0.8338706721819724,0.2,0.16666666666666666,0.09937287538733175
Spawrious GSC,44,Random,20,4 5 6 7 9 11 13 20 21,5,4,0,0.9262025893247393,0.5555555555555556,0.3111111111111111,0.19170479253009864
Spawrious GSC,44,Random,21,4 5 13 15 16 17 18 19 20,7,2,0,0.8303501930596899,0.2,0.15555555555555556,0.09585239626504927
Spawrious GSC,44,Random,22,0 3 5 6 7 16 19 20 23,4,3,2,0.9855927945614877,0.7333333333333333,0.4222222222222223,0.2510949977668471
Spawrious GSC,44,Random,23,1 2 3 7 10 15 16 18 21,5,1,3,0.922246734013816,0.5555555555555556,0.30000000000000004,0.1877489372191753
Spawrious GSC,44,Random,24,0 3 4 5 8 13 15 17 19,5,2,2,0.9118048874822922,0.37777777777777777,0.2888888888888889,0.1773070906876515
Spawrious GSC,44,Random,25,0 1 8 9 10 14 17 18 22,7,0,2,0.8303501930596899,0.2,0.15555555555555556,0.09585239626504927
Spawrious GSC,44,Random,26,2 3 6 10 14 16 17 19 23,6,1,2,0.9416504763784943,0.5555555555555556,0.3333333333333334,0.20715267958385364
Spawrious GSC,44,Random,27,0 3 7 11 13 15 17 18 20,6,1,2,0.8878866212461854,0.37777777777777777,0.24444444444444446,0.15338882445154478
Spawrious GSC,44,Random,28,2 7 9 10 12 13 14 21 23,7,1,1,0.922246734013816,0.5555555555555556,0.30000000000000004,0.1877489372191753
Spawrious GSC,44,Random,29,2 3 4 5 7 9 14 16 21,4,3,2,0.931828939429179,0.37777777777777777,0.3333333333333333,0.19733114263453833
Spawrious GSC,44,Random,30,2 3 10 11 12 18 19 22 23,7,0,2,0.9118048874822923,0.37777777777777777,0.288888888888889,0.1773070906876516
Spawrious GSC,44,Random,31,1 7 8 11 12 15 16 22 23,7,1,1,0.9157607427932156,0.37777777777777777,0.30000000000000004,0.18126294599857495
Spawrious GSC,44,Random,32,4 7 8 9 14 15 18 19 23,7,2,0,0.9262025893247393,0.5555555555555556,0.31111111111111117,0.19170479253009864
Spawrious GSC,44,Random,33,4 6 8 13 15 19 20 21 23,7,2,0,0.9262025893247393,0.5555555555555556,0.31111111111111117,0.19170479253009864
Spawrious GSC,44,Random,34,2 5 6 8 9 17 19 20 22,6,2,1,0.8878866212461856,0.37777777777777777,0.24444444444444446,0.1533888244515449
Spawrious GSC,44,Random,35,3 5 6 8 10 15 17 21 22,6,2,1,0.8878866212461856,0.37777777777777777,0.24444444444444446,0.1533888244515449
Spawrious GSC,44,Random,36,0 1 5 6 13 17 18 21 22,5,2,2,0.9118048874822922,0.37777777777777777,0.288888888888889,0.1773070906876515
Spawrious GSC,44,Random,37,1 4 5 9 13 14 15 17 18,6,2,1,0.8804102868129797,0.37777777777777777,0.2222222222222222,0.14591249001833906
Spawrious GSC,44,Random,38,0 1 7 8 9 11 13 17 19,6,1,2,0.8617447937290025,0.2,0.2222222222222222,0.1272469969343618
Spawrious GSC,44,Random,39,1 2 4 7 9 10 13 14 16,5,2,2,0.9262025893247393,0.5555555555555556,0.3111111111111111,0.19170479253009864
Spawrious GSC,44,Random,40,2 4 9 12 16 19 20 21 23,7,1,1,0.9157607427932156,0.37777777777777777,0.30000000000000004,0.18126294599857495
Spawrious GSC,44,Random,41,2 4 5 6 8 9 12 15 20,5,3,1,0.9157607427932156,0.37777777777777777,0.30000000000000004,0.18126294599857495
Spawrious GSC,44,Random,42,0 6 7 8 12 13 16 17 18,6,2,1,0.8617447937290025,0.2,0.2222222222222222,0.1272469969343618
Spawrious GSC,44,Random,43,3 11 14 16 17 19 20 22 23,8,0,1,0.8878866212461856,0.37777777777777777,0.24444444444444446,0.1533888244515449
Spawrious GSC,44,Random,44,0 1 2 8 10 11 13 14 23,6,0,3,0.950120855560846,0.5555555555555556,0.3555555555555557,0.21562305876620536
Spawrious GSC,44,Random,45,0 1 2 4 9 17 19 21 23,5,1,3,0.9695245979255244,0.7333333333333333,0.388888888888889,0.2350268011308837
Spawrious GSC,44,Random,46,1 5 9 10 13 17 20 21 22,7,1,1,0.8460501740453493,0.37777777777777777,0.16666666666666666,0.11155237725070866
Spawrious GSC,44,Random,47,3 4 5 8 13 16 17 22 23,6,2,1,0.931828939429179,0.37777777777777777,0.3333333333333334,0.19733114263453833
Spawrious GSC,44,Random,48,3 6 7 8 12 13 14 20 21,6,2,1,0.8804102868129797,0.37777777777777777,0.2222222222222222,0.14591249001833906
Spawrious GSC,44,Random,49,1 2 4 9 14 15 18 20 23,6,1,2,0.950120855560846,0.5555555555555556,0.3555555555555556,0.21562305876620536
Spawrious GSC,44,Random,50,1 2 3 4 6 8 9 13 17,4,2,3,0.950120855560846,0.5555555555555556,0.35555555555555557,0.21562305876620536
Spawrious GSC,44,Random,51,6 9 10 11 13 14 19 22 23,8,1,0,0.8878866212461854,0.37777777777777777,0.24444444444444446,0.15338882445154478
Spawrious GSC,44,Random,52,0 1 3 4 10 12 19 22 23,5,1,3,0.9695245979255244,0.7333333333333333,0.388888888888889,0.2350268011308837
Spawrious GSC,44,Random,53,1 2 5 12 13 14 16 18 22,6,1,2,0.8878866212461854,0.37777777777777777,0.24444444444444446,0.15338882445154478
Spawrious GSC,44,Random,54,0 5 6 11 14 17 19 22 23,6,2,1,0.950120855560846,0.5555555555555556,0.3555555555555556,0.21562305876620536
Spawrious GSC,44,Random,55,2 3 6 7 8 15 17 19 21,5,2,2,0.9102558757091818,0.5555555555555556,0.2666666666666667,0.1757580789145411
Spawrious GSC,44,Random,56,0 2 4 7 16 18 20 21 22,5,2,2,0.9262025893247393,0.5555555555555556,0.3111111111111111,0.19170479253009864
Spawrious GSC,44,Random,57,1 7 9 10 11 12 14 20 23,7,1,1,0.9157607427932156,0.37777777777777777,0.30000000000000004,0.18126294599857495
Spawrious GSC,44,Random,58,3 4 5 8 9 11 20 21 22,6,2,1,0.8617447937290025,0.2,0.2222222222222222,0.1272469969343618
Spawrious GSC,44,Random,59,4 11 12 16 17 18 21 22 23,8,1,0,0.8878866212461854,0.37777777777777777,0.24444444444444446,0.15338882445154478
Spawrious GSC,44,Random,60,1 4 8 9 11 14 15 18 23,7,1,1,0.9222467340138158,0.5555555555555556,0.30000000000000004,0.18774893721917518
Spawrious GSC,44,Random,61,0 1 2 7 8 9 15 17 20,5,1,3,0.9157607427932156,0.37777777777777777,0.30000000000000004,0.18126294599857495
Spawrious GSC,44,Random,62,0 1 4 8 9 10 16 17 23,6,1,2,0.9416504763784942,0.5555555555555556,0.3333333333333334,0.20715267958385353
Spawrious GSC,44,Random,63,0 10 11 12 14 15 16 18 23,8,0,1,0.8878866212461854,0.37777777777777777,0.24444444444444446,0.15338882445154478
Spawrious GSC,44,Random,64,1 3 4 7 14 15 18 21 22,5,2,2,0.9262025893247393,0.5555555555555556,0.3111111111111111,0.19170479253009864
Spawrious GSC,44,Random,65,2 6 7 8 10 13 14 20 22,6,2,1,0.8804102868129797,0.37777777777777777,0.2222222222222222,0.14591249001833906
Spawrious GSC,44,Random,66,1 2 4 5 6 7 9 11 18,3,4,2,0.9740391217969527,0.7333333333333333,0.4000000000000001,0.23954132500231207
Spawrious GSC,44,Random,67,0 1 3 8 9 13 17 19 21,6,0,3,0.8878866212461854,0.37777777777777777,0.24444444444444446,0.15338882445154478
Spawrious GSC,44,Random,68,10 11 15 17 18 19 20 21 22,9,0,0,0.7344977967946407,0.2,0.0,0.0
Spawrious GSC,44,Random,69,1 2 10 11 14 16 18 21 22,7,0,2,0.8495706531676317,0.37777777777777777,0.17777777777777778,0.11507285637299103
Spawrious GSC,44,Random,70,1 3 4 5 6 10 12 17 21,4,3,2,0.950120855560846,0.5555555555555556,0.35555555555555557,0.21562305876620536
Spawrious GSC,44,Random,71,1 3 7 8 11 12 14 16 21,6,1,2,0.8878866212461854,0.37777777777777777,0.24444444444444446,0.15338882445154478
Spawrious GSC,44,Random,72,1 2 4 8 10 13 16 17 19,6,1,2,0.8878866212461854,0.37777777777777777,0.24444444444444446,0.15338882445154478
Spawrious GSC,44,Random,73,0 1 2 5 11 16 17 19 21,5,1,3,0.9222467340138158,0.5555555555555556,0.30000000000000004,0.18774893721917518
Spawrious GSC,44,Random,74,0 3 6 8 13 19 21 22 23,6,1,2,0.950120855560846,0.5555555555555556,0.3555555555555556,0.21562305876620536
Spawrious GSC,44,Random,75,1 10 11 14 15 17 19 22 23,8,0,1,0.8878866212461854,0.37777777777777777,0.24444444444444446,0.15338882445154478
Spawrious GSC,44,Random,76,0 2 7 10 12 13 14 16 17,6,1,2,0.8878866212461854,0.37777777777777777,0.24444444444444446,0.15338882445154478
Spawrious GSC,44,Random,77,0 4 6 7 8 12 13 15 17,5,3,1,0.9157607427932156,0.37777777777777777,0.30000000000000004,0.18126294599857495
Spawrious GSC,44,Random,78,2 3 4 7 8 13 17 18 20,5,2,2,0.9118048874822923,0.37777777777777777,0.288888888888889,0.1773070906876516
Spawrious GSC,44,Random,79,0 3 11 12 14 15 18 21 23,7,0,2,0.9262025893247393,0.5555555555555556,0.31111111111111117,0.19170479253009864
Spawrious GSC,44,Random,80,2 4 6 8 9 10 12 16 20,6,2,1,0.8878866212461856,0.37777777777777777,0.24444444444444446,0.1533888244515449
Spawrious GSC,44,Random,81,2 6 9 12 14 15 17 21 22,7,1,1,0.8460501740453493,0.37777777777777777,0.16666666666666666,0.11155237725070866
Spawrious GSC,44,Random,82,2 4 8 11 12 15 18 19 23,7,1,1,0.9157607427932156,0.37777777777777777,0.30000000000000004,0.18126294599857495
Spawrious GSC,44,Random,83,5 6 9 10 12 13 17 22 23,7,2,0,0.9262025893247393,0.5555555555555556,0.31111111111111117,0.19170479253009864
Spawrious GSC,44,Random,84,4 5 7 8 9 11 14 21 22,6,3,0,0.8878866212461854,0.37777777777777777,0.24444444444444446,0.15338882445154478
Spawrious GSC,44,Random,85,0 1 2 4 7 8 17 22 23,4,2,3,0.9855927945614879,0.7333333333333333,0.4222222222222223,0.2510949977668472
Spawrious GSC,44,Random,86,2 7 9 10 13 14 18 19 21,7,1,1,0.8460501740453493,0.37777777777777777,0.16666666666666666,0.11155237725070866
Spawrious GSC,44,Random,87,0 2 3 5 6 8 20 22 23,4,2,3,0.9855927945614877,0.7333333333333333,0.4222222222222223,0.2510949977668471
Spawrious GSC,44,Random,88,2 3 5 8 11 18 19 22 23,6,1,2,0.931828939429179,0.37777777777777777,0.3333333333333334,0.19733114263453833
Spawrious GSC,44,Random,89,0 2 5 10 11 12 14 16 23,6,1,2,0.950120855560846,0.5555555555555556,0.3555555555555556,0.21562305876620536
Spawrious GSC,44,Random,90,2 3 9 10 13 14 19 20 22,7,0,2,0.8303501930596899,0.2,0.15555555555555556,0.09585239626504927
Spawrious GSC,44,Random,91,2 4 5 7 11 17 18 20 21,5,3,1,0.9157607427932156,0.37777777777777777,0.30000000000000004,0.18126294599857495
Spawrious GSC,44,Random,92,2 3 4 11 13 14 18 21 23,6,1,2,0.931828939429179,0.37777777777777777,0.3333333333333334,0.19733114263453833
Spawrious GSC,44,Random,93,1 4 5 8 9 10 18 19 23,6,2,1,0.9416504763784942,0.5555555555555556,0.3333333333333334,0.20715267958385353
Spawrious GSC,44,Random,94,2 3 4 8 13 15 17 20 23,6,1,2,0.931828939429179,0.37777777777777777,0.3333333333333334,0.19733114263453833
Spawrious GSC,44,Random,95,3 6 8 12 13 16 19 21 23,7,1,1,0.922246734013816,0.5555555555555556,0.30000000000000004,0.1877489372191753
Spawrious GSC,44,Random,96,3 5 6 10 14 16 19 22 23,6,2,1,0.950120855560846,0.5555555555555556,0.3555555555555556,0.21562305876620536
Spawrious GSC,44,Random,97,0 2 7 8 9 12 14 16 19,6,1,2,0.8878866212461854,0.37777777777777777,0.24444444444444446,0.15338882445154478
Spawrious GSC,44,Random,98,4 5 6 7 9 11 17 20 21,5,4,0,0.9262025893247393,0.5555555555555556,0.3111111111111111,0.19170479253009864
Spawrious GSC,44,Random,99,2 8 9 10 11 13 16 18 20,8,0,1,0.7920342249811362,0.2,0.08888888888888889,0.057536428186495514
Spawrious GSC,44,Random,100,0 10 11 13 16 19 21 22 23,8,0,1,0.8878866212461854,0.37777777777777777,0.24444444444444446,0.15338882445154478
Spawrious GSC,44,Random,101,0 2 7 10 12 14 18 19 22,6,1,2,0.8878866212461854,0.37777777777777777,0.24444444444444446,0.15338882445154478
Spawrious GSC,44,Random,102,1 3 5 7 8 14 16 22 23,5,2,2,0.9740391217969527,0.7333333333333333,0.4000000000000001,0.23954132500231207
Spawrious GSC,44,Random,103,0 3 6 8 13 15 17 19 23,6,1,2,0.950120855560846,0.5555555555555556,0.3555555555555556,0.21562305876620536
Spawrious GSC,44,Random,104,3 4 7 8 11 15 18 21 23,6,2,1,0.950120855560846,0.5555555555555556,0.3555555555555556,0.21562305876620536
Spawrious GSC,44,Random,105,0 3 4 7 9 10 16 19 20,5,2,2,0.9262025893247393,0.5555555555555556,0.3111111111111111,0.19170479253009864
Spawrious GSC,44,Random,106,3 4 5 6 7 9 14 19 20,4,4,1,0.950120855560846,0.5555555555555556,0.35555555555555557,0.21562305876620536
Spawrious GSC,44,Random,107,0 2 6 8 11 13 16 17 20,6,1,2,0.8878866212461854,0.37777777777777777,0.24444444444444446,0.15338882445154478
Spawrious GSC,44,Random,108,0 3 4 7 8 13 15 22 23,5,2,2,0.9740391217969527,0.7333333333333333,0.4000000000000001,0.23954132500231207
Spawrious GSC,44,Random,109,6 9 12 13 14 16 21 22 23,8,1,0,0.8878866212461854,0.37777777777777777,0.24444444444444446,0.15338882445154478
Spawrious GSC,44,Random,110,2 4 7 8 10 17 18 20 21,6,2,1,0.8878866212461856,0.37777777777777777,0.24444444444444446,0.1533888244515449
Spawrious GSC,44,Random,111,0 5 6 8 9 15 18 21 22,6,2,1,0.8878866212461854,0.37777777777777777,0.24444444444444446,0.15338882445154478
Spawrious GSC,44,Random,112,1 6 8 9 12 16 18 21 23,7,1,1,0.9157607427932156,0.37777777777777777,0.30000000000000004,0.18126294599857495
Spawrious GSC,44,Random,113,0 4 6 9 10 11 13 15 22,6,2,1,0.8878866212461854,0.37777777777777777,0.24444444444444446,0.15338882445154478
Spawrious GSC,44,Random,114,0 3 10 11 14 17 18 19 22,7,0,2,0.8495706531676317,0.37777777777777777,0.17777777777777778,0.11507285637299103
Spawrious GSC,44,Random,115,2 4 7 11 12 14 17 20 22,6,2,1,0.8878866212461856,0.37777777777777777,0.24444444444444446,0.1533888244515449
Spawrious GSC,44,Random,116,0 1 4 8 12 15 17 20 22,6,1,2,0.8804102868129797,0.37777777777777777,0.2222222222222222,0.14591249001833906
Spawrious GSC,44,Random,117,4 7 10 11 12 17 19 20 22,7,2,0,0.8495706531676317,0.37777777777777777,0.17777777777777778,0.11507285637299103
Spawrious GSC,44,Random,118,5 11 14 15 16 18 20 21 22,8,1,0,0.7920342249811362,0.2,0.08888888888888889,0.057536428186495514
Spawrious GSC,44,Random,119,1 2 4 8 9 10 20 22 23,6,1,2,0.950120855560846,0.5555555555555556,0.3555555555555556,0.21562305876620536
Spawrious GSC,44,Random,120,3 8 11 12 13 14 17 18 21,8,0,1,0.7920342249811362,0.2,0.08888888888888889,0.057536428186495514
Spawrious GSC,44,Random,121,0 6 8 12 13 17 19 20 22,7,1,1,0.8338706721819722,0.2,0.16666666666666666,0.09937287538733153
Spawrious GSC,44,Random,122,0 1 2 3 13 14 16 21 22,5,0,4,0.9262025893247393,0.5555555555555556,0.3111111111111111,0.19170479253009864
Spawrious GSC,44,Random,123,4 5 7 8 9 13 15 21 22,6,3,0,0.8878866212461854,0.37777777777777777,0.24444444444444446,0.15338882445154478
Spawrious GSC,44,Random,124,1 3 5 11 12 13 16 21 22,6,1,2,0.8878866212461854,0.37777777777777777,0.24444444444444446,0.15338882445154478
Spawrious GSC,44,Random,125,0 4 6 7 9 10 11 17 22,5,3,1,0.9157607427932156,0.37777777777777777,0.30000000000000004,0.18126294599857495
Spawrious GSC,44,Random,126,0 4 7 8 11 17 20 21 22,6,2,1,0.8878866212461854,0.37777777777777777,0.24444444444444446,0.15338882445154478
Spawrious GSC,44,Random,127,1 4 5 13 17 19 20 21 23,6,2,1,0.9416504763784942,0.5555555555555556,0.3333333333333334,0.20715267958385353
Spawrious GSC,44,Random,128,1 9 11 13 14 16 17 19 22,8,0,1,0.7920342249811362,0.2,0.08888888888888889,0.057536428186495514
Spawrious GSC,44,Random,129,0 2 4 6 9 12 16 21 22,5,2,2,0.9262025893247393,0.5555555555555556,0.3111111111111111,0.19170479253009864
Spawrious GSC,44,Random,130,2 10 12 14 16 17 19 20 22,8,0,1,0.7920342249811362,0.2,0.08888888888888889,0.057536428186495514
Spawrious GSC,44,Random,131,0 2 5 9 14 15 17 18 19,6,1,2,0.8878866212461854,0.37777777777777777,0.24444444444444446,0.15338882445154478
Spawrious GSC,44,Random,132,2 8 9 13 14 16 19 20 21,8,0,1,0.7920342249811362,0.2,0.08888888888888889,0.057536428186495514
Spawrious GSC,44,Random,133,5 7 10 11 12 13 14 17 22,7,2,0,0.8495706531676317,0.37777777777777777,0.17777777777777778,0.11507285637299103
Spawrious GSC,44,Random,134,4 5 7 12 13 16 17 19 22,6,3,0,0.8878866212461854,0.37777777777777777,0.24444444444444446,0.15338882445154478
Spawrious GSC,44,Random,135,0 1 3 9 10 15 16 17 18,6,0,3,0.8878866212461854,0.37777777777777777,0.24444444444444446,0.15338882445154478
Spawrious GSC,44,Random,136,2 4 8 9 11 12 18 22 23,7,1,1,0.9157607427932156,0.37777777777777777,0.30000000000000004,0.18126294599857495
Spawrious GSC,44,Random,137,4 5 6 8 13 15 16 17 22,6,3,0,0.8878866212461854,0.37777777777777777,0.24444444444444446,0.15338882445154478
Spawrious GSC,44,Random,138,0 1 9 10 11 12 13 16 17,7,0,2,0.8303501930596899,0.2,0.15555555555555556,0.09585239626504927
Spawrious GSC,44,Random,139,3 4 6 9 11 13 18 22 23,6,2,1,0.950120855560846,0.5555555555555556,0.3555555555555556,0.21562305876620536
Spawrious GSC,44,Random,140,4 5 11 12 13 14 15 17 21,7,2,0,0.8303501930596899,0.2,0.15555555555555556,0.09585239626504927
Spawrious GSC,44,Random,141,3 6 11 12 14 17 18 21 23,7,1,1,0.922246734013816,0.5555555555555556,0.30000000000000004,0.1877489372191753
Spawrious GSC,44,Random,142,0 5 8 11 14 15 18 19 21,7,1,1,0.8460501740453493,0.37777777777777777,0.16666666666666666,0.11155237725070866
Spawrious GSC,44,Random,143,2 3 6 8 10 14 16 18 22,6,1,2,0.8804102868129797,0.37777777777777777,0.2222222222222222,0.14591249001833906
Spawrious GSC,44,Random,144,3 8 9 12 14 16 17 21 22,8,0,1,0.7920342249811362,0.2,0.08888888888888889,0.057536428186495514
Spawrious GSC,44,Random,145,3 5 10 11 14 15 18 21 22,7,1,1,0.8338706721819724,0.2,0.16666666666666666,0.09937287538733175
Spawrious GSC,44,Random,146,1 8 9 11 12 14 15 16 19,8,0,1,0.7920342249811362,0.2,0.08888888888888889,0.057536428186495514
Spawrious GSC,44,Random,147,8 9 10 12 19 20 21 22 23,9,0,0,0.8495706531676317,0.37777777777777777,0.17777777777777776,0.11507285637299103
Spawrious GSC,44,Random,148,3 5 6 11 12 14 15 22 23,6,2,1,0.950120855560846,0.5555555555555556,0.3555555555555556,0.21562305876620536
Spawrious GSC,44,Random,149,0 5 6 12 13 17 18 19 23,6,2,1,0.950120855560846,0.5555555555555556,0.3555555555555556,0.21562305876620536
Spawrious GSC,44,Random,150,7 14 16 17 18 19 20 21 23,8,1,0,0.8878866212461854,0.37777777777777777,0.24444444444444446,0.15338882445154478
Spawrious GSC,44,Random,151,0 1 4 8 12 14 16 17 20,6,1,2,0.8804102868129797,0.37777777777777777,0.2222222222222222,0.14591249001833906
Spawrious GSC,44,Random,152,3 5 7 9 15 16 17 19 22,6,2,1,0.8878866212461856,0.37777777777777777,0.24444444444444446,0.1533888244515449
Spawrious GSC,44,Random,153,0 2 3 4 8 10 12 13 15,5,1,3,0.9157607427932156,0.37777777777777777,0.30000000000000004,0.18126294599857495
Spawrious GSC,44,Random,154,2 5 6 7 10 14 16 19 23,5,3,1,0.9695245979255244,0.7333333333333333,0.388888888888889,0.2350268011308837
Spawrious GSC,44,Random,155,2 3 5 9 10 15 17 18 22,6,1,2,0.8617447937290025,0.2,0.2222222222222222,0.1272469969343618
Spawrious GSC,44,Random,156,0 4 9 10 13 14 18 19 23,7,1,1,0.9222467340138158,0.5555555555555556,0.30000000000000004,0.18774893721917518
Spawrious GSC,44,Random,157,2 6 9 11 14 16 18 20 23,7,1,1,0.922246734013816,0.5555555555555556,0.30000000000000004,0.1877489372191753
Spawrious GSC,44,Random,158,4 7 8 12 14 16 17 21 22,7,2,0,0.8495706531676317,0.37777777777777777,0.17777777777777778,0.11507285637299103
Spawrious GSC,44,Random,159,0 1 2 10 15 20 21 22 23,6,0,3,0.950120855560846,0.5555555555555556,0.3555555555555557,0.21562305876620536
Spawrious GSC,44,Random,160,3 4 9 12 13 15 19 22 23,7,1,1,0.9157607427932156,0.37777777777777777,0.30000000000000004,0.18126294599857495
Spawrious GSC,44,Random,161,1 5 6 8 9 14 15 16 18,6,2,1,0.8878866212461854,0.37777777777777777,0.24444444444444446,0.15338882445154478
Spawrious GSC,44,Random,162,1 3 8 10 17 19 20 22 23,7,0,2,0.9262025893247393,0.5555555555555556,0.31111111111111117,0.19170479253009864
Spawrious GSC,44,Random,163,1 5 6 7 9 16 18 19 23,5,3,1,0.9661890521968094,0.5555555555555556,0.388888888888889,0.23169125540216873
Spawrious GSC,44,Random,164,4 5 7 9 10 13 14 18 23,6,3,0,0.950120855560846,0.5555555555555556,0.3555555555555557,0.21562305876620536
Spawrious GSC,44,Random,165,0 1 4 6 8 9 16 21 22,5,2,2,0.9118048874822922,0.37777777777777777,0.288888888888889,0.1773070906876515
Spawrious GSC,44,Random,166,0 1 4 6 8 10 20 22 23,5,2,2,0.9616745283253811,0.5555555555555556,0.3777777777777779,0.22717673153074047
Spawrious GSC,44,Random,167,2 4 5 10 12 13 14 17 18,6,2,1,0.8617447937290025,0.2,0.2222222222222222,0.1272469969343618
Spawrious GSC,44,Random,168,2 3 8 11 12 16 19 20 23,7,0,2,0.9118048874822923,0.37777777777777777,0.288888888888889,0.1773070906876516
Spawrious GSC,44,Random,169,1 3 7 9 11 17 20 22 23,6,1,2,0.950120855560846,0.5555555555555556,0.3555555555555556,0.21562305876620536
Spawrious GSC,44,Random,170,3 5 7 11 13 14 19 21 23,6,2,1,0.950120855560846,0.5555555555555556,0.3555555555555556,0.21562305876620536
Spawrious GSC,44,Random,171,3 8 11 12 13 15 16 22 23,8,0,1,0.8878866212461856,0.37777777777777777,0.24444444444444446,0.1533888244515449
Spawrious GSC,44,Random,172,4 7 10 15 17 20 21 22 23,7,2,0,0.9262025893247393,0.5555555555555556,0.31111111111111117,0.19170479253009864
Spawrious GSC,44,Random,173,0 4 6 8 13 14 18 19 21,6,2,1,0.8878866212461854,0.37777777777777777,0.24444444444444446,0.15338882445154478
Spawrious GSC,44,Random,174,1 2 4 10 12 14 18 22 23,6,1,2,0.950120855560846,0.5555555555555556,0.3555555555555556,0.21562305876620536
Spawrious GSC,44,Random,175,6 10 12 14 16 19 20 21 22,8,1,0,0.7920342249811362,0.2,0.08888888888888889,0.057536428186495514
Spawrious GSC,44,Random,176,1 4 13 15 19 20 21 22 23,7,1,1,0.9222467340138158,0.5555555555555556,0.30000000000000004,0.18774893721917518
Spawrious GSC,44,Random,177,3 6 7 10 11 12 13 20 21,6,2,1,0.8804102868129797,0.37777777777777777,0.2222222222222222,0.14591249001833906
Spawrious GSC,44,Random,178,0 3 5 7 8 12 13 19 20,5,2,2,0.9262025893247393,0.5555555555555556,0.3111111111111111,0.19170479253009864
Spawrious GSC,44,Random,179,0 2 5 7 9 10 11 12 14,5,2,2,0.9262025893247393,0.5555555555555556,0.3111111111111111,0.19170479253009864
Spawrious GSC,44,Random,180,0 1 2 4 6 8 17 18 22,4,2,3,0.950120855560846,0.5555555555555556,0.35555555555555557,0.21562305876620536
Spawrious GSC,44,Random,181,3 4 6 7 9 10 20 22 23,5,3,1,0.9695245979255244,0.7333333333333333,0.388888888888889,0.2350268011308837
Spawrious GSC,44,Random,182,1 3 5 7 8 12 13 17 18,5,2,2,0.9262025893247393,0.5555555555555556,0.3111111111111111,0.19170479253009864
Spawrious GSC,44,Random,183,0 3 4 9 10 14 15 16 22,6,1,2,0.8878866212461854,0.37777777777777777,0.24444444444444446,0.15338882445154478
Spawrious GSC,44,Random,184,1 5 8 9 11 12 14 17 18,7,1,1,0.8460501740453493,0.37777777777777777,0.16666666666666666,0.11155237725070866
Spawrious GSC,44,Random,185,3 8 9 12 13 14 15 17 19,8,0,1,0.7920342249811362,0.2,0.08888888888888889,0.057536428186495514
Spawrious GSC,44,Random,186,2 3 7 13 16 19 20 21 22,6,1,2,0.8804102868129797,0.37777777777777777,0.2222222222222222,0.14591249001833906
Spawrious GSC,44,Random,187,1 5 7 8 10 14 18 19 22,6,2,1,0.8878866212461854,0.37777777777777777,0.24444444444444446,0.15338882445154478
Spawrious GSC,44,Random,188,0 1 2 7 8 12 16 17 23,5,1,3,0.9661890521968094,0.5555555555555556,0.388888888888889,0.23169125540216873
Spawrious GSC,44,Random,189,2 3 5 10 11 14 16 17 23,6,1,2,0.931828939429179,0.37777777777777777,0.3333333333333334,0.19733114263453833
Spawrious GSC,44,Random,190,1 3 14 15 17 20 21 22 23,7,0,2,0.9262025893247393,0.5555555555555556,0.31111111111111117,0.19170479253009864
Spawrious GSC,44,Random,191,0 2 4 5 8 10 13 14 15,5,2,2,0.9118048874822922,0.37777777777777777,0.2888888888888889,0.1773070906876515
Spawrious GSC,44,Random,192,1 2 5 7 15 19 20 22 23,5,2,2,0.9740391217969527,0.7333333333333333,0.4000000000000001,0.23954132500231207
Spawrious GSC,44,Random,193,0 3 4 9 10 11 12 16 19,6,1,2,0.8878866212461854,0.37777777777777777,0.24444444444444446,0.15338882445154478
Spawrious GSC,44,Random,194,1 2 3 6 7 9 15 18 21,4,2,3,0.9416504763784943,0.5555555555555556,0.33333333333333337,0.20715267958385364
Spawrious GSC,44,Random,195,1 3 4 8 15 16 17 18 23,6,1,2,0.950120855560846,0.5555555555555556,0.3555555555555556,0.21562305876620536
Spawrious GSC,44,Random,196,2 5 7 10 12 16 18 20 22,6,2,1,0.8878866212461856,0.37777777777777777,0.24444444444444446,0.1533888244515449
Spawrious GSC,44,Random,197,4 9 10 12 13 14 16 22 23,8,1,0,0.8878866212461854,0.37777777777777777,0.24444444444444446,0.15338882445154478
Spawrious GSC,44,Random,198,2 3 7 11 12 13 14 15 21,6,1,2,0.8804102868129797,0.37777777777777777,0.2222222222222222,0.14591249001833906
Spawrious GSC,44,Random,199,2 4 5 6 9 11 13 14 16,5,3,1,0.9157607427932156,0.37777777777777777,0.30000000000000004,0.18126294599857495
Spawrious GSC,44,Random,200,0 3 4 6 13 15 17 19 21,5,2,2,0.9262025893247393,0.5555555555555556,0.3111111111111111,0.19170479253009864
Spawrious GSC,42,FedDiverse,1,0 1 2 3 5 7 15 18 19,3,2,4,0.9740391217969527,0.7333333333333333,0.4,0.23954132500231207
Spawrious GSC,42,FedDiverse,2,0 1 2 3 5 12 15 18 19,4,1,4,0.950120855560846,0.5555555555555556,0.35555555555555557,0.21562305876620536
Spawrious GSC,42,FedDiverse,3,0 1 2 3 5 15 17 18 19,4,1,4,0.950120855560846,0.5555555555555556,0.35555555555555557,0.21562305876620536
Spawrious GSC,42,FedDiverse,4,0 1 2 3 5 7 14 15 23,3,2,4,0.997146467326023,0.9111111111111111,0.4444444444444444,0.2626486705313823
Spawrious GSC,42,FedDiverse,5,0 1 3 4 5 7 15 18 19,3,3,3,0.9695245979255244,0.7333333333333333,0.38888888888888895,0.2350268011308837
Spawrious GSC,42,FedDiverse,6,0 1 2 3 5 13 15 18 19,4,1,4,0.950120855560846,0.5555555555555556,0.35555555555555557,0.21562305876620536
Spawrious GSC,42,FedDiverse,7,0 1 2 3 5 8 15 18 20,4,1,4,0.950120855560846,0.5555555555555556,0.35555555555555557,0.21562305876620536
Spawrious GSC,42,FedDiverse,8,0 1 2 3 5 7 9 15 18,3,2,4,0.9740391217969527,0.7333333333333333,0.4,0.23954132500231207
Spawrious GSC,42,FedDiverse,9,0 1 2 5 15 17 18 19 23,5,1,3,0.9695245979255244,0.7333333333333333,0.388888888888889,0.2350268011308837
Spawrious GSC,42,FedDiverse,10,0 1 2 3 5 10 15 18 19,4,1,4,0.950120855560846,0.5555555555555556,0.35555555555555557,0.21562305876620536
Spawrious GSC,42,FedDiverse,11,0 1 2 3 5 15 17 18 19,4,1,4,0.950120855560846,0.5555555555555556,0.35555555555555557,0.21562305876620536
Spawrious GSC,42,FedDiverse,12,0 1 2 5 7 11 15 18 19,4,2,3,0.950120855560846,0.5555555555555556,0.35555555555555557,0.21562305876620536
Spawrious GSC,42,FedDiverse,13,0 1 3 5 6 15 16 18 19,4,2,3,0.950120855560846,0.5555555555555556,0.35555555555555557,0.21562305876620536
Spawrious GSC,42,FedDiverse,14,0 1 3 5 7 15 17 18 19,4,2,3,0.950120855560846,0.5555555555555556,0.35555555555555557,0.21562305876620536
Spawrious GSC,42,FedDiverse,15,0 1 2 5 7 8 15 18 23,4,2,3,0.9855927945614879,0.7333333333333333,0.4222222222222223,0.2510949977668472
Spawrious GSC,42,FedDiverse,16,0 1 2 3 5 12 15 18 19,4,1,4,0.950120855560846,0.5555555555555556,0.35555555555555557,0.21562305876620536
Spawrious GSC,42,FedDiverse,17,0 1 2 3 5 11 15 18 20,4,1,4,0.950120855560846,0.5555555555555556,0.35555555555555557,0.21562305876620536
Spawrious GSC,42,FedDiverse,18,1 2 3 5 7 12 15 18 19,4,2,3,0.950120855560846,0.5555555555555556,0.35555555555555557,0.21562305876620536
Spawrious GSC,42,FedDiverse,19,1 2 5 7 12 15 17 18 19,5,2,2,0.9262025893247393,0.5555555555555556,0.3111111111111111,0.19170479253009864
Spawrious GSC,42,FedDiverse,20,0 1 5 7 9 12 15 18 19,5,2,2,0.9118048874822922,0.37777777777777777,0.288888888888889,0.1773070906876515
Spawrious GSC,42,FedDiverse,21,1 2 3 5 7 8 15 18 19,4,2,3,0.950120855560846,0.5555555555555556,0.35555555555555557,0.21562305876620536
Spawrious GSC,42,FedDiverse,22,0 1 2 3 5 12 15 18 19,4,1,4,0.950120855560846,0.5555555555555556,0.35555555555555557,0.21562305876620536
Spawrious GSC,42,FedDiverse,23,0 1 2 3 5 7 16 18 20,3,2,4,0.9740391217969527,0.7333333333333333,0.4,0.23954132500231207
Spawrious GSC,42,FedDiverse,24,0 1 3 5 15 18 19 20 23,5,1,3,0.9695245979255244,0.7333333333333333,0.388888888888889,0.2350268011308837
Spawrious GSC,42,FedDiverse,25,0 1 5 7 15 18 19 20 21,5,2,2,0.9118048874822922,0.37777777777777777,0.288888888888889,0.1773070906876515
Spawrious GSC,42,FedDiverse,26,0 1 2 3 5 12 15 18 23,4,1,4,0.9855927945614879,0.7333333333333333,0.4222222222222223,0.2510949977668472
Spawrious GSC,42,FedDiverse,27,0 1 2 3 5 7 14 15 18,3,2,4,0.9740391217969527,0.7333333333333333,0.4,0.23954132500231207
Spawrious GSC,42,FedDiverse,28,0 1 2 3 4 5 7 8 18,2,3,4,0.9855927945614879,0.7333333333333333,0.4222222222222223,0.2510949977668472
Spawrious GSC,42,FedDiverse,29,0 1 3 5 7 13 15 18 19,4,2,3,0.950120855560846,0.5555555555555556,0.35555555555555557,0.21562305876620536
Spawrious GSC,42,FedDiverse,30,0 1 3 5 7 15 18 19 21,4,2,3,0.950120855560846,0.5555555555555556,0.35555555555555557,0.21562305876620536
Spawrious GSC,42,FedDiverse,31,0 1 3 5 7 15 18 19 21,4,2,3,0.950120855560846,0.5555555555555556,0.35555555555555557,0.21562305876620536
Spawrious GSC,42,FedDiverse,32,0 1 2 3 5 15 18 19 23,4,1,4,0.9855927945614879,0.7333333333333333,0.4222222222222223,0.2510949977668472
Spawrious GSC,42,FedDiverse,33,0 1 2 3 9 15 18 19 23,5,0,4,0.9740391217969527,0.7333333333333333,0.4000000000000001,0.23954132500231207
Spawrious GSC,42,FedDiverse,34,1 2 3 5 6 7 15 18 19,3,3,3,0.9695245979255244,0.7333333333333333,0.38888888888888895,0.2350268011308837
Spawrious GSC,42,FedDiverse,35,0 1 2 3 5 7 15 18 19,3,2,4,0.9740391217969527,0.7333333333333333,0.4,0.23954132500231207
Spawrious GSC,42,FedDiverse,36,1 3 5 7 15 16 18 19 20,5,2,2,0.9262025893247393,0.5555555555555556,0.3111111111111111,0.19170479253009864
Spawrious GSC,42,FedDiverse,37,0 1 2 3 5 6 10 15 18,3,2,4,0.9740391217969527,0.7333333333333333,0.4,0.23954132500231207
Spawrious GSC,42,FedDiverse,38,0 1 2 3 5 7 15 17 18,3,2,4,0.9740391217969527,0.7333333333333333,0.4,0.23954132500231207
Spawrious GSC,42,FedDiverse,39,0 1 2 3 5 10 15 18 19,4,1,4,0.950120855560846,0.5555555555555556,0.35555555555555557,0.21562305876620536
Spawrious GSC,42,FedDiverse,40,0 1 3 5 15 18 19 20 23,5,1,3,0.9695245979255244,0.7333333333333333,0.388888888888889,0.2350268011308837
Spawrious GSC,42,FedDiverse,41,1 2 3 5 7 15 18 19 20,4,2,3,0.950120855560846,0.5555555555555556,0.35555555555555557,0.21562305876620536
Spawrious GSC,42,FedDiverse,42,0 1 2 3 5 15 18 19 23,4,1,4,0.9855927945614879,0.7333333333333333,0.4222222222222223,0.2510949977668472
Spawrious GSC,42,FedDiverse,43,0 1 3 5 7 9 15 18 19,4,2,3,0.950120855560846,0.5555555555555556,0.35555555555555557,0.21562305876620536
Spawrious GSC,42,FedDiverse,44,0 1 3 5 7 15 18 19 23,4,2,3,0.9855927945614879,0.7333333333333333,0.4222222222222223,0.2510949977668472
Spawrious GSC,42,FedDiverse,45,0 1 2 3 6 15 18 19 21,4,1,4,0.950120855560846,0.5555555555555556,0.35555555555555557,0.21562305876620536
Spawrious GSC,42,FedDiverse,46,1 2 5 7 9 11 15 18 19,5,2,2,0.9262025893247393,0.5555555555555556,0.3111111111111111,0.19170479253009864
Spawrious GSC,42,FedDiverse,47,0 1 2 3 5 8 15 18 19,4,1,4,0.950120855560846,0.5555555555555556,0.35555555555555557,0.21562305876620536
Spawrious GSC,42,FedDiverse,48,0 1 3 5 7 15 18 19 21,4,2,3,0.950120855560846,0.5555555555555556,0.35555555555555557,0.21562305876620536
Spawrious GSC,42,FedDiverse,49,0 1 3 5 9 15 18 19 20,5,1,3,0.9222467340138158,0.5555555555555556,0.30000000000000004,0.18774893721917518
Spawrious GSC,42,FedDiverse,50,0 1 2 3 5 7 12 15 18,3,2,4,0.9740391217969527,0.7333333333333333,0.4,0.23954132500231207
Spawrious GSC,42,FedDiverse,51,1 3 5 7 11 14 15 18 19,5,2,2,0.9262025893247393,0.5555555555555556,0.3111111111111111,0.19170479253009864
Spawrious GSC,42,FedDiverse,52,0 1 2 3 5 7 16 18 20,3,2,4,0.9740391217969527,0.7333333333333333,0.4,0.23954132500231207
Spawrious GSC,42,FedDiverse,53,0 1 2 5 7 9 15 18 19,4,2,3,0.950120855560846,0.5555555555555556,0.35555555555555557,0.21562305876620536
Spawrious GSC,42,FedDiverse,54,0 1 2 3 5 7 11 15 18,3,2,4,0.9740391217969527,0.7333333333333333,0.4,0.23954132500231207
Spawrious GSC,42,FedDiverse,55,0 1 3 5 7 12 15 18 19,4,2,3,0.950120855560846,0.5555555555555556,0.35555555555555557,0.21562305876620536
Spawrious GSC,42,FedDiverse,56,0 1 2 3 5 7 15 20 21,3,2,4,0.9740391217969527,0.7333333333333333,0.4,0.23954132500231207
Spawrious GSC,42,FedDiverse,57,0 1 2 3 5 12 15 18 19,4,1,4,0.950120855560846,0.5555555555555556,0.35555555555555557,0.21562305876620536
Spawrious GSC,42,FedDiverse,58,0 1 2 3 5 15 17 18 19,4,1,4,0.950120855560846,0.5555555555555556,0.35555555555555557,0.21562305876620536
Spawrious GSC,42,FedDiverse,59,0 1 2 3 5 7 12 18 20,3,2,4,0.9740391217969527,0.7333333333333333,0.4,0.23954132500231207
Spawrious GSC,42,FedDiverse,60,0 1 2 3 5 7 9 15 18,3,2,4,0.9740391217969527,0.7333333333333333,0.4,0.23954132500231207
Spawrious GSC,42,FedDiverse,61,0 1 3 5 15 18 19 20 21,5,1,3,0.9222467340138158,0.5555555555555556,0.30000000000000004,0.18774893721917518
Spawrious GSC,42,FedDiverse,62,0 1 2 3 5 7 15 18 19,3,2,4,0.9740391217969527,0.7333333333333333,0.4,0.23954132500231207
Spawrious GSC,42,FedDiverse,63,0 1 2 3 5 11 15 18 19,4,1,4,0.950120855560846,0.5555555555555556,0.35555555555555557,0.21562305876620536
Spawrious GSC,42,FedDiverse,64,0 1 2 3 5 7 15 19 20,3,2,4,0.9740391217969527,0.7333333333333333,0.4,0.23954132500231207
Spawrious GSC,42,FedDiverse,65,0 1 2 3 4 5 7 18 22,2,3,4,0.9855927945614879,0.7333333333333333,0.4222222222222223,0.2510949977668472
Spawrious GSC,42,FedDiverse,66,0 1 2 3 5 12 15 18 23,4,1,4,0.9855927945614879,0.7333333333333333,0.4222222222222223,0.2510949977668472
Spawrious GSC,42,FedDiverse,67,0 1 4 5 15 18 19 20 21,5,2,2,0.9102558757091818,0.5555555555555556,0.2666666666666667,0.1757580789145411
Spawrious GSC,42,FedDiverse,68,0 1 2 3 4 5 15 18 19,3,2,4,0.9616745283253811,0.5555555555555556,0.37777777777777777,0.22717673153074047
Spawrious GSC,42,FedDiverse,69,0 1 2 3 5 7 10 18 20,3,2,4,0.9740391217969527,0.7333333333333333,0.4,0.23954132500231207
Spawrious GSC,42,FedDiverse,70,0 1 5 6 13 15 18 19 20,5,2,2,0.9118048874822922,0.37777777777777777,0.288888888888889,0.1773070906876515
Spawrious GSC,42,FedDiverse,71,0 1 3 4 5 15 16 18 19,4,2,3,0.9416504763784942,0.5555555555555556,0.33333333333333337,0.20715267958385353
Spawrious GSC,42,FedDiverse,72,0 1 3 5 7 15 18 19 22,4,2,3,0.950120855560846,0.5555555555555556,0.35555555555555557,0.21562305876620536
Spawrious GSC,42,FedDiverse,73,0 1 2 3 5 7 14 15 20,3,2,4,0.9740391217969527,0.7333333333333333,0.4,0.23954132500231207
Spawrious GSC,42,FedDiverse,74,0 1 2 3 5 7 15 18 19,3,2,4,0.9740391217969527,0.7333333333333333,0.4,0.23954132500231207
Spawrious GSC,42,FedDiverse,75,0 1 5 7 11 15 18 19 21,5,2,2,0.9118048874822922,0.37777777777777777,0.288888888888889,0.1773070906876515
Spawrious GSC,42,FedDiverse,76,0 1 5 7 14 15 18 19 20,5,2,2,0.9118048874822922,0.37777777777777777,0.288888888888889,0.1773070906876515
Spawrious GSC,42,FedDiverse,77,0 1 2 5 13 15 18 19 23,5,1,3,0.9695245979255244,0.7333333333333333,0.388888888888889,0.2350268011308837
Spawrious GSC,42,FedDiverse,78,2 3 5 7 15 18 19 20 21,5,2,2,0.9118048874822923,0.37777777777777777,0.288888888888889,0.1773070906876516
Spawrious GSC,42,FedDiverse,79,0 1 2 3 5 6 7 15 18,2,3,4,0.9855927945614877,0.7333333333333333,0.4222222222222223,0.2510949977668471
Spawrious GSC,42,FedDiverse,80,0 1 2 3 5 12 15 18 23,4,1,4,0.9855927945614879,0.7333333333333333,0.4222222222222223,0.2510949977668472
Spawrious GSC,42,FedDiverse,81,0 1 2 3 5 7 10 15 18,3,2,4,0.9740391217969527,0.7333333333333333,0.4,0.23954132500231207
Spawrious GSC,42,FedDiverse,82,0 1 2 3 4 5 15 18 19,3,2,4,0.9616745283253811,0.5555555555555556,0.37777777777777777,0.22717673153074047
Spawrious GSC,42,FedDiverse,83,0 1 2 5 7 14 15 18 19,4,2,3,0.950120855560846,0.5555555555555556,0.35555555555555557,0.21562305876620536
Spawrious GSC,42,FedDiverse,84,0 1 2 4 5 15 18 19 22,4,2,3,0.9416504763784942,0.5555555555555556,0.33333333333333337,0.20715267958385353
Spawrious GSC,42,FedDiverse,85,0 1 2 3 5 9 15 18 19,4,1,4,0.950120855560846,0.5555555555555556,0.35555555555555557,0.21562305876620536
Spawrious GSC,42,FedDiverse,86,0 1 3 5 7 15 16 18 19,4,2,3,0.950120855560846,0.5555555555555556,0.35555555555555557,0.21562305876620536
Spawrious GSC,42,FedDiverse,87,0 1 2 3 5 13 15 18 19,4,1,4,0.950120855560846,0.5555555555555556,0.35555555555555557,0.21562305876620536
Spawrious GSC,42,FedDiverse,88,0 1 2 3 5 7 8 15 18,3,2,4,0.9740391217969527,0.7333333333333333,0.4,0.23954132500231207
Spawrious GSC,42,FedDiverse,89,0 1 3 5 7 14 15 18 19,4,2,3,0.950120855560846,0.5555555555555556,0.35555555555555557,0.21562305876620536
Spawrious GSC,42,FedDiverse,90,0 1 2 5 7 15 18 19 21,4,2,3,0.950120855560846,0.5555555555555556,0.35555555555555557,0.21562305876620536
Spawrious GSC,42,FedDiverse,91,0 1 3 5 7 13 15 18 19,4,2,3,0.950120855560846,0.5555555555555556,0.35555555555555557,0.21562305876620536
Spawrious GSC,42,FedDiverse,92,1 2 3 5 7 11 15 18 19,4,2,3,0.950120855560846,0.5555555555555556,0.35555555555555557,0.21562305876620536
Spawrious GSC,42,FedDiverse,93,0 1 2 3 5 7 15 16 18,3,2,4,0.9740391217969527,0.7333333333333333,0.4,0.23954132500231207
Spawrious GSC,42,FedDiverse,94,0 1 2 3 5 7 13 15 18,3,2,4,0.9740391217969527,0.7333333333333333,0.4,0.23954132500231207
Spawrious GSC,42,FedDiverse,95,0 1 3 5 7 15 16 18 19,4,2,3,0.950120855560846,0.5555555555555556,0.35555555555555557,0.21562305876620536
Spawrious GSC,42,FedDiverse,96,0 1 2 3 5 12 15 18 19,4,1,4,0.950120855560846,0.5555555555555556,0.35555555555555557,0.21562305876620536
Spawrious GSC,42,FedDiverse,97,1 2 3 5 7 13 15 18 19,4,2,3,0.950120855560846,0.5555555555555556,0.35555555555555557,0.21562305876620536
Spawrious GSC,42,FedDiverse,98,0 1 2 3 5 7 16 18 23,3,2,4,0.997146467326023,0.9111111111111111,0.4444444444444444,0.2626486705313823
Spawrious GSC,42,FedDiverse,99,0 1 2 3 5 15 16 18 19,4,1,4,0.950120855560846,0.5555555555555556,0.35555555555555557,0.21562305876620536
Spawrious GSC,42,FedDiverse,100,0 1 2 5 7 15 18 19 23,4,2,3,0.9855927945614879,0.7333333333333333,0.4222222222222223,0.2510949977668472
Spawrious GSC,42,FedDiverse,101,0 1 2 3 5 10 15 18 19,4,1,4,0.950120855560846,0.5555555555555556,0.35555555555555557,0.21562305876620536
Spawrious GSC,42,FedDiverse,102,1 3 5 6 7 10 15 18 19,4,3,2,0.950120855560846,0.5555555555555556,0.35555555555555557,0.21562305876620536
Spawrious GSC,42,FedDiverse,103,0 1 3 5 7 14 15 18 19,4,2,3,0.950120855560846,0.5555555555555556,0.35555555555555557,0.21562305876620536
Spawrious GSC,42,FedDiverse,104,0 1 2 3 5 15 17 18 20,4,1,4,0.950120855560846,0.5555555555555556,0.35555555555555557,0.21562305876620536
Spawrious GSC,42,FedDiverse,105,0 1 2 3 9 15 18 19 20,5,0,4,0.9262025893247393,0.5555555555555556,0.3111111111111111,0.19170479253009864
Spawrious GSC,42,FedDiverse,106,0 1 3 5 9 11 15 18 19,5,1,3,0.9222467340138158,0.5555555555555556,0.30000000000000004,0.18774893721917518
Spawrious GSC,42,FedDiverse,107,0 1 2 3 5 13 15 18 20,4,1,4,0.950120855560846,0.5555555555555556,0.35555555555555557,0.21562305876620536
Spawrious GSC,42,FedDiverse,108,1 2 3 5 7 15 18 19 23,4,2,3,0.9855927945614877,0.7333333333333333,0.4222222222222223,0.2510949977668471
Spawrious GSC,42,FedDiverse,109,0 1 2 3 5 7 8 15 18,3,2,4,0.9740391217969527,0.7333333333333333,0.4,0.23954132500231207
Spawrious GSC,42,FedDiverse,110,1 2 3 5 7 15 16 18 19,4,2,3,0.950120855560846,0.5555555555555556,0.35555555555555557,0.21562305876620536
Spawrious GSC,42,FedDiverse,111,0 1 2 3 5 15 18 19 23,4,1,4,0.9855927945614879,0.7333333333333333,0.4222222222222223,0.2510949977668472
Spawrious GSC,42,FedDiverse,112,0 1 4 5 15 17 18 19 20,5,2,2,0.9102558757091818,0.5555555555555556,0.2666666666666667,0.1757580789145411
Spawrious GSC,42,FedDiverse,113,1 2 3 5 7 15 18 19 20,4,2,3,0.950120855560846,0.5555555555555556,0.35555555555555557,0.21562305876620536
Spawrious GSC,42,FedDiverse,114,0 1 2 3 5 13 15 18 20,4,1,4,0.950120855560846,0.5555555555555556,0.35555555555555557,0.21562305876620536
Spawrious GSC,42,FedDiverse,115,0 1 2 3 6 15 18 19 21,4,1,4,0.950120855560846,0.5555555555555556,0.35555555555555557,0.21562305876620536
Spawrious GSC,42,FedDiverse,116,0 1 3 5 7 13 15 18 19,4,2,3,0.950120855560846,0.5555555555555556,0.35555555555555557,0.21562305876620536
Spawrious GSC,42,FedDiverse,117,0 1 5 15 17 18 19 20 22,6,1,2,0.8804102868129797,0.37777777777777777,0.2222222222222222,0.14591249001833906
Spawrious GSC,42,FedDiverse,118,1 3 5 6 7 8 15 18 19,4,3,2,0.950120855560846,0.5555555555555556,0.35555555555555557,0.21562305876620536
Spawrious GSC,42,FedDiverse,119,0 1 2 5 7 8 15 18 23,4,2,3,0.9855927945614879,0.7333333333333333,0.4222222222222223,0.2510949977668472
Spawrious GSC,42,FedDiverse,120,0 1 3 5 7 14 15 18 19,4,2,3,0.950120855560846,0.5555555555555556,0.35555555555555557,0.21562305876620536
Spawrious GSC,42,FedDiverse,121,0 1 2 5 6 7 15 18 20,3,3,3,0.9661890521968094,0.5555555555555556,0.38888888888888895,0.23169125540216873
Spawrious GSC,42,FedDiverse,122,0 1 3 5 7 9 10 15 18,4,2,3,0.950120855560846,0.5555555555555556,0.35555555555555557,0.21562305876620536
Spawrious GSC,42,FedDiverse,123,0 1 2 3 5 7 15 18 19,3,2,4,0.9740391217969527,0.7333333333333333,0.4,0.23954132500231207
Spawrious GSC,42,FedDiverse,124,0 1 2 3 5 13 15 18 19,4,1,4,0.950120855560846,0.5555555555555556,0.35555555555555557,0.21562305876620536
Spawrious GSC,42,FedDiverse,125,0 1 2 3 5 7 15 18 19,3,2,4,0.9740391217969527,0.7333333333333333,0.4,0.23954132500231207
Spawrious GSC,42,FedDiverse,126,0 1 2 3 5 12 15 18 23,4,1,4,0.9855927945614879,0.7333333333333333,0.4222222222222223,0.2510949977668472
Spawrious GSC,42,FedDiverse,127,0 1 2 3 5 6 15 18 19,3,2,4,0.9740391217969527,0.7333333333333333,0.4,0.23954132500231207
Spawrious GSC,42,FedDiverse,128,0 1 2 3 5 7 11 18 20,3,2,4,0.9740391217969527,0.7333333333333333,0.4,0.23954132500231207
Spawrious GSC,42,FedDiverse,129,0 1 2 3 5 9 15 18 19,4,1,4,0.950120855560846,0.5555555555555556,0.35555555555555557,0.21562305876620536
Spawrious GSC,42,FedDiverse,130,0 1 2 3 5 15 18 19 21,4,1,4,0.950120855560846,0.5555555555555556,0.35555555555555557,0.21562305876620536
Spawrious GSC,42,FedDiverse,131,0 1 2 3 5 15 17 18 20,4,1,4,0.950120855560846,0.5555555555555556,0.35555555555555557,0.21562305876620536
Spawrious GSC,42,FedDiverse,132,0 1 3 5 6 7 15 18 23,3,3,3,0.9908505675432692,0.7333333333333333,0.4333333333333334,0.2563527707486285
Spawrious GSC,42,FedDiverse,133,0 1 2 3 5 7 15 18 22,3,2,4,0.9740391217969527,0.7333333333333333,0.4,0.23954132500231207
Spawrious GSC,42,FedDiverse,134,0 1 2 3 5 9 15 18 19,4,1,4,0.950120855560846,0.5555555555555556,0.35555555555555557,0.21562305876620536
Spawrious GSC,42,FedDiverse,135,0 1 2 3 5 13 15 18 19,4,1,4,0.950120855560846,0.5555555555555556,0.35555555555555557,0.21562305876620536
Spawrious GSC,42,FedDiverse,136,0 1 3 4 5 9 15 18 19,4,2,3,0.9416504763784942,0.5555555555555556,0.33333333333333337,0.20715267958385353
Spawrious GSC,42,FedDiverse,137,1 2 5 12 15 18 19 20 23,6,1,2,0.950120855560846,0.5555555555555556,0.3555555555555556,0.21562305876620536
Spawrious GSC,42,FedDiverse,138,0 1 2 3 5 12 15 18 19,4,1,4,0.950120855560846,0.5555555555555556,0.35555555555555557,0.21562305876620536
Spawrious GSC,42,FedDiverse,139,0 1 2 3 5 9 15 18 19,4,1,4,0.950120855560846,0.5555555555555556,0.35555555555555557,0.21562305876620536
Spawrious GSC,42,FedDiverse,140,0 1 2 5 6 15 18 19 23,4,2,3,0.9855927945614879,0.7333333333333333,0.4222222222222223,0.2510949977668472
Spawrious GSC,42,FedDiverse,141,1 3 4 5 15 18 19 20 23,5,2,2,0.9616745283253811,0.5555555555555556,0.3777777777777778,0.22717673153074047
Spawrious GSC,42,FedDiverse,142,0 1 3 5 6 15 18 19 22,4,2,3,0.950120855560846,0.5555555555555556,0.35555555555555557,0.21562305876620536
Spawrious GSC,42,FedDiverse,143,0 1 2 3 5 7 11 15 20,3,2,4,0.9740391217969527,0.7333333333333333,0.4,0.23954132500231207
Spawrious GSC,42,FedDiverse,144,0 1 2 4 5 15 17 18 19,4,2,3,0.9416504763784942,0.5555555555555556,0.33333333333333337,0.20715267958385353
Spawrious GSC,42,FedDiverse,145,0 1 2 3 5 6 7 15 18,2,3,4,0.9855927945614877,0.7333333333333333,0.4222222222222223,0.2510949977668471
Spawrious GSC,42,FedDiverse,146,0 1 2 5 7 12 15 18 19,4,2,3,0.950120855560846,0.5555555555555556,0.35555555555555557,0.21562305876620536
Spawrious GSC,42,FedDiverse,147,0 1 2 3 4 5 7 11 18,2,3,4,0.9855927945614879,0.7333333333333333,0.4222222222222223,0.2510949977668472
Spawrious GSC,42,FedDiverse,148,0 1 2 3 5 12 15 18 19,4,1,4,0.950120855560846,0.5555555555555556,0.35555555555555557,0.21562305876620536
Spawrious GSC,42,FedDiverse,149,0 1 2 3 5 7 15 18 20,3,2,4,0.9740391217969527,0.7333333333333333,0.4,0.23954132500231207
Spawrious GSC,42,FedDiverse,150,1 2 3 5 7 15 18 19 23,4,2,3,0.9855927945614877,0.7333333333333333,0.4222222222222223,0.2510949977668471
Spawrious GSC,42,FedDiverse,151,0 1 2 3 5 8 15 18 19,4,1,4,0.950120855560846,0.5555555555555556,0.35555555555555557,0.21562305876620536
Spawrious GSC,42,FedDiverse,152,0 1 3 5 7 15 18 19 23,4,2,3,0.9855927945614879,0.7333333333333333,0.4222222222222223,0.2510949977668472
Spawrious GSC,42,FedDiverse,153,0 1 2 3 5 15 18 19 21,4,1,4,0.950120855560846,0.5555555555555556,0.35555555555555557,0.21562305876620536
Spawrious GSC,42,FedDiverse,154,0 1 2 3 5 13 15 18 19,4,1,4,0.950120855560846,0.5555555555555556,0.35555555555555557,0.21562305876620536
Spawrious GSC,42,FedDiverse,155,0 1 2 3 5 15 18 19 21,4,1,4,0.950120855560846,0.5555555555555556,0.35555555555555557,0.21562305876620536
Spawrious GSC,42,FedDiverse,156,0 1 3 5 7 9 15 18 19,4,2,3,0.950120855560846,0.5555555555555556,0.35555555555555557,0.21562305876620536
Spawrious GSC,42,FedDiverse,157,0 1 3 5 6 15 18 19 22,4,2,3,0.950120855560846,0.5555555555555556,0.35555555555555557,0.21562305876620536
Spawrious GSC,42,FedDiverse,158,0 1 2 3 5 15 18 19 20,4,1,4,0.950120855560846,0.5555555555555556,0.35555555555555557,0.21562305876620536
Spawrious GSC,42,FedDiverse,159,0 1 3 5 7 9 15 18 19,4,2,3,0.950120855560846,0.5555555555555556,0.35555555555555557,0.21562305876620536
Spawrious GSC,42,FedDiverse,160,0 1 2 5 6 7 11 15 18,3,3,3,0.9661890521968094,0.5555555555555556,0.38888888888888895,0.23169125540216873
Spawrious GSC,42,FedDiverse,161,0 1 3 5 7 15 18 19 22,4,2,3,0.950120855560846,0.5555555555555556,0.35555555555555557,0.21562305876620536
Spawrious GSC,42,FedDiverse,162,0 1 2 3 5 7 13 18 23,3,2,4,0.997146467326023,0.9111111111111111,0.4444444444444444,0.2626486705313823
Spawrious GSC,42,FedDiverse,163,0 1 2 3 5 15 17 18 19,4,1,4,0.950120855560846,0.5555555555555556,0.35555555555555557,0.21562305876620536
Spawrious GSC,42,FedDiverse,164,0 1 2 3 5 7 13 15 21,3,2,4,0.9740391217969527,0.7333333333333333,0.4,0.23954132500231207
Spawrious GSC,42,FedDiverse,165,0 1 2 3 5 8 15 18 19,4,1,4,0.950120855560846,0.5555555555555556,0.35555555555555557,0.21562305876620536
Spawrious GSC,42,FedDiverse,166,0 1 2 3 5 14 15 18 19,4,1,4,0.950120855560846,0.5555555555555556,0.35555555555555557,0.21562305876620536
Spawrious GSC,42,FedDiverse,167,0 1 2 3 5 6 7 18 20,2,3,4,0.9855927945614877,0.7333333333333333,0.4222222222222223,0.2510949977668471
Spawrious GSC,42,FedDiverse,168,0 1 2 3 5 15 16 18 21,4,1,4,0.950120855560846,0.5555555555555556,0.35555555555555557,0.21562305876620536
Spawrious GSC,42,FedDiverse,169,0 1 2 3 5 7 15 18 21,3,2,4,0.9740391217969527,0.7333333333333333,0.4,0.23954132500231207
Spawrious GSC,42,FedDiverse,170,0 1 2 3 5 9 15 18 19,4,1,4,0.950120855560846,0.5555555555555556,0.35555555555555557,0.21562305876620536
Spawrious GSC,42,FedDiverse,171,0 1 2 3 5 6 7 15 16,2,3,4,0.9855927945614877,0.7333333333333333,0.4222222222222223,0.2510949977668471
Spawrious GSC,42,FedDiverse,172,0 1 2 3 5 7 10 18 20,3,2,4,0.9740391217969527,0.7333333333333333,0.4,0.23954132500231207
Spawrious GSC,42,FedDiverse,173,0 1 2 3 5 8 15 18 19,4,1,4,0.950120855560846,0.5555555555555556,0.35555555555555557,0.21562305876620536
Spawrious GSC,42,FedDiverse,174,0 1 2 3 4 5 15 18 19,3,2,4,0.9616745283253811,0.5555555555555556,0.37777777777777777,0.22717673153074047
Spawrious GSC,42,FedDiverse,175,1 3 5 6 7 14 15 18 19,4,3,2,0.950120855560846,0.5555555555555556,0.35555555555555557,0.21562305876620536
Spawrious GSC,42,FedDiverse,176,0 1 2 5 7 13 15 18 19,4,2,3,0.950120855560846,0.5555555555555556,0.35555555555555557,0.21562305876620536
Spawrious GSC,42,FedDiverse,177,0 1 3 5 6 9 15 18 19,4,2,3,0.950120855560846,0.5555555555555556,0.35555555555555557,0.21562305876620536
Spawrious GSC,42,FedDiverse,178,0 1 2 3 5 7 9 15 18,3,2,4,0.9740391217969527,0.7333333333333333,0.4,0.23954132500231207
Spawrious GSC,42,FedDiverse,179,0 1 2 5 7 9 11 15 18,4,2,3,0.950120855560846,0.5555555555555556,0.35555555555555557,0.21562305876620536
Spawrious GSC,42,FedDiverse,180,0 1 2 3 5 7 10 15 18,3,2,4,0.9740391217969527,0.7333333333333333,0.4,0.23954132500231207
Spawrious GSC,42,FedDiverse,181,0 1 3 5 9 15 18 19 20,5,1,3,0.9222467340138158,0.5555555555555556,0.30000000000000004,0.18774893721917518
Spawrious GSC,42,FedDiverse,182,1 2 3 5 7 15 18 19 22,4,2,3,0.950120855560846,0.5555555555555556,0.35555555555555557,0.21562305876620536
Spawrious GSC,42,FedDiverse,183,0 1 2 3 5 6 15 18 20,3,2,4,0.9740391217969527,0.7333333333333333,0.4,0.23954132500231207
Spawrious GSC,42,FedDiverse,184,0 1 3 4 5 7 15 18 19,3,3,3,0.9695245979255244,0.7333333333333333,0.38888888888888895,0.2350268011308837
Spawrious GSC,42,FedDiverse,185,0 1 2 5 7 15 18 19 22,4,2,3,0.950120855560846,0.5555555555555556,0.35555555555555557,0.21562305876620536
Spawrious GSC,42,FedDiverse,186,0 1 2 3 5 6 7 17 18,2,3,4,0.9855927945614877,0.7333333333333333,0.4222222222222223,0.2510949977668471
Spawrious GSC,42,FedDiverse,187,0 1 3 5 7 10 15 18 19,4,2,3,0.950120855560846,0.5555555555555556,0.35555555555555557,0.21562305876620536
Spawrious GSC,42,FedDiverse,188,1 3 5 7 10 12 15 18 19,5,2,2,0.9262025893247393,0.5555555555555556,0.3111111111111111,0.19170479253009864
Spawrious GSC,42,FedDiverse,189,0 1 2 5 7 12 15 18 19,4,2,3,0.950120855560846,0.5555555555555556,0.35555555555555557,0.21562305876620536
Spawrious GSC,42,FedDiverse,190,0 1 2 3 5 15 18 19 22,4,1,4,0.950120855560846,0.5555555555555556,0.35555555555555557,0.21562305876620536
Spawrious GSC,42,FedDiverse,191,1 3 5 7 13 15 18 19 20,5,2,2,0.9262025893247393,0.5555555555555556,0.3111111111111111,0.19170479253009864
Spawrious GSC,42,FedDiverse,192,0 1 2 3 6 15 18 19 21,4,1,4,0.950120855560846,0.5555555555555556,0.35555555555555557,0.21562305876620536
Spawrious GSC,42,FedDiverse,193,0 1 2 3 4 15 18 19 21,4,1,4,0.950120855560846,0.5555555555555556,0.35555555555555557,0.21562305876620536
Spawrious GSC,42,FedDiverse,194,0 1 2 3 9 15 18 19 23,5,0,4,0.9740391217969527,0.7333333333333333,0.4000000000000001,0.23954132500231207
Spawrious GSC,42,FedDiverse,195,0 1 2 3 5 6 7 15 21,2,3,4,0.9855927945614877,0.7333333333333333,0.4222222222222223,0.2510949977668471
Spawrious GSC,42,FedDiverse,196,1 2 3 5 6 7 15 18 19,3,3,3,0.9695245979255244,0.7333333333333333,0.38888888888888895,0.2350268011308837
Spawrious GSC,42,FedDiverse,197,0 1 2 3 5 7 15 18 19,3,2,4,0.9740391217969527,0.7333333333333333,0.4,0.23954132500231207
Spawrious GSC,42,FedDiverse,198,0 1 2 5 7 15 18 19 22,4,2,3,0.950120855560846,0.5555555555555556,0.35555555555555557,0.21562305876620536
Spawrious GSC,42,FedDiverse,199,0 1 2 3 5 7 14 18 20,3,2,4,0.9740391217969527,0.7333333333333333,0.4,0.23954132500231207
Spawrious GSC,43,FedDiverse,1,1 2 3 8 12 15 17 22 23,6,0,3,0.950120855560846,0.5555555555555556,0.3555555555555557,0.21562305876620536
Spawrious GSC,43,FedDiverse,2,1 2 3 12 13 15 17 22 23,6,0,3,0.950120855560846,0.5555555555555556,0.3555555555555557,0.21562305876620536
Spawrious GSC,43,FedDiverse,3,0 2 3 10 12 15 17 22 23,6,0,3,0.950120855560846,0.5555555555555556,0.3555555555555557,0.21562305876620536
Spawrious GSC,43,FedDiverse,4,0 1 2 3 4 12 15 19 23,4,1,4,0.9855927945614879,0.7333333333333333,0.4222222222222223,0.2510949977668472
Spawrious GSC,43,FedDiverse,5,1 2 3 12 15 17 21 22 23,6,0,3,0.950120855560846,0.5555555555555556,0.3555555555555557,0.21562305876620536
Spawrious GSC,43,FedDiverse,6,0 1 3 10 12 15 17 22 23,6,0,3,0.950120855560846,0.5555555555555556,0.3555555555555557,0.21562305876620536
Spawrious GSC,43,FedDiverse,7,0 1 3 8 12 15 17 21 22,6,0,3,0.8878866212461854,0.37777777777777777,0.24444444444444446,0.15338882445154478
Spawrious GSC,43,FedDiverse,8,0 1 2 3 11 12 13 15 23,5,0,4,0.9740391217969527,0.7333333333333333,0.4000000000000001,0.23954132500231207
Spawrious GSC,43,FedDiverse,9,0 1 2 3 12 15 21 22 23,5,0,4,0.9740391217969527,0.7333333333333333,0.4000000000000001,0.23954132500231207
Spawrious GSC,43,FedDiverse,10,0 1 2 3 12 15 17 18 22,5,0,4,0.9262025893247393,0.5555555555555556,0.3111111111111111,0.19170479253009864
Spawrious GSC,43,FedDiverse,11,1 2 3 12 15 16 17 22 23,6,0,3,0.950120855560846,0.5555555555555556,0.3555555555555557,0.21562305876620536
Spawrious GSC,43,FedDiverse,12,0 2 3 12 15 17 20 22 23,6,0,3,0.950120855560846,0.5555555555555556,0.3555555555555557,0.21562305876620536
Spawrious GSC,43,FedDiverse,13,0 1 3 12 13 14 15 22 23,6,0,3,0.950120855560846,0.5555555555555556,0.3555555555555557,0.21562305876620536
Spawrious GSC,43,FedDiverse,14,0 1 2 3 8 12 15 17 22,5,0,4,0.9262025893247393,0.5555555555555556,0.3111111111111111,0.19170479253009864
Spawrious GSC,43,FedDiverse,15,0 1 2 3 11 12 15 17 22,5,0,4,0.9262025893247393,0.5555555555555556,0.3111111111111111,0.19170479253009864
Spawrious GSC,43,FedDiverse,16,0 1 2 3 9 12 15 17 22,5,0,4,0.9262025893247393,0.5555555555555556,0.3111111111111111,0.19170479253009864
Spawrious GSC,43,FedDiverse,17,0 1 2 3 11 12 14 15 23,5,0,4,0.9740391217969527,0.7333333333333333,0.4000000000000001,0.23954132500231207
Spawrious GSC,43,FedDiverse,18,0 1 2 3 12 15 17 20 22,5,0,4,0.9262025893247393,0.5555555555555556,0.3111111111111111,0.19170479253009864
Spawrious GSC,43,FedDiverse,19,1 2 3 6 12 15 17 21 22,5,1,3,0.922246734013816,0.5555555555555556,0.30000000000000004,0.1877489372191753
Spawrious GSC,43,FedDiverse,20,1 2 3 12 15 17 21 22 23,6,0,3,0.950120855560846,0.5555555555555556,0.3555555555555557,0.21562305876620536
Spawrious GSC,43,FedDiverse,21,0 1 3 8 12 15 17 21 22,6,0,3,0.8878866212461854,0.37777777777777777,0.24444444444444446,0.15338882445154478
Spawrious GSC,43,FedDiverse,22,1 2 3 10 12 15 16 22 23,6,0,3,0.950120855560846,0.5555555555555556,0.3555555555555557,0.21562305876620536
Spawrious GSC,43,FedDiverse,23,0 1 2 3 12 15 17 22 23,5,0,4,0.9740391217969527,0.7333333333333333,0.4000000000000001,0.23954132500231207
Spawrious GSC,43,FedDiverse,24,0 1 2 3 12 15 17 18 22,5,0,4,0.9262025893247393,0.5555555555555556,0.3111111111111111,0.19170479253009864
Spawrious GSC,43,FedDiverse,25,1 2 3 12 13 15 17 22 23,6,0,3,0.950120855560846,0.5555555555555556,0.3555555555555557,0.21562305876620536
Spawrious GSC,43,FedDiverse,26,0 1 3 8 12 14 15 17 22,6,0,3,0.8878866212461854,0.37777777777777777,0.24444444444444446,0.15338882445154478
Spawrious GSC,43,FedDiverse,27,0 1 2 3 12 15 17 19 22,5,0,4,0.9262025893247393,0.5555555555555556,0.3111111111111111,0.19170479253009864
Spawrious GSC,43,FedDiverse,28,1 2 3 12 15 17 20 22 23,6,0,3,0.950120855560846,0.5555555555555556,0.3555555555555557,0.21562305876620536
Spawrious GSC,43,FedDiverse,29,1 2 3 12 13 15 17 22 23,6,0,3,0.950120855560846,0.5555555555555556,0.3555555555555557,0.21562305876620536
Spawrious GSC,43,FedDiverse,30,0 1 3 10 12 15 17 22 23,6,0,3,0.950120855560846,0.5555555555555556,0.3555555555555557,0.21562305876620536
Spawrious GSC,43,FedDiverse,31,1 2 3 12 15 17 19 22 23,6,0,3,0.950120855560846,0.5555555555555556,0.3555555555555557,0.21562305876620536
Spawrious GSC,43,FedDiverse,32,0 1 2 3 12 15 17 20 22,5,0,4,0.9262025893247393,0.5555555555555556,0.3111111111111111,0.19170479253009864
Spawrious GSC,43,FedDiverse,33,0 1 3 12 13 15 17 20 22,6,0,3,0.8878866212461854,0.37777777777777777,0.24444444444444446,0.15338882445154478
Spawrious GSC,43,FedDiverse,34,0 1 2 3 5 12 15 17 22,4,1,4,0.950120855560846,0.5555555555555556,0.35555555555555557,0.21562305876620536
Spawrious GSC,43,FedDiverse,35,0 1 2 3 6 12 15 17 22,4,1,4,0.950120855560846,0.5555555555555556,0.35555555555555557,0.21562305876620536
Spawrious GSC,43,FedDiverse,36,0 1 2 3 4 12 14 15 23,4,1,4,0.9855927945614879,0.7333333333333333,0.4222222222222223,0.2510949977668472
Spawrious GSC,43,FedDiverse,37,0 2 3 6 12 15 17 22 23,5,1,3,0.9695245979255244,0.7333333333333333,0.388888888888889,0.2350268011308837
Spawrious GSC,43,FedDiverse,38,0 1 2 3 4 12 15 18 23,4,1,4,0.9855927945614879,0.7333333333333333,0.4222222222222223,0.2510949977668472
Spawrious GSC,43,FedDiverse,39,0 2 3 11 12 15 17 22 23,6,0,3,0.950120855560846,0.5555555555555556,0.3555555555555557,0.21562305876620536
Spawrious GSC,43,FedDiverse,40,0 2 3 10 12 15 17 22 23,6,0,3,0.950120855560846,0.5555555555555556,0.3555555555555557,0.21562305876620536
Spawrious GSC,43,FedDiverse,41,0 1 2 3 5 12 15 22 23,4,1,4,0.9855927945614879,0.7333333333333333,0.4222222222222223,0.2510949977668472
Spawrious GSC,43,FedDiverse,42,0 1 2 3 12 15 16 20 23,5,0,4,0.9740391217969527,0.7333333333333333,0.4000000000000001,0.23954132500231207
Spawrious GSC,43,FedDiverse,43,0 1 3 9 12 15 16 17 22,6,0,3,0.8878866212461854,0.37777777777777777,0.24444444444444446,0.15338882445154478
Spawrious GSC,43,FedDiverse,44,0 1 2 3 12 15 20 22 23,5,0,4,0.9740391217969527,0.7333333333333333,0.4000000000000001,0.23954132500231207
Spawrious GSC,43,FedDiverse,45,0 1 2 3 10 12 15 16 22,5,0,4,0.9262025893247393,0.5555555555555556,0.3111111111111111,0.19170479253009864
Spawrious GSC,43,FedDiverse,46,0 1 2 3 4 12 15 21 23,4,1,4,0.9855927945614879,0.7333333333333333,0.4222222222222223,0.2510949977668472
Spawrious GSC,43,FedDiverse,47,0 1 2 3 6 12 15 17 22,4,1,4,0.950120855560846,0.5555555555555556,0.35555555555555557,0.21562305876620536
Spawrious GSC,43,FedDiverse,48,0 1 3 10 12 15 17 21 22,6,0,3,0.8878866212461854,0.37777777777777777,0.24444444444444446,0.15338882445154478
Spawrious GSC,43,FedDiverse,49,1 2 3 12 15 17 21 22 23,6,0,3,0.950120855560846,0.5555555555555556,0.3555555555555557,0.21562305876620536
Spawrious GSC,43,FedDiverse,50,0 2 3 5 12 15 17 22 23,5,1,3,0.9661890521968094,0.5555555555555556,0.388888888888889,0.23169125540216873
Spawrious GSC,43,FedDiverse,51,0 1 3 5 12 15 17 22 23,5,1,3,0.9695245979255244,0.7333333333333333,0.388888888888889,0.2350268011308837
Spawrious GSC,43,FedDiverse,52,1 2 3 4 12 15 17 22 23,5,1,3,0.9661890521968094,0.5555555555555556,0.388888888888889,0.23169125540216873
Spawrious GSC,43,FedDiverse,53,0 1 2 3 9 12 15 17 22,5,0,4,0.9262025893247393,0.5555555555555556,0.3111111111111111,0.19170479253009864
Spawrious GSC,43,FedDiverse,54,0 1 2 3 7 15 16 22 23,4,1,4,0.9855927945614877,0.7333333333333333,0.4222222222222223,0.2510949977668471
Spawrious GSC,43,FedDiverse,55,1 2 3 5 12 15 17 18 22,5,1,3,0.9157607427932156,0.37777777777777777,0.30000000000000004,0.18126294599857495
Spawrious GSC,43,FedDiverse,56,0 1 3 12 14 15 17 22 23,6,0,3,0.950120855560846,0.5555555555555556,0.3555555555555557,0.21562305876620536
Spawrious GSC,43,FedDiverse,57,1 2 3 8 12 15 17 22 23,6,0,3,0.950120855560846,0.5555555555555556,0.3555555555555557,0.21562305876620536
Spawrious GSC,43,FedDiverse,58,0 1 2 3 8 11 12 15 23,5,0,4,0.9740391217969527,0.7333333333333333,0.4000000000000001,0.23954132500231207
Spawrious GSC,43,FedDiverse,59,0 1 3 12 13 15 19 22 23,6,0,3,0.950120855560846,0.5555555555555556,0.3555555555555557,0.21562305876620536
Spawrious GSC,43,FedDiverse,60,1 2 3 12 15 17 20 22 23,6,0,3,0.950120855560846,0.5555555555555556,0.3555555555555557,0.21562305876620536
Spawrious GSC,43,FedDiverse,61,0 1 2 3 8 12 15 22 23,5,0,4,0.9740391217969527,0.7333333333333333,0.4000000000000001,0.23954132500231207
Spawrious GSC,43,FedDiverse,62,0 1 3 12 15 17 21 22 23,6,0,3,0.950120855560846,0.5555555555555556,0.3555555555555557,0.21562305876620536
Spawrious GSC,43,FedDiverse,63,0 1 2 3 12 15 17 20 22,5,0,4,0.9262025893247393,0.5555555555555556,0.3111111111111111,0.19170479253009864
Spawrious GSC,43,FedDiverse,64,1 2 3 12 15 16 17 22 23,6,0,3,0.950120855560846,0.5555555555555556,0.3555555555555557,0.21562305876620536
Spawrious GSC,43,FedDiverse,65,1 2 3 12 14 15 17 21 22,6,0,3,0.8878866212461856,0.37777777777777777,0.24444444444444446,0.1533888244515449
Spawrious GSC,43,FedDiverse,66,0 1 2 3 7 12 15 17 22,4,1,4,0.950120855560846,0.5555555555555556,0.35555555555555557,0.21562305876620536
Spawrious GSC,43,FedDiverse,67,0 1 3 12 13 15 20 22 23,6,0,3,0.950120855560846,0.5555555555555556,0.3555555555555557,0.21562305876620536
Spawrious GSC,43,FedDiverse,68,0 1 2 3 11 12 13 15 23,5,0,4,0.9740391217969527,0.7333333333333333,0.4000000000000001,0.23954132500231207
Spawrious GSC,43,FedDiverse,69,1 2 3 12 14 15 17 22 23,6,0,3,0.950120855560846,0.5555555555555556,0.3555555555555557,0.21562305876620536
Spawrious GSC,43,FedDiverse,70,0 1 2 3 7 12 15 16 22,4,1,4,0.950120855560846,0.5555555555555556,0.35555555555555557,0.21562305876620536
Spawrious GSC,43,FedDiverse,71,0 1 2 3 4 12 15 16 22,4,1,4,0.950120855560846,0.5555555555555556,0.35555555555555557,0.21562305876620536
Spawrious GSC,43,FedDiverse,72,0 1 3 12 14 15 17 22 23,6,0,3,0.950120855560846,0.5555555555555556,0.3555555555555557,0.21562305876620536
Spawrious GSC,43,FedDiverse,73,1 2 3 5 10 12 15 22 23,5,1,3,0.9661890521968094,0.5555555555555556,0.388888888888889,0.23169125540216873
Spawrious GSC,43,FedDiverse,74,0 1 2 3 12 15 17 21 22,5,0,4,0.9262025893247393,0.5555555555555556,0.3111111111111111,0.19170479253009864
Spawrious GSC,43,FedDiverse,75,0 1 3 11 12 15 17 22 23,6,0,3,0.950120855560846,0.5555555555555556,0.3555555555555557,0.21562305876620536
Spawrious GSC,43,FedDiverse,76,0 1 2 3 12 15 17 22 23,5,0,4,0.9740391217969527,0.7333333333333333,0.4000000000000001,0.23954132500231207
Spawrious GSC,43,FedDiverse,77,0 1 2 3 7 12 15 21 23,4,1,4,0.9855927945614877,0.7333333333333333,0.4222222222222223,0.2510949977668471
Spawrious GSC,43,FedDiverse,78,1 2 3 11 12 15 17 19 22,6,0,3,0.8878866212461856,0.37777777777777777,0.24444444444444446,0.1533888244515449
Spawrious GSC,43,FedDiverse,79,0 1 2 3 6 12 15 19 23,4,1,4,0.9855927945614877,0.7333333333333333,0.4222222222222223,0.2510949977668471
Spawrious GSC,43,FedDiverse,80,0 1 2 3 12 15 17 18 22,5,0,4,0.9262025893247393,0.5555555555555556,0.3111111111111111,0.19170479253009864
Spawrious GSC,43,FedDiverse,81,0 1 2 3 8 12 15 16 23,5,0,4,0.9740391217969527,0.7333333333333333,0.4000000000000001,0.23954132500231207
Spawrious GSC,43,FedDiverse,82,0 1 2 3 8 12 15 19 23,5,0,4,0.9740391217969527,0.7333333333333333,0.4000000000000001,0.23954132500231207
Spawrious GSC,43,FedDiverse,83,0 1 2 3 10 12 15 16 22,5,0,4,0.9262025893247393,0.5555555555555556,0.3111111111111111,0.19170479253009864
Spawrious GSC,43,FedDiverse,84,0 1 2 3 12 13 15 17 22,5,0,4,0.9262025893247393,0.5555555555555556,0.3111111111111111,0.19170479253009864
Spawrious GSC,43,FedDiverse,85,0 1 3 10 12 15 17 22 23,6,0,3,0.950120855560846,0.5555555555555556,0.3555555555555557,0.21562305876620536
Spawrious GSC,43,FedDiverse,86,0 1 3 4 12 15 17 22 23,5,1,3,0.9695245979255244,0.7333333333333333,0.388888888888889,0.2350268011308837
Spawrious GSC,43,FedDiverse,87,0 1 2 3 11 12 15 22 23,5,0,4,0.9740391217969527,0.7333333333333333,0.4000000000000001,0.23954132500231207
Spawrious GSC,43,FedDiverse,88,0 1 2 3 12 13 15 17 22,5,0,4,0.9262025893247393,0.5555555555555556,0.3111111111111111,0.19170479253009864
Spawrious GSC,43,FedDiverse,89,0 1 2 3 12 15 16 22 23,5,0,4,0.9740391217969527,0.7333333333333333,0.4000000000000001,0.23954132500231207
Spawrious GSC,43,FedDiverse,90,0 1 3 7 12 15 17 22 23,5,1,3,0.9661890521968094,0.5555555555555556,0.388888888888889,0.23169125540216873
Spawrious GSC,43,FedDiverse,91,0 1 2 3 12 14 15 20 23,5,0,4,0.9740391217969527,0.7333333333333333,0.4000000000000001,0.23954132500231207
Spawrious GSC,43,FedDiverse,92,0 1 2 3 5 12 15 19 23,4,1,4,0.9855927945614879,0.7333333333333333,0.4222222222222223,0.2510949977668472
Spawrious GSC,43,FedDiverse,93,0 1 2 3 8 12 15 22 23,5,0,4,0.9740391217969527,0.7333333333333333,0.4000000000000001,0.23954132500231207
Spawrious GSC,43,FedDiverse,94,0 1 3 7 8 12 15 17 22,5,1,3,0.9157607427932156,0.37777777777777777,0.30000000000000004,0.18126294599857495
Spawrious GSC,43,FedDiverse,95,0 1 3 8 12 15 17 19 22,6,0,3,0.8878866212461854,0.37777777777777777,0.24444444444444446,0.15338882445154478
Spawrious GSC,43,FedDiverse,96,0 1 2 3 12 13 15 17 22,5,0,4,0.9262025893247393,0.5555555555555556,0.3111111111111111,0.19170479253009864
Spawrious GSC,43,FedDiverse,97,0 1 2 3 12 15 16 20 22,5,0,4,0.9262025893247393,0.5555555555555556,0.3111111111111111,0.19170479253009864
Spawrious GSC,43,FedDiverse,98,0 1 2 3 4 8 12 15 23,4,1,4,0.9855927945614879,0.7333333333333333,0.4222222222222223,0.2510949977668472
Spawrious GSC,43,FedDiverse,99,0 1 2 3 4 12 14 15 23,4,1,4,0.9855927945614879,0.7333333333333333,0.4222222222222223,0.2510949977668472
Spawrious GSC,43,FedDiverse,100,1 2 3 4 12 15 17 22 23,5,1,3,0.9661890521968094,0.5555555555555556,0.388888888888889,0.23169125540216873
Spawrious GSC,43,FedDiverse,101,0 1 2 3 10 12 15 17 22,5,0,4,0.9262025893247393,0.5555555555555556,0.3111111111111111,0.19170479253009864
Spawrious GSC,43,FedDiverse,102,0 1 2 3 8 12 15 22 23,5,0,4,0.9740391217969527,0.7333333333333333,0.4000000000000001,0.23954132500231207
Spawrious GSC,43,FedDiverse,103,0 2 3 12 15 17 21 22 23,6,0,3,0.950120855560846,0.5555555555555556,0.3555555555555557,0.21562305876620536
Spawrious GSC,43,FedDiverse,104,0 2 3 4 12 15 17 22 23,5,1,3,0.9661890521968094,0.5555555555555556,0.388888888888889,0.23169125540216873
Spawrious GSC,43,FedDiverse,105,0 1 2 3 8 12 15 17 23,5,0,4,0.9740391217969527,0.7333333333333333,0.4000000000000001,0.23954132500231207
Spawrious GSC,43,FedDiverse,106,1 2 3 9 12 15 17 22 23,6,0,3,0.950120855560846,0.5555555555555556,0.3555555555555557,0.21562305876620536
Spawrious GSC,43,FedDiverse,107,0 1 2 3 12 13 15 22 23,5,0,4,0.9740391217969527,0.7333333333333333,0.4000000000000001,0.23954132500231207
Spawrious GSC,43,FedDiverse,108,1 2 3 5 12 14 15 17 22,5,1,3,0.9157607427932156,0.37777777777777777,0.30000000000000004,0.18126294599857495
Spawrious GSC,43,FedDiverse,109,0 1 3 4 12 14 15 22 23,5,1,3,0.9695245979255244,0.7333333333333333,0.388888888888889,0.2350268011308837
Spawrious GSC,43,FedDiverse,110,0 1 2 3 12 15 21 22 23,5,0,4,0.9740391217969527,0.7333333333333333,0.4000000000000001,0.23954132500231207
Spawrious GSC,43,FedDiverse,111,0 1 2 3 12 14 15 22 23,5,0,4,0.9740391217969527,0.7333333333333333,0.4000000000000001,0.23954132500231207
Spawrious GSC,43,FedDiverse,112,1 2 3 12 15 16 17 22 23,6,0,3,0.950120855560846,0.5555555555555556,0.3555555555555557,0.21562305876620536
Spawrious GSC,43,FedDiverse,113,0 1 2 3 12 15 17 21 22,5,0,4,0.9262025893247393,0.5555555555555556,0.3111111111111111,0.19170479253009864
Spawrious GSC,43,FedDiverse,114,0 1 3 12 14 15 17 21 22,6,0,3,0.8878866212461854,0.37777777777777777,0.24444444444444446,0.15338882445154478
Spawrious GSC,43,FedDiverse,115,0 2 3 11 12 15 17 22 23,6,0,3,0.950120855560846,0.5555555555555556,0.3555555555555557,0.21562305876620536
Spawrious GSC,43,FedDiverse,116,0 1 2 3 10 12 15 16 22,5,0,4,0.9262025893247393,0.5555555555555556,0.3111111111111111,0.19170479253009864
Spawrious GSC,43,FedDiverse,117,1 2 3 7 12 15 17 22 23,5,1,3,0.9695245979255244,0.7333333333333333,0.388888888888889,0.2350268011308837
Spawrious GSC,43,FedDiverse,118,0 1 2 3 8 12 15 22 23,5,0,4,0.9740391217969527,0.7333333333333333,0.4000000000000001,0.23954132500231207
Spawrious GSC,43,FedDiverse,119,0 1 2 3 11 12 15 20 22,5,0,4,0.9262025893247393,0.5555555555555556,0.3111111111111111,0.19170479253009864
Spawrious GSC,43,FedDiverse,120,0 1 3 4 8 12 15 22 23,5,1,3,0.9695245979255244,0.7333333333333333,0.388888888888889,0.2350268011308837
Spawrious GSC,43,FedDiverse,121,0 1 2 3 12 15 16 22 23,5,0,4,0.9740391217969527,0.7333333333333333,0.4000000000000001,0.23954132500231207
Spawrious GSC,43,FedDiverse,122,0 1 3 8 12 15 16 17 22,6,0,3,0.8878866212461854,0.37777777777777777,0.24444444444444446,0.15338882445154478
Spawrious GSC,43,FedDiverse,123,0 1 3 12 15 17 19 22 23,6,0,3,0.950120855560846,0.5555555555555556,0.3555555555555557,0.21562305876620536
Spawrious GSC,43,FedDiverse,124,0 1 3 8 10 12 15 17 22,6,0,3,0.8878866212461854,0.37777777777777777,0.24444444444444446,0.15338882445154478
Spawrious GSC,43,FedDiverse,125,0 1 2 3 12 15 17 22 23,5,0,4,0.9740391217969527,0.7333333333333333,0.4000000000000001,0.23954132500231207
Spawrious GSC,43,FedDiverse,126,1 2 3 5 12 15 16 17 22,5,1,3,0.9157607427932156,0.37777777777777777,0.30000000000000004,0.18126294599857495
Spawrious GSC,43,FedDiverse,127,1 2 3 7 12 15 17 22 23,5,1,3,0.9695245979255244,0.7333333333333333,0.388888888888889,0.2350268011308837
Spawrious GSC,43,FedDiverse,128,1 2 3 12 13 15 17 22 23,6,0,3,0.950120855560846,0.5555555555555556,0.3555555555555557,0.21562305876620536
Spawrious GSC,43,FedDiverse,129,0 1 2 3 12 15 17 21 22,5,0,4,0.9262025893247393,0.5555555555555556,0.3111111111111111,0.19170479253009864
Spawrious GSC,43,FedDiverse,130,0 1 3 12 15 17 18 19 22,6,0,3,0.8878866212461854,0.37777777777777777,0.24444444444444446,0.15338882445154478
Spawrious GSC,43,FedDiverse,131,0 1 3 12 15 17 20 22 23,6,0,3,0.950120855560846,0.5555555555555556,0.3555555555555557,0.21562305876620536
Spawrious GSC,43,FedDiverse,132,1 2 3 6 12 14 15 17 22,5,1,3,0.922246734013816,0.5555555555555556,0.30000000000000004,0.1877489372191753
Spawrious GSC,43,FedDiverse,133,1 2 3 10 12 15 17 22 23,6,0,3,0.950120855560846,0.5555555555555556,0.3555555555555557,0.21562305876620536
Spawrious GSC,43,FedDiverse,134,0 1 2 3 9 12 13 15 23,5,0,4,0.9740391217969527,0.7333333333333333,0.4000000000000001,0.23954132500231207
Spawrious GSC,43,FedDiverse,135,0 1 2 3 9 12 15 17 22,5,0,4,0.9262025893247393,0.5555555555555556,0.3111111111111111,0.19170479253009864
Spawrious GSC,43,FedDiverse,136,0 1 2 3 7 15 16 22 23,4,1,4,0.9855927945614877,0.7333333333333333,0.4222222222222223,0.2510949977668471
Spawrious GSC,43,FedDiverse,137,0 1 3 11 12 15 17 20 22,6,0,3,0.8878866212461854,0.37777777777777777,0.24444444444444446,0.15338882445154478
Spawrious GSC,43,FedDiverse,138,0 1 3 4 12 15 17 22 23,5,1,3,0.9695245979255244,0.7333333333333333,0.388888888888889,0.2350268011308837
Spawrious GSC,43,FedDiverse,139,0 1 3 12 15 16 17 22 23,6,0,3,0.950120855560846,0.5555555555555556,0.3555555555555557,0.21562305876620536
Spawrious GSC,43,FedDiverse,140,1 2 3 12 15 17 21 22 23,6,0,3,0.950120855560846,0.5555555555555556,0.3555555555555557,0.21562305876620536
Spawrious GSC,43,FedDiverse,141,0 1 2 3 7 12 15 16 22,4,1,4,0.950120855560846,0.5555555555555556,0.35555555555555557,0.21562305876620536
Spawrious GSC,43,FedDiverse,142,0 1 2 3 10 12 15 16 22,5,0,4,0.9262025893247393,0.5555555555555556,0.3111111111111111,0.19170479253009864
Spawrious GSC,43,FedDiverse,143,0 1 2 3 12 15 16 22 23,5,0,4,0.9740391217969527,0.7333333333333333,0.4000000000000001,0.23954132500231207
Spawrious GSC,43,FedDiverse,144,0 1 3 8 12 14 15 17 22,6,0,3,0.8878866212461854,0.37777777777777777,0.24444444444444446,0.15338882445154478
Spawrious GSC,43,FedDiverse,145,0 1 2 3 12 13 15 17 22,5,0,4,0.9262025893247393,0.5555555555555556,0.3111111111111111,0.19170479253009864
Spawrious GSC,43,FedDiverse,146,0 1 2 3 12 14 15 22 23,5,0,4,0.9740391217969527,0.7333333333333333,0.4000000000000001,0.23954132500231207
Spawrious GSC,43,FedDiverse,147,1 2 3 9 12 15 17 22 23,6,0,3,0.950120855560846,0.5555555555555556,0.3555555555555557,0.21562305876620536
Spawrious GSC,43,FedDiverse,148,0 1 2 3 4 12 15 17 22,4,1,4,0.950120855560846,0.5555555555555556,0.35555555555555557,0.21562305876620536
Spawrious GSC,43,FedDiverse,149,0 1 2 3 12 14 15 22 23,5,0,4,0.9740391217969527,0.7333333333333333,0.4000000000000001,0.23954132500231207
Spawrious GSC,43,FedDiverse,150,0 1 2 3 12 15 16 19 22,5,0,4,0.9262025893247393,0.5555555555555556,0.3111111111111111,0.19170479253009864
Spawrious GSC,43,FedDiverse,151,0 2 3 12 15 17 19 22 23,6,0,3,0.950120855560846,0.5555555555555556,0.3555555555555557,0.21562305876620536
Spawrious GSC,43,FedDiverse,152,0 1 2 3 9 12 15 17 22,5,0,4,0.9262025893247393,0.5555555555555556,0.3111111111111111,0.19170479253009864
Spawrious GSC,43,FedDiverse,153,0 1 3 12 15 17 21 22 23,6,0,3,0.950120855560846,0.5555555555555556,0.3555555555555557,0.21562305876620536
Spawrious GSC,43,FedDiverse,154,0 1 3 12 14 15 17 19 22,6,0,3,0.8878866212461854,0.37777777777777777,0.24444444444444446,0.15338882445154478
Spawrious GSC,43,FedDiverse,155,0 1 3 5 12 15 17 22 23,5,1,3,0.9695245979255244,0.7333333333333333,0.388888888888889,0.2350268011308837
Spawrious GSC,43,FedDiverse,156,1 2 3 7 12 15 17 22 23,5,1,3,0.9695245979255244,0.7333333333333333,0.388888888888889,0.2350268011308837
Spawrious GSC,43,FedDiverse,157,0 1 2 3 5 12 15 22 23,4,1,4,0.9855927945614879,0.7333333333333333,0.4222222222222223,0.2510949977668472
Spawrious GSC,43,FedDiverse,158,0 1 3 9 12 15 17 22 23,6,0,3,0.950120855560846,0.5555555555555556,0.3555555555555557,0.21562305876620536
Spawrious GSC,43,FedDiverse,159,0 1 2 3 4 12 13 15 23,4,1,4,0.9855927945614879,0.7333333333333333,0.4222222222222223,0.2510949977668472
Spawrious GSC,43,FedDiverse,160,0 1 3 8 12 15 16 17 22,6,0,3,0.8878866212461854,0.37777777777777777,0.24444444444444446,0.15338882445154478
Spawrious GSC,43,FedDiverse,161,0 1 2 3 5 6 12 15 22,3,2,4,0.9740391217969527,0.7333333333333333,0.4,0.23954132500231207
Spawrious GSC,43,FedDiverse,162,1 2 3 12 15 17 21 22 23,6,0,3,0.950120855560846,0.5555555555555556,0.3555555555555557,0.21562305876620536
Spawrious GSC,43,FedDiverse,163,0 1 3 12 15 17 19 22 23,6,0,3,0.950120855560846,0.5555555555555556,0.3555555555555557,0.21562305876620536
Spawrious GSC,43,FedDiverse,164,0 1 3 12 13 15 16 22 23,6,0,3,0.950120855560846,0.5555555555555556,0.3555555555555557,0.21562305876620536
Spawrious GSC,43,FedDiverse,165,1 2 3 12 13 15 17 22 23,6,0,3,0.950120855560846,0.5555555555555556,0.3555555555555557,0.21562305876620536
Spawrious GSC,43,FedDiverse,166,0 1 2 3 4 12 15 18 23,4,1,4,0.9855927945614879,0.7333333333333333,0.4222222222222223,0.2510949977668472
Spawrious GSC,43,FedDiverse,167,1 2 3 12 15 16 17 22 23,6,0,3,0.950120855560846,0.5555555555555556,0.3555555555555557,0.21562305876620536
Spawrious GSC,43,FedDiverse,168,0 1 2 3 12 15 16 19 23,5,0,4,0.9740391217969527,0.7333333333333333,0.4000000000000001,0.23954132500231207
Spawrious GSC,43,FedDiverse,169,0 1 3 4 9 12 15 17 22,5,1,3,0.9222467340138158,0.5555555555555556,0.30000000000000004,0.18774893721917518
Spawrious GSC,43,FedDiverse,170,0 1 2 3 8 12 15 18 22,5,0,4,0.9262025893247393,0.5555555555555556,0.3111111111111111,0.19170479253009864
Spawrious GSC,43,FedDiverse,171,0 1 2 3 4 12 15 18 23,4,1,4,0.9855927945614879,0.7333333333333333,0.4222222222222223,0.2510949977668472
Spawrious GSC,43,FedDiverse,172,0 1 3 10 12 15 17 22 23,6,0,3,0.950120855560846,0.5555555555555556,0.3555555555555557,0.21562305876620536
Spawrious GSC,43,FedDiverse,173,0 1 3 6 7 12 15 22 23,4,2,3,0.9714468251785908,0.5555555555555556,0.40000000000000013,0.23694902838395016
Spawrious GSC,43,FedDiverse,174,0 1 2 3 12 13 15 19 23,5,0,4,0.9740391217969527,0.7333333333333333,0.4000000000000001,0.23954132500231207
Spawrious GSC,43,FedDiverse,175,0 1 2 3 12 15 17 22 23,5,0,4,0.9740391217969527,0.7333333333333333,0.4000000000000001,0.23954132500231207
Spawrious GSC,43,FedDiverse,176,0 1 2 3 12 15 16 19 22,5,0,4,0.9262025893247393,0.5555555555555556,0.3111111111111111,0.19170479253009864
Spawrious GSC,43,FedDiverse,177,0 1 3 12 13 15 17 21 22,6,0,3,0.8878866212461854,0.37777777777777777,0.24444444444444446,0.15338882445154478
Spawrious GSC,43,FedDiverse,178,0 1 3 9 12 15 17 19 22,6,0,3,0.8878866212461854,0.37777777777777777,0.24444444444444446,0.15338882445154478
Spawrious GSC,43,FedDiverse,179,1 2 3 10 12 15 17 22 23,6,0,3,0.950120855560846,0.5555555555555556,0.3555555555555557,0.21562305876620536
Spawrious GSC,43,FedDiverse,180,0 1 2 3 12 15 16 17 22,5,0,4,0.9262025893247393,0.5555555555555556,0.3111111111111111,0.19170479253009864
Spawrious GSC,43,FedDiverse,181,0 2 3 12 15 17 19 22 23,6,0,3,0.950120855560846,0.5555555555555556,0.3555555555555557,0.21562305876620536
Spawrious GSC,43,FedDiverse,182,0 1 2 3 7 9 12 15 23,4,1,4,0.9855927945614877,0.7333333333333333,0.4222222222222223,0.2510949977668471
Spawrious GSC,43,FedDiverse,183,0 1 2 3 8 9 12 15 22,5,0,4,0.9262025893247393,0.5555555555555556,0.3111111111111111,0.19170479253009864
Spawrious GSC,43,FedDiverse,184,1 2 3 8 12 15 17 19 22,6,0,3,0.8878866212461856,0.37777777777777777,0.24444444444444446,0.1533888244515449
Spawrious GSC,43,FedDiverse,185,0 1 3 7 10 12 15 17 22,5,1,3,0.9157607427932156,0.37777777777777777,0.30000000000000004,0.18126294599857495
Spawrious GSC,43,FedDiverse,186,1 2 3 7 12 15 17 22 23,5,1,3,0.9695245979255244,0.7333333333333333,0.388888888888889,0.2350268011308837
Spawrious GSC,43,FedDiverse,187,0 1 2 3 12 15 18 22 23,5,0,4,0.9740391217969527,0.7333333333333333,0.4000000000000001,0.23954132500231207
Spawrious GSC,43,FedDiverse,188,0 1 3 9 10 12 15 17 22,6,0,3,0.8878866212461854,0.37777777777777777,0.24444444444444446,0.15338882445154478
Spawrious GSC,43,FedDiverse,189,0 1 2 3 12 14 15 17 22,5,0,4,0.9262025893247393,0.5555555555555556,0.3111111111111111,0.19170479253009864
Spawrious GSC,43,FedDiverse,190,0 1 3 12 13 15 17 18 22,6,0,3,0.8878866212461854,0.37777777777777777,0.24444444444444446,0.15338882445154478
Spawrious GSC,43,FedDiverse,191,0 1 3 8 12 15 17 20 22,6,0,3,0.8878866212461854,0.37777777777777777,0.24444444444444446,0.15338882445154478
Spawrious GSC,43,FedDiverse,192,1 2 3 4 12 15 17 22 23,5,1,3,0.9661890521968094,0.5555555555555556,0.388888888888889,0.23169125540216873
Spawrious GSC,43,FedDiverse,193,0 1 2 3 5 12 15 16 22,4,1,4,0.950120855560846,0.5555555555555556,0.35555555555555557,0.21562305876620536
Spawrious GSC,43,FedDiverse,194,0 1 3 7 9 12 15 22 23,5,1,3,0.9661890521968094,0.5555555555555556,0.388888888888889,0.23169125540216873
Spawrious GSC,43,FedDiverse,195,0 1 3 6 12 15 17 22 23,5,1,3,0.9661890521968094,0.5555555555555556,0.388888888888889,0.23169125540216873
Spawrious GSC,43,FedDiverse,196,0 1 3 12 13 15 17 19 22,6,0,3,0.8878866212461854,0.37777777777777777,0.24444444444444446,0.15338882445154478
Spawrious GSC,43,FedDiverse,197,0 1 2 3 9 12 15 17 22,5,0,4,0.9262025893247393,0.5555555555555556,0.3111111111111111,0.19170479253009864
Spawrious GSC,43,FedDiverse,198,0 2 3 6 12 15 17 22 23,5,1,3,0.9695245979255244,0.7333333333333333,0.388888888888889,0.2350268011308837
Spawrious GSC,43,FedDiverse,199,0 2 3 10 12 15 17 22 23,6,0,3,0.950120855560846,0.5555555555555556,0.3555555555555557,0.21562305876620536
Spawrious GSC,44,FedDiverse,1,0 1 2 3 12 13 18 19 21,5,0,4,0.9262025893247393,0.5555555555555556,0.3111111111111111,0.19170479253009864
Spawrious GSC,44,FedDiverse,2,0 1 2 3 5 12 13 18 19,4,1,4,0.950120855560846,0.5555555555555556,0.35555555555555557,0.21562305876620536
Spawrious GSC,44,FedDiverse,3,0 1 2 3 5 8 12 17 19,4,1,4,0.950120855560846,0.5555555555555556,0.35555555555555557,0.21562305876620536
Spawrious GSC,44,FedDiverse,4,0 1 2 3 5 8 12 19 20,4,1,4,0.950120855560846,0.5555555555555556,0.35555555555555557,0.21562305876620536
Spawrious GSC,44,FedDiverse,5,0 2 3 8 10 12 13 18 19,6,0,3,0.8878866212461856,0.37777777777777777,0.24444444444444446,0.1533888244515449
Spawrious GSC,44,FedDiverse,6,0 1 2 3 12 13 15 19 20,5,0,4,0.9262025893247393,0.5555555555555556,0.3111111111111111,0.19170479253009864
Spawrious GSC,44,FedDiverse,7,0 1 2 3 11 12 13 18 19,5,0,4,0.9262025893247393,0.5555555555555556,0.3111111111111111,0.19170479253009864
Spawrious GSC,44,FedDiverse,8,0 1 2 3 5 8 10 12 19,4,1,4,0.950120855560846,0.5555555555555556,0.35555555555555557,0.21562305876620536
Spawrious GSC,44,FedDiverse,9,0 1 2 3 10 12 13 18 19,5,0,4,0.9262025893247393,0.5555555555555556,0.3111111111111111,0.19170479253009864
Spawrious GSC,44,FedDiverse,10,0 1 2 4 8 12 13 19 20,5,1,3,0.9222467340138158,0.5555555555555556,0.30000000000000004,0.18774893721917518
Spawrious GSC,44,FedDiverse,11,0 1 2 12 13 16 18 19 21,6,0,3,0.8878866212461854,0.37777777777777777,0.24444444444444446,0.15338882445154478
Spawrious GSC,44,FedDiverse,12,0 2 3 5 12 13 18 19 22,5,1,3,0.9157607427932156,0.37777777777777777,0.30000000000000004,0.18126294599857495
Spawrious GSC,44,FedDiverse,13,0 1 2 3 9 12 13 18 19,5,0,4,0.9262025893247393,0.5555555555555556,0.3111111111111111,0.19170479253009864
Spawrious GSC,44,FedDiverse,14,0 2 3 6 8 12 13 18 19,5,1,3,0.922246734013816,0.5555555555555556,0.30000000000000004,0.1877489372191753
Spawrious GSC,44,FedDiverse,15,0 1 2 3 12 13 18 19 22,5,0,4,0.9262025893247393,0.5555555555555556,0.3111111111111111,0.19170479253009864
Spawrious GSC,44,FedDiverse,16,0 1 2 8 10 12 13 18 19,6,0,3,0.8878866212461854,0.37777777777777777,0.24444444444444446,0.15338882445154478
Spawrious GSC,44,FedDiverse,17,0 1 2 7 8 12 13 18 19,5,1,3,0.9157607427932156,0.37777777777777777,0.30000000000000004,0.18126294599857495
Spawrious GSC,44,FedDiverse,18,0 1 2 5 12 13 18 19 21,5,1,3,0.9222467340138158,0.5555555555555556,0.30000000000000004,0.18774893721917518
Spawrious GSC,44,FedDiverse,19,0 1 2 3 12 13 18 19 23,5,0,4,0.9740391217969527,0.7333333333333333,0.4000000000000001,0.23954132500231207
Spawrious GSC,44,FedDiverse,20,0 1 2 3 8 12 13 15 19,5,0,4,0.9262025893247393,0.5555555555555556,0.3111111111111111,0.19170479253009864
Spawrious GSC,44,FedDiverse,21,0 1 2 3 5 9 12 13 19,4,1,4,0.950120855560846,0.5555555555555556,0.35555555555555557,0.21562305876620536
Spawrious GSC,44,FedDiverse,22,0 1 2 3 5 12 13 18 19,4,1,4,0.950120855560846,0.5555555555555556,0.35555555555555557,0.21562305876620536
Spawrious GSC,44,FedDiverse,23,1 2 3 6 8 12 13 18 19,5,1,3,0.922246734013816,0.5555555555555556,0.30000000000000004,0.1877489372191753
Spawrious GSC,44,FedDiverse,24,0 1 2 3 8 9 11 12 19,5,0,4,0.9262025893247393,0.5555555555555556,0.3111111111111111,0.19170479253009864
Spawrious GSC,44,FedDiverse,25,0 1 2 4 8 12 13 18 19,5,1,3,0.9222467340138158,0.5555555555555556,0.30000000000000004,0.18774893721917518
Spawrious GSC,44,FedDiverse,26,0 1 2 12 13 17 18 19 21,6,0,3,0.8878866212461854,0.37777777777777777,0.24444444444444446,0.15338882445154478
Spawrious GSC,44,FedDiverse,27,0 1 2 3 12 13 14 18 19,5,0,4,0.9262025893247393,0.5555555555555556,0.3111111111111111,0.19170479253009864
Spawrious GSC,44,FedDiverse,28,0 1 2 3 5 8 12 16 19,4,1,4,0.950120855560846,0.5555555555555556,0.35555555555555557,0.21562305876620536
Spawrious GSC,44,FedDiverse,29,1 2 3 8 12 13 18 19 21,6,0,3,0.8878866212461856,0.37777777777777777,0.24444444444444446,0.1533888244515449
Spawrious GSC,44,FedDiverse,30,0 1 2 3 11 12 13 18 19,5,0,4,0.9262025893247393,0.5555555555555556,0.3111111111111111,0.19170479253009864
Spawrious GSC,44,FedDiverse,31,0 1 2 3 8 12 13 19 21,5,0,4,0.9262025893247393,0.5555555555555556,0.3111111111111111,0.19170479253009864
Spawrious GSC,44,FedDiverse,32,0 2 3 5 8 12 13 18 19,5,1,3,0.9157607427932156,0.37777777777777777,0.30000000000000004,0.18126294599857495
Spawrious GSC,44,FedDiverse,33,0 1 2 3 5 12 13 15 19,4,1,4,0.950120855560846,0.5555555555555556,0.35555555555555557,0.21562305876620536
Spawrious GSC,44,FedDiverse,34,0 1 2 3 10 12 13 19 20,5,0,4,0.9262025893247393,0.5555555555555556,0.3111111111111111,0.19170479253009864
Spawrious GSC,44,FedDiverse,35,0 1 2 3 8 12 17 19 21,5,0,4,0.9262025893247393,0.5555555555555556,0.3111111111111111,0.19170479253009864
Spawrious GSC,44,FedDiverse,36,0 1 2 12 13 14 18 19 20,6,0,3,0.8878866212461854,0.37777777777777777,0.24444444444444446,0.15338882445154478
Spawrious GSC,44,FedDiverse,37,0 1 2 3 10 12 13 18 19,5,0,4,0.9262025893247393,0.5555555555555556,0.3111111111111111,0.19170479253009864
Spawrious GSC,44,FedDiverse,38,0 1 2 3 11 12 13 18 19,5,0,4,0.9262025893247393,0.5555555555555556,0.3111111111111111,0.19170479253009864
Spawrious GSC,44,FedDiverse,39,0 1 2 3 12 13 15 18 19,5,0,4,0.9262025893247393,0.5555555555555556,0.3111111111111111,0.19170479253009864
Spawrious GSC,44,FedDiverse,40,0 1 2 3 6 12 13 19 21,4,1,4,0.950120855560846,0.5555555555555556,0.35555555555555557,0.21562305876620536
Spawrious GSC,44,FedDiverse,41,1 2 3 7 8 12 13 18 19,5,1,3,0.922246734013816,0.5555555555555556,0.30000000000000004,0.1877489372191753
Spawrious GSC,44,FedDiverse,42,0 1 2 3 12 13 15 18 19,5,0,4,0.9262025893247393,0.5555555555555556,0.3111111111111111,0.19170479253009864
Spawrious GSC,44,FedDiverse,43,0 1 2 3 12 13 18 19 22,5,0,4,0.9262025893247393,0.5555555555555556,0.3111111111111111,0.19170479253009864
Spawrious GSC,44,FedDiverse,44,0 1 2 3 7 10 12 13 19,4,1,4,0.950120855560846,0.5555555555555556,0.35555555555555557,0.21562305876620536
Spawrious GSC,44,FedDiverse,45,0 1 2 3 4 12 13 18 19,4,1,4,0.950120855560846,0.5555555555555556,0.35555555555555557,0.21562305876620536
Spawrious GSC,44,FedDiverse,46,0 1 2 3 12 13 18 19 21,5,0,4,0.9262025893247393,0.5555555555555556,0.3111111111111111,0.19170479253009864
Spawrious GSC,44,FedDiverse,47,0 1 2 3 12 13 16 18 19,5,0,4,0.9262025893247393,0.5555555555555556,0.3111111111111111,0.19170479253009864
Spawrious GSC,44,FedDiverse,48,1 2 3 8 12 13 18 19 22,6,0,3,0.8878866212461856,0.37777777777777777,0.24444444444444446,0.1533888244515449
Spawrious GSC,44,FedDiverse,49,0 1 2 3 12 13 15 18 19,5,0,4,0.9262025893247393,0.5555555555555556,0.3111111111111111,0.19170479253009864
Spawrious GSC,44,FedDiverse,50,0 2 3 8 12 13 16 18 19,6,0,3,0.8878866212461856,0.37777777777777777,0.24444444444444446,0.1533888244515449
Spawrious GSC,44,FedDiverse,51,0 1 2 3 5 12 13 19 20,4,1,4,0.950120855560846,0.5555555555555556,0.35555555555555557,0.21562305876620536
Spawrious GSC,44,FedDiverse,52,0 1 2 3 6 7 12 13 19,3,2,4,0.961674528325381,0.5555555555555556,0.37777777777777777,0.22717673153074036
Spawrious GSC,44,FedDiverse,53,0 1 2 3 12 13 18 19 21,5,0,4,0.9262025893247393,0.5555555555555556,0.3111111111111111,0.19170479253009864
Spawrious GSC,44,FedDiverse,54,0 1 2 3 12 13 15 18 19,5,0,4,0.9262025893247393,0.5555555555555556,0.3111111111111111,0.19170479253009864
Spawrious GSC,44,FedDiverse,55,0 2 3 4 12 13 18 19 21,5,1,3,0.9157607427932156,0.37777777777777777,0.30000000000000004,0.18126294599857495
Spawrious GSC,44,FedDiverse,56,0 2 3 8 9 12 13 18 19,6,0,3,0.8878866212461856,0.37777777777777777,0.24444444444444446,0.1533888244515449
Spawrious GSC,44,FedDiverse,57,0 1 2 5 8 12 13 18 19,5,1,3,0.9222467340138158,0.5555555555555556,0.30000000000000004,0.18774893721917518
Spawrious GSC,44,FedDiverse,58,0 1 2 8 12 13 18 19 23,6,0,3,0.950120855560846,0.5555555555555556,0.3555555555555557,0.21562305876620536
Spawrious GSC,44,FedDiverse,59,0 1 2 3 6 12 13 15 19,4,1,4,0.950120855560846,0.5555555555555556,0.35555555555555557,0.21562305876620536
Spawrious GSC,44,FedDiverse,60,0 1 2 3 5 8 12 17 19,4,1,4,0.950120855560846,0.5555555555555556,0.35555555555555557,0.21562305876620536
Spawrious GSC,44,FedDiverse,61,0 1 2 3 8 10 12 19 21,5,0,4,0.9262025893247393,0.5555555555555556,0.3111111111111111,0.19170479253009864
Spawrious GSC,44,FedDiverse,62,0 1 2 8 12 13 16 18 19,6,0,3,0.8878866212461854,0.37777777777777777,0.24444444444444446,0.15338882445154478
Spawrious GSC,44,FedDiverse,63,0 1 2 3 7 12 13 18 19,4,1,4,0.950120855560846,0.5555555555555556,0.35555555555555557,0.21562305876620536
Spawrious GSC,44,FedDiverse,64,0 1 2 8 12 13 17 18 19,6,0,3,0.8878866212461854,0.37777777777777777,0.24444444444444446,0.15338882445154478
Spawrious GSC,44,FedDiverse,65,0 1 2 3 8 12 17 19 23,5,0,4,0.9740391217969527,0.7333333333333333,0.4000000000000001,0.23954132500231207
Spawrious GSC,44,FedDiverse,66,0 1 2 6 11 12 13 18 19,5,1,3,0.9157607427932156,0.37777777777777777,0.30000000000000004,0.18126294599857495
Spawrious GSC,44,FedDiverse,67,0 1 2 3 4 12 13 18 19,4,1,4,0.950120855560846,0.5555555555555556,0.35555555555555557,0.21562305876620536
Spawrious GSC,44,FedDiverse,68,0 1 2 8 11 12 13 18 19,6,0,3,0.8878866212461854,0.37777777777777777,0.24444444444444446,0.15338882445154478
Spawrious GSC,44,FedDiverse,69,0 1 2 3 5 12 13 19 20,4,1,4,0.950120855560846,0.5555555555555556,0.35555555555555557,0.21562305876620536
Spawrious GSC,44,FedDiverse,70,0 2 3 8 12 13 18 19 23,6,0,3,0.950120855560846,0.5555555555555556,0.3555555555555557,0.21562305876620536
Spawrious GSC,44,FedDiverse,71,0 1 2 8 12 13 14 18 19,6,0,3,0.8878866212461854,0.37777777777777777,0.24444444444444446,0.15338882445154478
Spawrious GSC,44,FedDiverse,72,0 1 2 3 7 9 12 13 19,4,1,4,0.950120855560846,0.5555555555555556,0.35555555555555557,0.21562305876620536
Spawrious GSC,44,FedDiverse,73,0 1 2 3 4 8 12 19 21,4,1,4,0.950120855560846,0.5555555555555556,0.35555555555555557,0.21562305876620536
Spawrious GSC,44,FedDiverse,74,0 1 2 3 4 6 8 12 19,3,2,4,0.9740391217969527,0.7333333333333333,0.4,0.23954132500231207
Spawrious GSC,44,FedDiverse,75,0 2 3 8 10 12 13 18 19,6,0,3,0.8878866212461856,0.37777777777777777,0.24444444444444446,0.1533888244515449
Spawrious GSC,44,FedDiverse,76,0 1 2 9 11 12 13 18 19,6,0,3,0.8878866212461854,0.37777777777777777,0.24444444444444446,0.15338882445154478
Spawrious GSC,44,FedDiverse,77,0 2 3 8 12 13 18 19 21,6,0,3,0.8878866212461856,0.37777777777777777,0.24444444444444446,0.1533888244515449
Spawrious GSC,44,FedDiverse,78,0 1 2 3 8 10 12 19 23,5,0,4,0.9740391217969527,0.7333333333333333,0.4000000000000001,0.23954132500231207
Spawrious GSC,44,FedDiverse,79,0 2 3 8 10 12 13 19 21,6,0,3,0.8878866212461856,0.37777777777777777,0.24444444444444446,0.1533888244515449
Spawrious GSC,44,FedDiverse,80,0 1 2 3 6 7 8 12 19,3,2,4,0.961674528325381,0.5555555555555556,0.37777777777777777,0.22717673153074036
Spawrious GSC,44,FedDiverse,81,0 2 3 8 12 13 18 19 20,6,0,3,0.8878866212461856,0.37777777777777777,0.24444444444444446,0.1533888244515449
Spawrious GSC,44,FedDiverse,82,0 1 2 3 4 12 13 15 19,4,1,4,0.950120855560846,0.5555555555555556,0.35555555555555557,0.21562305876620536
Spawrious GSC,44,FedDiverse,83,0 1 2 8 11 12 13 18 19,6,0,3,0.8878866212461854,0.37777777777777777,0.24444444444444446,0.15338882445154478
Spawrious GSC,44,FedDiverse,84,0 1 2 3 7 8 10 12 19,4,1,4,0.950120855560846,0.5555555555555556,0.35555555555555557,0.21562305876620536
Spawrious GSC,44,FedDiverse,85,0 2 3 8 12 13 15 18 19,6,0,3,0.8878866212461856,0.37777777777777777,0.24444444444444446,0.1533888244515449
Spawrious GSC,44,FedDiverse,86,0 1 2 8 11 12 13 18 19,6,0,3,0.8878866212461854,0.37777777777777777,0.24444444444444446,0.15338882445154478
Spawrious GSC,44,FedDiverse,87,0 2 3 8 9 11 12 13 19,6,0,3,0.8878866212461856,0.37777777777777777,0.24444444444444446,0.1533888244515449
Spawrious GSC,44,FedDiverse,88,0 2 3 8 10 12 13 18 19,6,0,3,0.8878866212461856,0.37777777777777777,0.24444444444444446,0.1533888244515449
Spawrious GSC,44,FedDiverse,89,0 1 2 3 7 12 13 18 19,4,1,4,0.950120855560846,0.5555555555555556,0.35555555555555557,0.21562305876620536
Spawrious GSC,44,FedDiverse,90,0 1 2 3 8 12 13 15 19,5,0,4,0.9262025893247393,0.5555555555555556,0.3111111111111111,0.19170479253009864
Spawrious GSC,44,FedDiverse,91,0 1 2 7 8 12 13 18 19,5,1,3,0.9157607427932156,0.37777777777777777,0.30000000000000004,0.18126294599857495
Spawrious GSC,44,FedDiverse,92,0 1 2 3 12 13 15 18 19,5,0,4,0.9262025893247393,0.5555555555555556,0.3111111111111111,0.19170479253009864
Spawrious GSC,44,FedDiverse,93,0 1 2 3 5 8 12 16 19,4,1,4,0.950120855560846,0.5555555555555556,0.35555555555555557,0.21562305876620536
Spawrious GSC,44,FedDiverse,94,0 1 2 4 8 12 13 16 19,5,1,3,0.9222467340138158,0.5555555555555556,0.30000000000000004,0.18774893721917518
Spawrious GSC,44,FedDiverse,95,0 1 2 3 8 12 13 19 23,5,0,4,0.9740391217969527,0.7333333333333333,0.4000000000000001,0.23954132500231207
Spawrious GSC,44,FedDiverse,96,0 1 2 3 8 12 13 15 19,5,0,4,0.9262025893247393,0.5555555555555556,0.3111111111111111,0.19170479253009864
Spawrious GSC,44,FedDiverse,97,0 1 2 3 7 8 12 14 19,4,1,4,0.950120855560846,0.5555555555555556,0.35555555555555557,0.21562305876620536
Spawrious GSC,44,FedDiverse,98,0 1 2 3 7 12 13 19 22,4,1,4,0.950120855560846,0.5555555555555556,0.35555555555555557,0.21562305876620536
Spawrious GSC,44,FedDiverse,99,0 1 3 5 8 12 13 18 19,5,1,3,0.9222467340138158,0.5555555555555556,0.30000000000000004,0.18774893721917518
Spawrious GSC,44,FedDiverse,100,0 2 3 5 12 13 14 18 19,5,1,3,0.9157607427932156,0.37777777777777777,0.30000000000000004,0.18126294599857495
Spawrious GSC,44,FedDiverse,101,0 1 2 3 10 12 13 18 19,5,0,4,0.9262025893247393,0.5555555555555556,0.3111111111111111,0.19170479253009864
Spawrious GSC,44,FedDiverse,102,0 2 3 6 8 12 13 18 19,5,1,3,0.922246734013816,0.5555555555555556,0.30000000000000004,0.1877489372191753
Spawrious GSC,44,FedDiverse,103,0 1 2 3 12 13 15 18 19,5,0,4,0.9262025893247393,0.5555555555555556,0.3111111111111111,0.19170479253009864
Spawrious GSC,44,FedDiverse,104,0 1 2 3 5 6 8 12 19,3,2,4,0.9740391217969527,0.7333333333333333,0.4,0.23954132500231207
Spawrious GSC,44,FedDiverse,105,0 2 3 8 12 13 15 19 21,6,0,3,0.8878866212461856,0.37777777777777777,0.24444444444444446,0.1533888244515449
Spawrious GSC,44,FedDiverse,106,0 1 2 3 4 7 12 13 19,3,2,4,0.9740391217969527,0.7333333333333333,0.4,0.23954132500231207
Spawrious GSC,44,FedDiverse,107,0 1 2 6 8 11 12 13 19,5,1,3,0.9157607427932156,0.37777777777777777,0.30000000000000004,0.18126294599857495
Spawrious GSC,44,FedDiverse,108,1 2 3 7 8 12 13 18 19,5,1,3,0.922246734013816,0.5555555555555556,0.30000000000000004,0.1877489372191753
Spawrious GSC,44,FedDiverse,109,1 2 3 4 8 12 13 18 19,5,1,3,0.9157607427932156,0.37777777777777777,0.30000000000000004,0.18126294599857495
Spawrious GSC,44,FedDiverse,110,0 1 2 3 8 12 13 18 19,5,0,4,0.9262025893247393,0.5555555555555556,0.3111111111111111,0.19170479253009864
Spawrious GSC,44,FedDiverse,111,0 2 3 5 9 12 13 18 19,5,1,3,0.9157607427932156,0.37777777777777777,0.30000000000000004,0.18126294599857495
Spawrious GSC,44,FedDiverse,112,0 1 2 11 12 13 16 18 19,6,0,3,0.8878866212461854,0.37777777777777777,0.24444444444444446,0.15338882445154478
Spawrious GSC,44,FedDiverse,113,0 1 2 3 8 12 13 18 19,5,0,4,0.9262025893247393,0.5555555555555556,0.3111111111111111,0.19170479253009864
Spawrious GSC,44,FedDiverse,114,0 1 2 7 9 12 13 18 19,5,1,3,0.9157607427932156,0.37777777777777777,0.30000000000000004,0.18126294599857495
Spawrious GSC,44,FedDiverse,115,0 2 3 6 8 12 13 18 19,5,1,3,0.922246734013816,0.5555555555555556,0.30000000000000004,0.1877489372191753
Spawrious GSC,44,FedDiverse,116,0 2 3 7 8 12 13 18 19,5,1,3,0.922246734013816,0.5555555555555556,0.30000000000000004,0.1877489372191753
Spawrious GSC,44,FedDiverse,117,1 2 3 6 8 12 13 18 19,5,1,3,0.922246734013816,0.5555555555555556,0.30000000000000004,0.1877489372191753
Spawrious GSC,44,FedDiverse,118,0 1 2 3 8 12 13 18 19,5,0,4,0.9262025893247393,0.5555555555555556,0.3111111111111111,0.19170479253009864
Spawrious GSC,44,FedDiverse,119,0 1 2 3 7 8 12 19 23,4,1,4,0.9855927945614877,0.7333333333333333,0.4222222222222223,0.2510949977668471
Spawrious GSC,44,FedDiverse,120,0 1 2 7 10 12 13 18 19,5,1,3,0.9157607427932156,0.37777777777777777,0.30000000000000004,0.18126294599857495
Spawrious GSC,44,FedDiverse,121,0 2 3 12 13 16 18 19 21,6,0,3,0.8878866212461856,0.37777777777777777,0.24444444444444446,0.1533888244515449
Spawrious GSC,44,FedDiverse,122,0 1 2 8 12 13 16 18 19,6,0,3,0.8878866212461854,0.37777777777777777,0.24444444444444446,0.15338882445154478
Spawrious GSC,44,FedDiverse,123,0 1 2 3 12 13 14 18 19,5,0,4,0.9262025893247393,0.5555555555555556,0.3111111111111111,0.19170479253009864
Spawrious GSC,44,FedDiverse,124,0 2 3 6 12 13 18 19 21,5,1,3,0.922246734013816,0.5555555555555556,0.30000000000000004,0.1877489372191753
Spawrious GSC,44,FedDiverse,125,0 1 2 3 8 12 15 19 23,5,0,4,0.9740391217969527,0.7333333333333333,0.4000000000000001,0.23954132500231207
Spawrious GSC,44,FedDiverse,126,0 1 2 3 4 12 13 18 19,4,1,4,0.950120855560846,0.5555555555555556,0.35555555555555557,0.21562305876620536
Spawrious GSC,44,FedDiverse,127,0 1 2 3 12 13 16 18 19,5,0,4,0.9262025893247393,0.5555555555555556,0.3111111111111111,0.19170479253009864
Spawrious GSC,44,FedDiverse,128,0 1 2 8 12 13 18 19 22,6,0,3,0.8878866212461854,0.37777777777777777,0.24444444444444446,0.15338882445154478
Spawrious GSC,44,FedDiverse,129,0 1 2 3 7 12 13 15 19,4,1,4,0.950120855560846,0.5555555555555556,0.35555555555555557,0.21562305876620536
Spawrious GSC,44,FedDiverse,130,0 1 2 3 7 12 13 17 19,4,1,4,0.950120855560846,0.5555555555555556,0.35555555555555557,0.21562305876620536
Spawrious GSC,44,FedDiverse,131,0 1 2 3 8 12 13 18 19,5,0,4,0.9262025893247393,0.5555555555555556,0.3111111111111111,0.19170479253009864
Spawrious GSC,44,FedDiverse,132,0 1 2 3 5 12 13 18 19,4,1,4,0.950120855560846,0.5555555555555556,0.35555555555555557,0.21562305876620536
Spawrious GSC,44,FedDiverse,133,0 1 2 4 5 12 13 18 19,4,2,3,0.9416504763784942,0.5555555555555556,0.33333333333333337,0.20715267958385353
Spawrious GSC,44,FedDiverse,134,1 2 3 8 11 12 13 18 19,6,0,3,0.8878866212461856,0.37777777777777777,0.24444444444444446,0.1533888244515449
Spawrious GSC,44,FedDiverse,135,0 1 2 3 4 12 13 18 19,4,1,4,0.950120855560846,0.5555555555555556,0.35555555555555557,0.21562305876620536
Spawrious GSC,44,FedDiverse,136,0 1 2 3 5 8 12 16 19,4,1,4,0.950120855560846,0.5555555555555556,0.35555555555555557,0.21562305876620536
Spawrious GSC,44,FedDiverse,137,0 1 2 3 6 9 12 13 19,4,1,4,0.950120855560846,0.5555555555555556,0.35555555555555557,0.21562305876620536
Spawrious GSC,44,FedDiverse,138,0 1 2 3 8 12 13 19 22,5,0,4,0.9262025893247393,0.5555555555555556,0.3111111111111111,0.19170479253009864
Spawrious GSC,44,FedDiverse,139,0 1 2 3 6 9 12 13 19,4,1,4,0.950120855560846,0.5555555555555556,0.35555555555555557,0.21562305876620536
Spawrious GSC,44,FedDiverse,140,0 1 2 8 12 13 18 19 21,6,0,3,0.8878866212461854,0.37777777777777777,0.24444444444444446,0.15338882445154478
Spawrious GSC,44,FedDiverse,141,0 1 2 3 13 18 19 20 21,5,0,4,0.9262025893247393,0.5555555555555556,0.3111111111111111,0.19170479253009864
Spawrious GSC,44,FedDiverse,142,0 1 2 8 12 13 16 18 19,6,0,3,0.8878866212461854,0.37777777777777777,0.24444444444444446,0.15338882445154478
Spawrious GSC,44,FedDiverse,143,0 1 2 3 7 12 13 18 19,4,1,4,0.950120855560846,0.5555555555555556,0.35555555555555557,0.21562305876620536
Spawrious GSC,44,FedDiverse,144,0 1 2 3 11 12 13 19 22,5,0,4,0.9262025893247393,0.5555555555555556,0.3111111111111111,0.19170479253009864
Spawrious GSC,44,FedDiverse,145,0 1 2 3 4 9 12 13 19,4,1,4,0.950120855560846,0.5555555555555556,0.35555555555555557,0.21562305876620536
Spawrious GSC,44,FedDiverse,146,0 1 2 3 9 12 13 17 19,5,0,4,0.9262025893247393,0.5555555555555556,0.3111111111111111,0.19170479253009864
Spawrious GSC,44,FedDiverse,147,0 1 2 3 5 12 13 18 19,4,1,4,0.950120855560846,0.5555555555555556,0.35555555555555557,0.21562305876620536
Spawrious GSC,44,FedDiverse,148,0 1 2 3 11 12 13 18 19,5,0,4,0.9262025893247393,0.5555555555555556,0.3111111111111111,0.19170479253009864
Spawrious GSC,44,FedDiverse,149,0 1 2 3 12 13 15 18 19,5,0,4,0.9262025893247393,0.5555555555555556,0.3111111111111111,0.19170479253009864
Spawrious GSC,44,FedDiverse,150,0 2 3 8 12 13 18 19 20,6,0,3,0.8878866212461856,0.37777777777777777,0.24444444444444446,0.1533888244515449
Spawrious GSC,44,FedDiverse,151,0 1 2 3 7 8 11 12 19,4,1,4,0.950120855560846,0.5555555555555556,0.35555555555555557,0.21562305876620536
Spawrious GSC,44,FedDiverse,152,0 1 2 3 12 13 15 18 19,5,0,4,0.9262025893247393,0.5555555555555556,0.3111111111111111,0.19170479253009864
Spawrious GSC,44,FedDiverse,153,0 1 2 3 5 12 13 19 21,4,1,4,0.950120855560846,0.5555555555555556,0.35555555555555557,0.21562305876620536
Spawrious GSC,44,FedDiverse,154,0 1 2 3 8 11 12 13 19,5,0,4,0.9262025893247393,0.5555555555555556,0.3111111111111111,0.19170479253009864
Spawrious GSC,44,FedDiverse,155,0 1 2 3 8 9 12 19 21,5,0,4,0.9262025893247393,0.5555555555555556,0.3111111111111111,0.19170479253009864
Spawrious GSC,44,FedDiverse,156,0 1 2 3 8 12 13 16 19,5,0,4,0.9262025893247393,0.5555555555555556,0.3111111111111111,0.19170479253009864
Spawrious GSC,44,FedDiverse,157,0 1 2 3 11 12 13 15 19,5,0,4,0.9262025893247393,0.5555555555555556,0.3111111111111111,0.19170479253009864
Spawrious GSC,44,FedDiverse,158,1 2 3 8 12 13 17 18 19,6,0,3,0.8878866212461856,0.37777777777777777,0.24444444444444446,0.1533888244515449
Spawrious GSC,44,FedDiverse,159,0 1 2 8 12 13 18 19 23,6,0,3,0.950120855560846,0.5555555555555556,0.3555555555555557,0.21562305876620536
Spawrious GSC,44,FedDiverse,160,0 1 2 3 10 12 13 18 19,5,0,4,0.9262025893247393,0.5555555555555556,0.3111111111111111,0.19170479253009864
Spawrious GSC,44,FedDiverse,161,0 1 2 3 12 13 15 18 19,5,0,4,0.9262025893247393,0.5555555555555556,0.3111111111111111,0.19170479253009864
Spawrious GSC,44,FedDiverse,162,0 1 2 6 8 9 12 13 19,5,1,3,0.9157607427932156,0.37777777777777777,0.30000000000000004,0.18126294599857495
Spawrious GSC,44,FedDiverse,163,0 2 3 8 12 13 18 19 20,6,0,3,0.8878866212461856,0.37777777777777777,0.24444444444444446,0.1533888244515449
Spawrious GSC,44,FedDiverse,164,0 1 2 3 5 8 12 18 19,4,1,4,0.950120855560846,0.5555555555555556,0.35555555555555557,0.21562305876620536
Spawrious GSC,44,FedDiverse,165,0 1 2 5 6 12 13 18 19,4,2,3,0.950120855560846,0.5555555555555556,0.35555555555555557,0.21562305876620536
Spawrious GSC,44,FedDiverse,166,1 2 3 7 8 12 13 18 19,5,1,3,0.922246734013816,0.5555555555555556,0.30000000000000004,0.1877489372191753
Spawrious GSC,44,FedDiverse,167,0 1 2 7 11 12 13 18 19,5,1,3,0.9157607427932156,0.37777777777777777,0.30000000000000004,0.18126294599857495
Spawrious GSC,44,FedDiverse,168,0 1 2 3 12 13 15 18 19,5,0,4,0.9262025893247393,0.5555555555555556,0.3111111111111111,0.19170479253009864
Spawrious GSC,44,FedDiverse,169,0 1 2 3 11 12 13 19 20,5,0,4,0.9262025893247393,0.5555555555555556,0.3111111111111111,0.19170479253009864
Spawrious GSC,44,FedDiverse,170,0 1 2 3 7 12 13 17 19,4,1,4,0.950120855560846,0.5555555555555556,0.35555555555555557,0.21562305876620536
Spawrious GSC,44,FedDiverse,171,0 1 2 3 7 12 13 19 21,4,1,4,0.950120855560846,0.5555555555555556,0.35555555555555557,0.21562305876620536
Spawrious GSC,44,FedDiverse,172,0 1 2 3 8 10 12 13 19,5,0,4,0.9262025893247393,0.5555555555555556,0.3111111111111111,0.19170479253009864
Spawrious GSC,44,FedDiverse,173,0 1 2 3 4 12 13 18 19,4,1,4,0.950120855560846,0.5555555555555556,0.35555555555555557,0.21562305876620536
Spawrious GSC,44,FedDiverse,174,0 1 2 3 5 12 13 19 20,4,1,4,0.950120855560846,0.5555555555555556,0.35555555555555557,0.21562305876620536
Spawrious GSC,44,FedDiverse,175,0 1 2 3 11 12 13 15 19,5,0,4,0.9262025893247393,0.5555555555555556,0.3111111111111111,0.19170479253009864
Spawrious GSC,44,FedDiverse,176,0 1 2 3 12 13 15 18 19,5,0,4,0.9262025893247393,0.5555555555555556,0.3111111111111111,0.19170479253009864
Spawrious GSC,44,FedDiverse,177,0 1 2 3 8 12 19 21 22,5,0,4,0.9262025893247393,0.5555555555555556,0.3111111111111111,0.19170479253009864
Spawrious GSC,44,FedDiverse,178,1 2 3 8 12 13 14 18 19,6,0,3,0.8878866212461856,0.37777777777777777,0.24444444444444446,0.1533888244515449
Spawrious GSC,44,FedDiverse,179,0 1 2 12 13 17 18 19 23,6,0,3,0.950120855560846,0.5555555555555556,0.3555555555555557,0.21562305876620536
Spawrious GSC,44,FedDiverse,180,0 1 2 4 12 13 18 19 21,5,1,3,0.9222467340138158,0.5555555555555556,0.30000000000000004,0.18774893721917518
Spawrious GSC,44,FedDiverse,181,0 1 2 3 11 12 13 15 19,5,0,4,0.9262025893247393,0.5555555555555556,0.3111111111111111,0.19170479253009864
Spawrious GSC,44,FedDiverse,182,0 1 2 4 8 12 13 18 19,5,1,3,0.9222467340138158,0.5555555555555556,0.30000000000000004,0.18774893721917518
Spawrious GSC,44,FedDiverse,183,0 1 2 3 8 11 12 16 19,5,0,4,0.9262025893247393,0.5555555555555556,0.3111111111111111,0.19170479253009864
Spawrious GSC,44,FedDiverse,184,0 1 2 3 12 13 17 19 20,5,0,4,0.9262025893247393,0.5555555555555556,0.3111111111111111,0.19170479253009864
Spawrious GSC,44,FedDiverse,185,0 1 2 3 10 12 13 18 19,5,0,4,0.9262025893247393,0.5555555555555556,0.3111111111111111,0.19170479253009864
Spawrious GSC,44,FedDiverse,186,0 1 2 3 8 9 12 15 19,5,0,4,0.9262025893247393,0.5555555555555556,0.3111111111111111,0.19170479253009864
Spawrious GSC,44,FedDiverse,187,0 2 3 4 8 12 13 18 19,5,1,3,0.9157607427932156,0.37777777777777777,0.30000000000000004,0.18126294599857495
Spawrious GSC,44,FedDiverse,188,0 1 2 3 12 13 16 17 19,5,0,4,0.9262025893247393,0.5555555555555556,0.3111111111111111,0.19170479253009864
Spawrious GSC,44,FedDiverse,189,0 1 2 3 10 12 13 15 19,5,0,4,0.9262025893247393,0.5555555555555556,0.3111111111111111,0.19170479253009864
Spawrious GSC,44,FedDiverse,190,0 1 2 5 11 12 13 18 19,5,1,3,0.9222467340138158,0.5555555555555556,0.30000000000000004,0.18774893721917518
Spawrious GSC,44,FedDiverse,191,0 1 2 3 13 15 18 19 22,5,0,4,0.9262025893247393,0.5555555555555556,0.3111111111111111,0.19170479253009864
Spawrious GSC,44,FedDiverse,192,1 2 3 7 8 12 13 18 19,5,1,3,0.922246734013816,0.5555555555555556,0.30000000000000004,0.1877489372191753
Spawrious GSC,44,FedDiverse,193,0 1 2 3 5 12 13 16 19,4,1,4,0.950120855560846,0.5555555555555556,0.35555555555555557,0.21562305876620536
Spawrious GSC,44,FedDiverse,194,0 1 2 3 7 8 12 19 23,4,1,4,0.9855927945614877,0.7333333333333333,0.4222222222222223,0.2510949977668471
Spawrious GSC,44,FedDiverse,195,0 1 2 3 8 12 13 14 19,5,0,4,0.9262025893247393,0.5555555555555556,0.3111111111111111,0.19170479253009864
Spawrious GSC,44,FedDiverse,196,0 1 2 3 12 13 15 18 19,5,0,4,0.9262025893247393,0.5555555555555556,0.3111111111111111,0.19170479253009864
Spawrious GSC,44,FedDiverse,197,0 1 2 3 5 8 12 13 19,4,1,4,0.950120855560846,0.5555555555555556,0.35555555555555557,0.21562305876620536
Spawrious GSC,44,FedDiverse,198,0 1 2 3 8 9 12 13 19,5,0,4,0.9262025893247393,0.5555555555555556,0.3111111111111111,0.19170479253009864
Spawrious GSC,44,FedDiverse,199,0 1 2 3 5 12 13 18 19,4,1,4,0.950120855560846,0.5555555555555556,0.35555555555555557,0.21562305876620536
Spawrious GCI,42,Random,1,3 4 5 7 9 16 20 21 22,3,1,5,0.922246734013816,0.5555555555555556,0.30000000000000004,0.1877489372191753
Spawrious GCI,42,Random,2,0 2 3 6 10 15 19 20 23,2,1,6,0.950120855560846,0.5555555555555556,0.3555555555555556,0.21562305876620536
Spawrious GCI,42,Random,3,2 3 6 8 15 17 18 19 22,1,3,5,0.9695245979255245,0.7333333333333333,0.38888888888888895,0.2350268011308838
Spawrious GCI,42,Random,4,0 1 3 10 15 16 17 22 23,2,2,5,0.9416012362823889,0.37777777777777777,0.35555555555555557,0.20710343948774823
Spawrious GCI,42,Random,5,0 1 6 7 9 10 13 18 20,1,1,7,0.8338706721819722,0.2,0.1666666666666667,0.09937287538733153
Spawrious GCI,42,Random,6,1 4 5 6 12 13 15 16 23,1,1,7,0.9157607427932156,0.37777777777777777,0.30000000000000004,0.18126294599857495
Spawrious GCI,42,Random,7,0 1 3 5 8 9 12 22 23,2,0,7,0.8303501930596899,0.2,0.15555555555555559,0.09585239626504927
Spawrious GCI,42,Random,8,2 3 4 6 9 12 14 15 21,1,0,8,0.8878866212461854,0.37777777777777777,0.24444444444444452,0.15338882445154478
Spawrious GCI,42,Random,9,1 2 7 8 9 13 19 22 23,2,1,6,0.8804102868129797,0.37777777777777777,0.22222222222222227,0.14591249001833906
Spawrious GCI,42,Random,10,6 8 10 13 14 16 17 18 19,0,4,5,0.9262025893247393,0.5555555555555556,0.31111111111111117,0.19170479253009864
Spawrious GCI,42,Random,11,3 5 6 9 12 13 14 15 21,1,0,8,0.8878866212461854,0.37777777777777777,0.24444444444444452,0.15338882445154478
Spawrious GCI,42,Random,12,0 1 3 7 10 13 16 18 23,1,2,6,0.8878866212461856,0.37777777777777777,0.24444444444444452,0.1533888244515449
Spawrious GCI,42,Random,13,1 2 5 8 12 14 20 21 22,3,0,6,0.8878866212461854,0.37777777777777777,0.24444444444444452,0.15338882445154478
Spawrious GCI,42,Random,14,1 3 7 9 11 13 19 21 23,2,1,6,0.8878866212461854,0.37777777777777777,0.24444444444444452,0.15338882445154478
Spawrious GCI,42,Random,15,3 4 5 8 10 12 19 21 23,2,1,6,0.8878866212461854,0.37777777777777777,0.24444444444444452,0.15338882445154478
Spawrious GCI,42,Random,16,1 2 3 5 7 9 11 16 17,0,2,7,0.8303501930596899,0.2,0.15555555555555559,0.09585239626504927
Spawrious GCI,42,Random,17,4 6 9 12 13 15 19 20 21,2,1,6,0.931828939429179,0.37777777777777777,0.33333333333333337,0.19733114263453833
Spawrious GCI,42,Random,18,0 1 2 3 5 6 10 12 23,1,0,8,0.7920342249811362,0.2,0.08888888888888888,0.057536428186495514
Spawrious GCI,42,Random,19,1 2 3 4 9 13 18 19 23,1,2,6,0.8804102868129797,0.37777777777777777,0.22222222222222227,0.14591249001833906
Spawrious GCI,42,Random,20,0 2 5 6 7 8 13 18 22,1,1,7,0.8460501740453493,0.37777777777777777,0.1666666666666667,0.11155237725070866
Spawrious GCI,42,Random,21,0 3 6 9 12 13 20 21 22,3,0,6,0.8878866212461854,0.37777777777777777,0.24444444444444452,0.15338882445154478
Spawrious GCI,42,Random,22,0 3 8 10 13 14 18 21 22,2,1,6,0.8878866212461854,0.37777777777777777,0.24444444444444452,0.15338882445154478
Spawrious GCI,42,Random,23,0 4 5 8 13 14 15 17 20,1,1,7,0.922246734013816,0.5555555555555556,0.30000000000000004,0.1877489372191753
Spawrious GCI,42,Random,24,1 3 5 8 10 11 16 20 21,2,1,6,0.8804102868129797,0.37777777777777777,0.22222222222222227,0.14591249001833906
Spawrious GCI,42,Random,25,6 7 8 12 13 16 20 21 23,3,1,5,0.922246734013816,0.5555555555555556,0.30000000000000004,0.1877489372191753
Spawrious GCI,42,Random,26,3 4 7 8 9 12 18 19 21,1,2,6,0.8617447937290025,0.2,0.22222222222222227,0.1272469969343618
Spawrious GCI,42,Random,27,0 1 5 10 11 13 14 21 23,2,0,7,0.8495706531676317,0.37777777777777777,0.1777777777777778,0.11507285637299103
Spawrious GCI,42,Random,28,1 3 6 12 14 16 19 22 23,2,2,5,0.9118048874822923,0.37777777777777777,0.2888888888888889,0.1773070906876516
Spawrious GCI,42,Random,29,0 4 12 16 17 19 20 21 23,3,3,3,0.9695245979255245,0.7333333333333333,0.38888888888888895,0.2350268011308838
Spawrious GCI,42,Random,30,0 4 7 10 14 15 19 22 23,2,1,6,0.9416504763784943,0.5555555555555556,0.33333333333333337,0.20715267958385364
Spawrious GCI,42,Random,31,0 1 2 3 4 9 10 13 22,1,0,8,0.7920342249811362,0.2,0.08888888888888888,0.057536428186495514
Spawrious GCI,42,Random,32,2 4 5 9 13 18 20 21 23,3,1,5,0.9157607427932156,0.37777777777777777,0.30000000000000004,0.18126294599857495
Spawrious GCI,42,Random,33,0 3 6 8 10 12 13 20 22,2,0,7,0.8495706531676317,0.37777777777777777,0.1777777777777778,0.11507285637299103
Spawrious GCI,42,Random,34,3 4 8 9 10 17 19 21 23,2,2,5,0.9262025893247393,0.5555555555555556,0.3111111111111111,0.19170479253009864
Spawrious GCI,42,Random,35,0 3 5 12 13 15 18 19 23,1,2,6,0.9416504763784943,0.5555555555555556,0.33333333333333337,0.20715267958385364
Spawrious GCI,42,Random,36,0 1 6 9 10 15 16 21 23,2,1,6,0.950120855560846,0.5555555555555556,0.3555555555555556,0.21562305876620536
Spawrious GCI,42,Random,37,2 5 8 11 15 17 19 21 22,2,2,5,0.9740391217969527,0.7333333333333333,0.4000000000000001,0.23954132500231207
Spawrious GCI,42,Random,38,0 6 7 8 11 12 14 18 22,1,1,7,0.8460501740453493,0.37777777777777777,0.1666666666666667,0.11155237725070866
Spawrious GCI,42,Random,39,3 5 6 11 12 13 15 16 17,0,2,7,0.9118048874822923,0.37777777777777777,0.2888888888888889,0.1773070906876516
Spawrious GCI,42,Random,40,0 11 13 14 16 18 21 22 23,3,2,4,0.950120855560846,0.5555555555555556,0.3555555555555556,0.21562305876620536
Spawrious GCI,42,Random,41,0 6 9 11 13 19 21 22 23,3,1,5,0.922246734013816,0.5555555555555556,0.30000000000000004,0.1877489372191753
Spawrious GCI,42,Random,42,7 8 9 13 14 18 19 21 22,2,2,5,0.9118048874822922,0.37777777777777777,0.288888888888889,0.1773070906876515
Spawrious GCI,42,Random,43,6 10 11 14 15 17 19 21 22,2,2,5,0.9740391217969527,0.7333333333333333,0.4000000000000001,0.23954132500231207
Spawrious GCI,42,Random,44,1 2 3 4 5 6 11 15 19,0,1,8,0.8878866212461854,0.37777777777777777,0.24444444444444452,0.15338882445154478
Spawrious GCI,42,Random,45,4 5 6 10 12 13 17 21 23,2,1,6,0.8878866212461856,0.37777777777777777,0.24444444444444452,0.1533888244515449
Spawrious GCI,42,Random,46,1 3 5 6 11 12 15 20 22,2,0,7,0.9262025893247393,0.5555555555555556,0.3111111111111111,0.19170479253009864
Spawrious GCI,42,Random,47,0 1 2 4 6 11 12 15 20,1,0,8,0.8878866212461854,0.37777777777777777,0.24444444444444452,0.15338882445154478
Spawrious GCI,42,Random,48,0 4 6 8 10 13 15 18 21,1,1,7,0.9157607427932156,0.37777777777777777,0.30000000000000004,0.18126294599857495
Spawrious GCI,42,Random,49,2 4 6 10 14 15 20 22 23,3,0,6,0.950120855560846,0.5555555555555556,0.3555555555555556,0.21562305876620536
Spawrious GCI,42,Random,50,1 5 7 8 10 14 15 16 22,1,1,7,0.9157607427932156,0.37777777777777777,0.30000000000000004,0.18126294599857495
Spawrious GCI,42,Random,51,3 4 5 7 8 9 16 20 22,2,1,6,0.8878866212461856,0.37777777777777777,0.24444444444444452,0.1533888244515449
Spawrious GCI,42,Random,52,0 3 4 5 10 13 14 17 23,1,1,7,0.8338706721819722,0.2,0.1666666666666667,0.09937287538733153
Spawrious GCI,42,Random,53,3 4 5 6 12 15 18 21 23,2,1,6,0.950120855560846,0.5555555555555556,0.3555555555555556,0.21562305876620536
Spawrious GCI,42,Random,54,4 5 6 8 11 14 17 20 22,2,1,6,0.8878866212461856,0.37777777777777777,0.24444444444444452,0.1533888244515449
Spawrious GCI,42,Random,55,7 8 12 13 14 16 17 19 23,1,3,5,0.9157607427932156,0.37777777777777777,0.30000000000000004,0.18126294599857495
Spawrious GCI,42,Random,56,0 4 8 9 10 11 12 14 15,0,0,9,0.8495706531676317,0.37777777777777777,0.17777777777777776,0.11507285637299103
Spawrious GCI,42,Random,57,2 11 13 14 16 18 20 21 22,3,2,4,0.950120855560846,0.5555555555555556,0.3555555555555556,0.21562305876620536
Spawrious GCI,42,Random,58,0 1 5 7 8 10 11 12 19,0,1,8,0.7920342249811362,0.2,0.08888888888888888,0.057536428186495514
Spawrious GCI,42,Random,59,0 3 5 6 14 15 17 19 20,1,2,6,0.950120855560846,0.5555555555555556,0.3555555555555556,0.21562305876620536
Spawrious GCI,42,Random,60,2 3 4 8 11 16 17 19 23,1,3,5,0.9157607427932156,0.37777777777777777,0.30000000000000004,0.18126294599857495
Spawrious GCI,42,Random,61,0 1 3 6 9 12 16 17 19,0,3,6,0.8878866212461856,0.37777777777777777,0.24444444444444452,0.1533888244515449
Spawrious GCI,42,Random,62,1 7 11 14 17 18 19 21 23,2,3,4,0.950120855560846,0.5555555555555556,0.3555555555555556,0.21562305876620536
Spawrious GCI,42,Random,63,1 3 4 8 10 13 14 20 22,2,0,7,0.8495706531676317,0.37777777777777777,0.1777777777777778,0.11507285637299103
Spawrious GCI,42,Random,64,1 2 10 13 15 17 18 20 23,2,2,5,0.9740391217969527,0.7333333333333333,0.4000000000000001,0.23954132500231207
Spawrious GCI,42,Random,65,2 5 8 9 10 12 16 18 23,1,2,6,0.8878866212461856,0.37777777777777777,0.24444444444444452,0.1533888244515449
Spawrious GCI,42,Random,66,1 5 6 9 10 12 13 14 20,1,0,8,0.7920342249811362,0.2,0.08888888888888888,0.057536428186495514
Spawrious GCI,42,Random,67,0 3 7 12 15 20 21 22 23,4,0,5,0.9740391217969527,0.7333333333333333,0.4000000000000001,0.23954132500231207
Spawrious GCI,42,Random,68,0 1 6 11 12 15 16 18 21,1,2,6,0.950120855560846,0.5555555555555556,0.3555555555555556,0.21562305876620536
Spawrious GCI,42,Random,69,1 5 7 9 10 13 16 17 20,1,2,6,0.8804102868129797,0.37777777777777777,0.22222222222222227,0.14591249001833906
Spawrious GCI,42,Random,70,0 5 7 8 13 14 16 20 21,2,1,6,0.8804102868129797,0.37777777777777777,0.22222222222222227,0.14591249001833906
Spawrious GCI,42,Random,71,0 4 6 7 10 13 15 16 18,0,2,7,0.9262025893247393,0.5555555555555556,0.3111111111111111,0.19170479253009864
Spawrious GCI,42,Random,72,3 5 6 12 13 14 17 19 22,1,2,6,0.8878866212461856,0.37777777777777777,0.24444444444444452,0.1533888244515449
Spawrious GCI,42,Random,73,7 10 11 12 15 18 21 22 23,3,1,5,0.9695245979255245,0.7333333333333333,0.38888888888888895,0.2350268011308838
Spawrious GCI,42,Random,74,3 5 6 7 9 13 15 19 20,1,1,7,0.9157607427932156,0.37777777777777777,0.30000000000000004,0.18126294599857495
Spawrious GCI,42,Random,75,8 10 11 12 13 15 18 19 23,1,2,6,0.9416504763784943,0.5555555555555556,0.33333333333333337,0.20715267958385364
Spawrious GCI,42,Random,76,4 7 8 10 14 15 16 19 20,1,2,6,0.950120855560846,0.5555555555555556,0.3555555555555556,0.21562305876620536
Spawrious GCI,42,Random,77,1 6 7 9 13 17 20 22 23,3,1,5,0.9157607427932156,0.37777777777777777,0.30000000000000004,0.18126294599857495
Spawrious GCI,42,Random,78,0 3 7 9 12 14 16 17 23,1,2,6,0.8617447937290025,0.2,0.22222222222222227,0.1272469969343618
Spawrious GCI,42,Random,79,1 2 6 9 10 12 16 19 20,1,2,6,0.8878866212461854,0.37777777777777777,0.24444444444444452,0.15338882445154478
Spawrious GCI,42,Random,80,4 7 12 13 14 17 18 21 22,2,2,5,0.9262025893247393,0.5555555555555556,0.3111111111111111,0.19170479253009864
Spawrious GCI,42,Random,81,0 1 2 12 18 19 20 21 23,3,2,4,0.931828939429179,0.37777777777777777,0.33333333333333337,0.19733114263453833
Spawrious GCI,42,Random,82,0 2 4 5 9 12 15 18 22,1,1,7,0.922246734013816,0.5555555555555556,0.30000000000000004,0.1877489372191753
Spawrious GCI,42,Random,83,0 2 5 7 8 11 14 15 19,0,1,8,0.8878866212461854,0.37777777777777777,0.24444444444444452,0.15338882445154478
Spawrious GCI,42,Random,84,1 3 4 5 8 12 15 20 21,2,0,7,0.9118048874822922,0.37777777777777777,0.2888888888888889,0.1773070906876515
Spawrious GCI,42,Random,85,0 2 4 5 11 12 17 18 20,1,2,6,0.8878866212461854,0.37777777777777777,0.24444444444444452,0.15338882445154478
Spawrious GCI,42,Random,86,1 5 6 7 8 9 14 16 23,1,1,7,0.8338706721819722,0.2,0.1666666666666667,0.09937287538733153
Spawrious GCI,42,Random,87,0 1 2 13 14 15 19 20 21,2,1,6,0.931828939429179,0.37777777777777777,0.33333333333333337,0.19733114263453833
Spawrious GCI,42,Random,88,0 1 5 8 9 12 13 14 16,0,1,8,0.7920342249811362,0.2,0.08888888888888888,0.057536428186495514
Spawrious GCI,42,Random,89,2 5 6 7 11 12 15 16 19,0,2,7,0.9262025893247393,0.5555555555555556,0.3111111111111111,0.19170479253009864
Spawrious GCI,42,Random,90,1 2 9 10 11 13 15 19 20,1,1,7,0.9157607427932156,0.37777777777777777,0.30000000000000004,0.18126294599857495
Spawrious GCI,42,Random,91,0 3 5 10 12 14 15 16 18,0,2,7,0.9262025893247393,0.5555555555555556,0.3111111111111111,0.19170479253009864
Spawrious GCI,42,Random,92,4 8 11 12 14 18 19 20 23,2,2,5,0.9118048874822922,0.37777777777777777,0.288888888888889,0.1773070906876515
Spawrious GCI,42,Random,93,1 10 12 13 14 16 18 22 23,2,2,5,0.9118048874822923,0.37777777777777777,0.2888888888888889,0.1773070906876516
Spawrious GCI,42,Random,94,2 4 7 8 12 14 15 17 21,1,1,7,0.922246734013816,0.5555555555555556,0.30000000000000004,0.1877489372191753
Spawrious GCI,42,Random,95,2 3 6 9 11 13 14 16 20,1,1,7,0.8460501740453493,0.37777777777777777,0.1666666666666667,0.11155237725070866
Spawrious GCI,42,Random,96,0 1 2 5 7 9 11 13 23,1,0,8,0.7920342249811362,0.2,0.08888888888888888,0.057536428186495514
Spawrious GCI,42,Random,97,2 3 7 8 12 13 20 21 23,3,0,6,0.8878866212461854,0.37777777777777777,0.24444444444444452,0.15338882445154478
Spawrious GCI,42,Random,98,1 5 7 8 11 12 15 16 22,1,1,7,0.9157607427932156,0.37777777777777777,0.30000000000000004,0.18126294599857495
Spawrious GCI,42,Random,99,2 3 8 9 12 15 17 19 21,1,2,6,0.950120855560846,0.5555555555555556,0.3555555555555556,0.21562305876620536
Spawrious GCI,42,Random,100,0 1 7 10 12 13 14 15 21,1,0,8,0.8878866212461854,0.37777777777777777,0.24444444444444452,0.15338882445154478
Spawrious GCI,42,Random,101,0 8 9 10 16 17 18 21 22,2,3,4,0.950120855560846,0.5555555555555556,0.3555555555555556,0.21562305876620536
Spawrious GCI,42,Random,102,4 7 9 11 14 16 19 22 23,2,2,5,0.9118048874822923,0.37777777777777777,0.2888888888888889,0.1773070906876516
Spawrious GCI,42,Random,103,7 8 11 12 14 16 18 21 23,2,2,5,0.9262025893247393,0.5555555555555556,0.3111111111111111,0.19170479253009864
Spawrious GCI,42,Random,104,0 1 3 5 10 16 17 21 22,2,2,5,0.9118048874822923,0.37777777777777777,0.288888888888889,0.1773070906876516
Spawrious GCI,42,Random,105,1 5 7 9 12 14 16 17 20,1,2,6,0.8804102868129797,0.37777777777777777,0.22222222222222227,0.14591249001833906
Spawrious GCI,42,Random,106,4 8 9 14 17 18 20 22 23,3,2,4,0.950120855560846,0.5555555555555556,0.3555555555555556,0.21562305876620536
Spawrious GCI,42,Random,107,0 7 8 10 14 17 18 21 22,2,2,5,0.9262025893247393,0.5555555555555556,0.3111111111111111,0.19170479253009864
Spawrious GCI,42,Random,108,1 2 3 4 5 6 8 9 17,0,1,8,0.7920342249811362,0.2,0.08888888888888888,0.057536428186495514
Spawrious GCI,42,Random,109,6 8 10 12 15 18 19 20 21,2,2,5,0.9416012362823889,0.37777777777777777,0.35555555555555557,0.20710343948774823
Spawrious GCI,42,Random,110,0 4 5 6 10 12 13 17 18,0,2,7,0.8495706531676317,0.37777777777777777,0.1777777777777778,0.11507285637299103
Spawrious GCI,42,Random,111,2 5 6 9 10 13 15 16 19,0,2,7,0.9262025893247393,0.5555555555555556,0.3111111111111111,0.19170479253009864
Spawrious GCI,42,Random,112,0 3 4 8 10 14 16 18 22,1,2,6,0.8878866212461856,0.37777777777777777,0.24444444444444452,0.1533888244515449
Spawrious GCI,42,Random,113,0 1 3 8 9 14 17 19 21,1,2,6,0.8878866212461854,0.37777777777777777,0.24444444444444452,0.15338882445154478
Spawrious GCI,42,Random,114,5 7 12 14 18 19 20 22 23,3,2,4,0.9416504763784943,0.5555555555555556,0.33333333333333337,0.20715267958385364
Spawrious GCI,42,Random,115,2 5 7 8 12 13 14 21 23,2,0,7,0.8495706531676317,0.37777777777777777,0.1777777777777778,0.11507285637299103
Spawrious GCI,42,Random,116,0 7 9 13 14 15 17 20 23,2,1,6,0.950120855560846,0.5555555555555556,0.3555555555555556,0.21562305876620536
Spawrious GCI,42,Random,117,0 5 6 8 11 15 18 21 22,2,1,6,0.950120855560846,0.5555555555555556,0.3555555555555556,0.21562305876620536
Spawrious GCI,42,Random,118,1 5 6 7 11 14 16 18 22,1,2,6,0.8878866212461856,0.37777777777777777,0.24444444444444452,0.1533888244515449
Spawrious GCI,42,Random,119,1 4 6 10 13 16 18 19 20,1,3,5,0.9157607427932156,0.37777777777777777,0.30000000000000004,0.18126294599857495
Spawrious GCI,42,Random,120,0 2 4 6 7 11 14 20 22,2,0,7,0.8495706531676317,0.37777777777777777,0.1777777777777778,0.11507285637299103
Spawrious GCI,42,Random,121,3 4 7 8 11 14 15 20 23,2,0,7,0.9262025893247393,0.5555555555555556,0.3111111111111111,0.19170479253009864
Spawrious GCI,42,Random,122,2 4 7 8 12 13 14 18 23,1,1,7,0.8460501740453493,0.37777777777777777,0.1666666666666667,0.11155237725070866
Spawrious GCI,42,Random,123,4 6 7 8 9 17 18 19 21,1,3,5,0.9157607427932156,0.37777777777777777,0.30000000000000004,0.18126294599857495
Spawrious GCI,42,Random,124,3 6 7 9 13 16 17 21 23,2,2,5,0.9118048874822923,0.37777777777777777,0.288888888888889,0.1773070906876516
Spawrious GCI,42,Random,125,2 3 4 9 11 14 15 21 23,2,0,7,0.9262025893247393,0.5555555555555556,0.3111111111111111,0.19170479253009864
Spawrious GCI,42,Random,126,0 2 3 10 14 15 16 17 19,0,3,6,0.950120855560846,0.5555555555555556,0.3555555555555556,0.21562305876620536
Spawrious GCI,42,Random,127,0 1 2 5 8 10 12 17 22,1,1,7,0.8338706721819722,0.2,0.1666666666666667,0.09937287538733153
Spawrious GCI,42,Random,128,0 3 10 11 13 15 21 22 23,3,0,6,0.950120855560846,0.5555555555555556,0.3555555555555556,0.21562305876620536
Spawrious GCI,42,Random,129,1 4 5 6 7 12 14 15 17,0,1,8,0.8878866212461856,0.37777777777777777,0.24444444444444452,0.1533888244515449
Spawrious GCI,42,Random,130,1 2 9 10 11 12 14 19 23,1,1,7,0.8460501740453493,0.37777777777777777,0.1666666666666667,0.11155237725070866
Spawrious GCI,42,Random,131,0 2 5 6 9 12 13 14 23,1,0,8,0.7920342249811362,0.2,0.08888888888888888,0.057536428186495514
Spawrious GCI,42,Random,132,6 9 10 11 14 16 18 19 22,1,3,5,0.922246734013816,0.5555555555555556,0.30000000000000004,0.1877489372191753
Spawrious GCI,42,Random,133,0 2 3 5 14 17 18 21 23,2,2,5,0.9262025893247393,0.5555555555555556,0.3111111111111111,0.19170479253009864
Spawrious GCI,42,Random,134,0 2 3 6 9 15 17 19 21,1,2,6,0.950120855560846,0.5555555555555556,0.3555555555555556,0.21562305876620536
Spawrious GCI,42,Random,135,2 4 5 6 7 8 13 20 22,2,0,7,0.8495706531676317,0.37777777777777777,0.1777777777777778,0.11507285637299103
Spawrious GCI,42,Random,136,0 5 6 7 11 12 13 14 17,0,1,8,0.7920342249811362,0.2,0.08888888888888888,0.057536428186495514
Spawrious GCI,42,Random,137,2 4 5 7 16 19 20 22 23,3,2,4,0.950120855560846,0.5555555555555556,0.3555555555555556,0.21562305876620536
Spawrious GCI,42,Random,138,1 2 4 7 8 9 15 16 22,1,1,7,0.9157607427932156,0.37777777777777777,0.30000000000000004,0.18126294599857495
Spawrious GCI,42,Random,139,4 7 9 10 12 16 17 19 23,1,3,5,0.9157607427932156,0.37777777777777777,0.30000000000000004,0.18126294599857495
Spawrious GCI,42,Random,140,3 4 5 6 8 15 16 17 18,0,3,6,0.950120855560846,0.5555555555555556,0.3555555555555556,0.21562305876620536
Spawrious GCI,42,Random,141,5 7 8 10 11 12 13 15 20,1,0,8,0.8878866212461854,0.37777777777777777,0.24444444444444452,0.15338882445154478
Spawrious GCI,42,Random,142,2 7 8 9 10 12 16 18 23,1,2,6,0.8878866212461856,0.37777777777777777,0.24444444444444452,0.1533888244515449
Spawrious GCI,42,Random,143,0 1 2 3 6 10 12 13 21,1,0,8,0.7920342249811362,0.2,0.08888888888888888,0.057536428186495514
Spawrious GCI,42,Random,144,0 3 9 10 11 13 15 17 19,0,2,7,0.9262025893247393,0.5555555555555556,0.3111111111111111,0.19170479253009864
Spawrious GCI,42,Random,145,1 3 4 6 8 10 16 19 23,1,2,6,0.8878866212461856,0.37777777777777777,0.24444444444444452,0.1533888244515449
Spawrious GCI,42,Random,146,0 1 4 9 10 12 18 19 22,1,2,6,0.8804102868129797,0.37777777777777777,0.22222222222222227,0.14591249001833906
Spawrious GCI,42,Random,147,1 2 3 12 13 14 18 22 23,2,1,6,0.8804102868129797,0.37777777777777777,0.22222222222222227,0.14591249001833906
Spawrious GCI,42,Random,148,2 5 8 12 13 18 19 22 23,2,2,5,0.9102558757091819,0.5555555555555556,0.2666666666666668,0.1757580789145412
Spawrious GCI,42,Random,149,4 5 7 13 14 17 18 22 23,2,2,5,0.9118048874822923,0.37777777777777777,0.2888888888888889,0.1773070906876516
Spawrious GCI,42,Random,150,6 8 9 10 12 14 17 20 22,2,1,6,0.8878866212461856,0.37777777777777777,0.24444444444444452,0.1533888244515449
Spawrious GCI,42,Random,151,0 7 9 11 12 14 18 19 20,1,2,6,0.8617447937290025,0.2,0.22222222222222227,0.1272469969343618
Spawrious GCI,42,Random,152,0 2 5 8 10 12 17 19 22,1,2,6,0.8878866212461856,0.37777777777777777,0.24444444444444452,0.1533888244515449
Spawrious GCI,42,Random,153,1 4 5 6 11 16 19 20 23,2,2,5,0.9262025893247393,0.5555555555555556,0.3111111111111111,0.19170479253009864
Spawrious GCI,42,Random,154,3 6 7 8 11 12 13 18 19,0,2,7,0.8303501930596899,0.2,0.15555555555555559,0.09585239626504927
Spawrious GCI,42,Random,155,1 4 5 7 8 9 16 22 23,2,1,6,0.8617447937290025,0.2,0.22222222222222227,0.1272469969343618
Spawrious GCI,42,Random,156,1 8 9 11 14 20 21 22 23,4,0,5,0.9262025893247393,0.5555555555555556,0.31111111111111117,0.19170479253009864
Spawrious GCI,42,Random,157,3 6 7 16 17 19 20 21 22,3,3,3,0.9695245979255245,0.7333333333333333,0.38888888888888895,0.2350268011308838
Spawrious GCI,42,Random,158,1 2 5 9 10 12 13 17 23,1,1,7,0.8338706721819722,0.2,0.1666666666666667,0.09937287538733153
Spawrious GCI,42,Random,159,3 6 7 8 9 17 20 21 22,3,1,5,0.922246734013816,0.5555555555555556,0.30000000000000004,0.1877489372191753
Spawrious GCI,42,Random,160,1 6 7 9 10 13 16 20 21,2,1,6,0.8804102868129797,0.37777777777777777,0.22222222222222227,0.14591249001833906
Spawrious GCI,42,Random,161,0 1 2 5 12 13 20 21 23,3,0,6,0.8878866212461854,0.37777777777777777,0.24444444444444452,0.15338882445154478
Spawrious GCI,42,Random,162,0 1 5 7 9 17 20 22 23,3,1,5,0.9157607427932156,0.37777777777777777,0.30000000000000004,0.18126294599857495
Spawrious GCI,42,Random,163,1 4 7 10 14 15 16 18 21,1,2,6,0.950120855560846,0.5555555555555556,0.3555555555555556,0.21562305876620536
Spawrious GCI,42,Random,164,1 7 9 10 12 14 19 20 23,2,1,6,0.8878866212461854,0.37777777777777777,0.24444444444444452,0.15338882445154478
Spawrious GCI,42,Random,165,0 6 8 9 10 12 20 21 22,3,0,6,0.8878866212461854,0.37777777777777777,0.24444444444444452,0.15338882445154478
Spawrious GCI,42,Random,166,5 6 8 9 10 11 13 15 19,0,1,8,0.8878866212461854,0.37777777777777777,0.24444444444444452,0.15338882445154478
Spawrious GCI,42,Random,167,0 2 5 6 11 16 18 20 21,2,2,5,0.9118048874822922,0.37777777777777777,0.2888888888888889,0.1773070906876515
Spawrious GCI,42,Random,168,1 2 5 6 8 13 18 21 22,2,1,6,0.8878866212461854,0.37777777777777777,0.24444444444444452,0.15338882445154478
Spawrious GCI,42,Random,169,0 7 8 10 12 16 17 19 20,1,3,5,0.922246734013816,0.5555555555555556,0.30000000000000004,0.1877489372191753
Spawrious GCI,42,Random,170,1 3 7 9 12 15 16 18 23,1,2,6,0.950120855560846,0.5555555555555556,0.3555555555555556,0.21562305876620536
Spawrious GCI,42,Random,171,3 5 6 11 12 17 18 19 21,1,3,5,0.9157607427932156,0.37777777777777777,0.30000000000000004,0.18126294599857495
Spawrious GCI,42,Random,172,0 1 5 6 7 9 13 16 19,0,2,7,0.8495706531676317,0.37777777777777777,0.1777777777777778,0.11507285637299103
Spawrious GCI,42,Random,173,2 3 4 8 11 12 14 15 23,1,0,8,0.8878866212461856,0.37777777777777777,0.24444444444444452,0.1533888244515449
Spawrious GCI,42,Random,174,0 3 8 12 13 15 16 22 23,2,1,6,0.9318289394291791,0.37777777777777777,0.33333333333333337,0.19733114263453844
Spawrious GCI,42,Random,175,5 7 9 11 13 16 19 20 21,2,2,5,0.9118048874822922,0.37777777777777777,0.2888888888888889,0.1773070906876515
Spawrious GCI,42,Random,176,0 4 5 9 12 15 16 18 20,1,2,6,0.950120855560846,0.5555555555555556,0.3555555555555556,0.21562305876620536
Spawrious GCI,42,Random,177,0 6 11 14 16 17 19 21 23,2,3,4,0.950120855560846,0.5555555555555556,0.3555555555555556,0.21562305876620536
Spawrious GCI,42,Random,178,9 10 12 15 16 18 19 20 22,2,3,4,0.9855927945614879,0.7333333333333333,0.4222222222222223,0.2510949977668472
Spawrious GCI,42,Random,179,0 2 5 13 14 15 16 19 22,1,2,6,0.950120855560846,0.5555555555555556,0.3555555555555556,0.21562305876620536
Spawrious GCI,42,Random,180,0 1 5 9 10 15 18 20 22,2,1,6,0.950120855560846,0.5555555555555556,0.3555555555555556,0.21562305876620536
Spawrious GCI,42,Random,181,0 1 8 10 13 16 17 21 23,2,2,5,0.9118048874822923,0.37777777777777777,0.288888888888889,0.1773070906876516
Spawrious GCI,42,Random,182,0 2 7 9 12 13 14 18 21,1,1,7,0.8338706721819722,0.2,0.1666666666666667,0.09937287538733153
Spawrious GCI,42,Random,183,3 5 7 10 14 17 18 22 23,2,2,5,0.9118048874822923,0.37777777777777777,0.2888888888888889,0.1773070906876516
Spawrious GCI,42,Random,184,0 2 4 10 13 18 19 20 22,2,2,5,0.9118048874822922,0.37777777777777777,0.288888888888889,0.1773070906876515
Spawrious GCI,42,Random,185,5 6 8 10 12 13 15 17 19,0,2,7,0.9262025893247393,0.5555555555555556,0.3111111111111111,0.19170479253009864
Spawrious GCI,42,Random,186,1 2 3 7 8 12 17 19 22,1,2,6,0.8878866212461856,0.37777777777777777,0.24444444444444452,0.1533888244515449
Spawrious GCI,42,Random,187,0 2 4 6 8 9 10 14 15,0,0,9,0.8495706531676317,0.37777777777777777,0.17777777777777776,0.11507285637299103
Spawrious GCI,42,Random,188,2 7 8 11 13 16 18 20 23,2,2,5,0.9262025893247393,0.5555555555555556,0.3111111111111111,0.19170479253009864
Spawrious GCI,42,Random,189,7 8 9 13 14 17 18 19 21,1,3,5,0.9157607427932156,0.37777777777777777,0.30000000000000004,0.18126294599857495
Spawrious GCI,42,Random,190,0 1 4 10 13 16 18 20 23,2,2,5,0.9262025893247393,0.5555555555555556,0.3111111111111111,0.19170479253009864
Spawrious GCI,42,Random,191,2 4 5 6 7 9 14 17 22,1,1,7,0.8338706721819722,0.2,0.1666666666666667,0.09937287538733153
Spawrious GCI,42,Random,192,4 10 12 15 18 19 21 22 23,3,2,4,0.9758204977082781,0.7333333333333333,0.40000000000000013,0.2413227009136374
Spawrious GCI,42,Random,193,0 2 8 11 13 15 16 17 18,0,3,6,0.950120855560846,0.5555555555555556,0.3555555555555556,0.21562305876620536
Spawrious GCI,42,Random,194,0 2 3 11 14 16 18 21 23,2,2,5,0.9262025893247393,0.5555555555555556,0.3111111111111111,0.19170479253009864
Spawrious GCI,42,Random,195,0 2 10 11 12 13 16 17 20,1,2,6,0.8804102868129797,0.37777777777777777,0.22222222222222227,0.14591249001833906
Spawrious GCI,42,Random,196,0 4 6 8 12 16 20 21 23,3,1,5,0.922246734013816,0.5555555555555556,0.30000000000000004,0.1877489372191753
Spawrious GCI,42,Random,197,3 5 7 8 10 16 17 20 21,2,2,5,0.9102558757091819,0.5555555555555556,0.2666666666666668,0.1757580789145412
Spawrious GCI,42,Random,198,3 8 9 12 15 16 18 20 23,2,2,5,0.9740391217969527,0.7333333333333333,0.4000000000000001,0.23954132500231207
Spawrious GCI,42,Random,199,3 5 6 7 10 14 18 21 23,2,1,6,0.8878866212461854,0.37777777777777777,0.24444444444444452,0.15338882445154478
Spawrious GCI,42,Random,200,0 1 2 4 7 10 11 15 17,0,1,8,0.8878866212461856,0.37777777777777777,0.24444444444444452,0.1533888244515449
Spawrious GCI,43,Random,1,0 3 6 8 14 16 18 21 22,2,2,5,0.9262025893247393,0.5555555555555556,0.3111111111111111,0.19170479253009864
Spawrious GCI,43,Random,2,3 4 12 13 14 17 18 20 21,2,2,5,0.9118048874822922,0.37777777777777777,0.2888888888888889,0.1773070906876515
Spawrious GCI,43,Random,3,0 4 5 6 9 10 13 14 15,0,0,9,0.8495706531676317,0.37777777777777777,0.17777777777777776,0.11507285637299103
Spawrious GCI,43,Random,4,1 7 9 10 12 15 20 21 22,3,0,6,0.950120855560846,0.5555555555555556,0.3555555555555556,0.21562305876620536
Spawrious GCI,43,Random,5,1 2 3 6 7 12 13 14 17,0,1,8,0.7920342249811362,0.2,0.08888888888888888,0.057536428186495514
Spawrious GCI,43,Random,6,1 4 5 7 9 12 18 22 23,2,1,6,0.8804102868129797,0.37777777777777777,0.22222222222222227,0.14591249001833906
Spawrious GCI,43,Random,7,2 6 9 12 16 17 19 21 22,2,3,4,0.950120855560846,0.5555555555555556,0.3555555555555556,0.21562305876620536
Spawrious GCI,43,Random,8,1 2 8 11 14 15 18 21 22,2,1,6,0.950120855560846,0.5555555555555556,0.3555555555555556,0.21562305876620536
Spawrious GCI,43,Random,9,2 6 11 12 15 16 17 22 23,2,2,5,0.9416012362823889,0.37777777777777777,0.35555555555555557,0.20710343948774823
Spawrious GCI,43,Random,10,1 2 4 5 9 13 17 19 20,1,2,6,0.8878866212461854,0.37777777777777777,0.24444444444444452,0.15338882445154478
Spawrious GCI,43,Random,11,2 4 7 8 9 13 14 22 23,2,0,7,0.8303501930596899,0.2,0.15555555555555559,0.09585239626504927
Spawrious GCI,43,Random,12,2 3 5 8 11 12 13 17 20,1,1,7,0.8460501740453493,0.37777777777777777,0.1666666666666667,0.11155237725070866
Spawrious GCI,43,Random,13,0 1 7 10 11 12 13 18 19,0,2,7,0.8303501930596899,0.2,0.15555555555555559,0.09585239626504927
Spawrious GCI,43,Random,14,0 4 6 7 10 11 16 18 22,1,2,6,0.8878866212461856,0.37777777777777777,0.24444444444444452,0.1533888244515449
Spawrious GCI,43,Random,15,0 2 4 6 11 14 15 17 20,1,1,7,0.922246734013816,0.5555555555555556,0.30000000000000004,0.1877489372191753
Spawrious GCI,43,Random,16,0 1 4 6 7 8 9 11 20,1,0,8,0.7920342249811362,0.2,0.08888888888888888,0.057536428186495514
Spawrious GCI,43,Random,17,3 4 8 9 14 16 19 20 22,2,2,5,0.9262025893247393,0.5555555555555556,0.3111111111111111,0.19170479253009864
Spawrious GCI,43,Random,18,4 7 9 16 17 19 20 22 23,3,3,3,0.9661890521968094,0.5555555555555556,0.38888888888888895,0.23169125540216873
Spawrious GCI,43,Random,19,0 4 8 10 11 18 20 21 22,3,1,5,0.9157607427932156,0.37777777777777777,0.30000000000000004,0.18126294599857495
Spawrious GCI,43,Random,20,1 2 10 14 15 18 19 21 23,2,2,5,0.9616745283253811,0.5555555555555556,0.3777777777777778,0.22717673153074047
Spawrious GCI,43,Random,21,4 8 9 10 12 13 18 19 20,1,2,6,0.8617447937290025,0.2,0.22222222222222227,0.1272469969343618
Spawrious GCI,43,Random,22,0 1 2 4 8 9 12 13 14,0,0,9,0.7344977967946407,0.2,0.0,0.0
Spawrious GCI,43,Random,23,2 5 7 11 14 18 20 22 23,3,1,5,0.922246734013816,0.5555555555555556,0.30000000000000004,0.1877489372191753
Spawrious GCI,43,Random,24,1 2 5 7 13 15 19 21 23,2,1,6,0.950120855560846,0.5555555555555556,0.3555555555555556,0.21562305876620536
Spawrious GCI,43,Random,25,3 5 6 11 12 13 14 19 20,1,1,7,0.8338706721819722,0.2,0.1666666666666667,0.09937287538733153
Spawrious GCI,43,Random,26,3 5 14 16 17 18 19 20 22,2,4,3,0.9740391217969527,0.7333333333333333,0.4000000000000001,0.23954132500231207
Spawrious GCI,43,Random,27,3 4 6 8 10 12 13 16 21,1,1,7,0.8460501740453493,0.37777777777777777,0.1666666666666667,0.11155237725070866
Spawrious GCI,43,Random,28,3 5 8 10 11 14 15 20 22,2,0,7,0.9262025893247393,0.5555555555555556,0.3111111111111111,0.19170479253009864
Spawrious GCI,43,Random,29,0 2 3 8 12 16 18 21 22,2,2,5,0.9262025893247393,0.5555555555555556,0.3111111111111111,0.19170479253009864
Spawrious GCI,43,Random,30,2 3 7 10 15 17 18 19 22,1,3,5,0.9695245979255245,0.7333333333333333,0.38888888888888895,0.2350268011308838
Spawrious GCI,43,Random,31,0 5 11 15 16 17 18 21 22,2,3,4,0.9855927945614879,0.7333333333333333,0.4222222222222223,0.2510949977668472
Spawrious GCI,43,Random,32,5 6 8 12 13 15 16 19 21,1,2,6,0.950120855560846,0.5555555555555556,0.3555555555555556,0.21562305876620536
Spawrious GCI,43,Random,33,3 5 10 11 14 16 17 20 23,2,2,5,0.9118048874822923,0.37777777777777777,0.288888888888889,0.1773070906876516
Spawrious GCI,43,Random,34,0 1 5 12 13 14 17 20 21,2,1,6,0.8804102868129797,0.37777777777777777,0.22222222222222227,0.14591249001833906
Spawrious GCI,43,Random,35,1 2 3 4 7 18 19 21 22,2,2,5,0.9118048874822922,0.37777777777777777,0.288888888888889,0.1773070906876515
Spawrious GCI,43,Random,36,1 3 10 12 14 16 17 21 22,2,2,5,0.9118048874822923,0.37777777777777777,0.288888888888889,0.1773070906876516
Spawrious GCI,43,Random,37,4 6 11 14 16 19 20 21 23,3,2,4,0.950120855560846,0.5555555555555556,0.3555555555555556,0.21562305876620536
Spawrious GCI,43,Random,38,5 7 8 9 14 15 17 18 19,0,3,6,0.950120855560846,0.5555555555555556,0.3555555555555556,0.21562305876620536
Spawrious GCI,43,Random,39,5 6 9 11 13 15 18 19 22,1,2,6,0.9416504763784943,0.5555555555555556,0.33333333333333337,0.20715267958385364
Spawrious GCI,43,Random,40,2 6 8 12 16 18 19 20 21,2,3,4,0.931828939429179,0.37777777777777777,0.33333333333333337,0.19733114263453833
Spawrious GCI,43,Random,41,5 6 7 11 12 13 18 21 23,2,1,6,0.8878866212461854,0.37777777777777777,0.24444444444444452,0.15338882445154478
Spawrious GCI,43,Random,42,0 3 7 8 9 18 21 22 23,3,1,5,0.922246734013816,0.5555555555555556,0.30000000000000004,0.1877489372191753
Spawrious GCI,43,Random,43,5 6 7 11 14 15 18 19 21,1,2,6,0.931828939429179,0.37777777777777777,0.33333333333333337,0.19733114263453833
Spawrious GCI,43,Random,44,1 3 6 14 16 17 20 22 23,3,2,4,0.9318289394291791,0.37777777777777777,0.33333333333333337,0.19733114263453844
Spawrious GCI,43,Random,45,1 6 7 10 11 13 15 22 23,2,0,7,0.9118048874822923,0.37777777777777777,0.2888888888888889,0.1773070906876516
Spawrious GCI,43,Random,46,1 2 6 8 10 15 16 22 23,2,1,6,0.9318289394291791,0.37777777777777777,0.33333333333333337,0.19733114263453844
Spawrious GCI,43,Random,47,0 2 4 5 9 10 11 13 20,1,0,8,0.7920342249811362,0.2,0.08888888888888888,0.057536428186495514
Spawrious GCI,43,Random,48,1 3 5 9 10 14 15 19 23,1,1,7,0.922246734013816,0.5555555555555556,0.30000000000000004,0.1877489372191753
Spawrious GCI,43,Random,49,5 6 8 12 15 16 20 21 22,3,1,5,0.9695245979255245,0.7333333333333333,0.38888888888888895,0.2350268011308838
Spawrious GCI,43,Random,50,0 4 6 12 15 17 20 21 23,3,1,5,0.9695245979255245,0.7333333333333333,0.38888888888888895,0.2350268011308838
Spawrious GCI,43,Random,51,1 2 3 7 9 13 18 19 23,1,2,6,0.8804102868129797,0.37777777777777777,0.22222222222222227,0.14591249001833906
Spawrious GCI,43,Random,52,1 3 4 5 10 16 18 19 23,1,3,5,0.922246734013816,0.5555555555555556,0.30000000000000004,0.1877489372191753
Spawrious GCI,43,Random,53,11 13 15 16 18 19 20 21 22,3,3,3,0.9908505675432692,0.7333333333333333,0.4333333333333334,0.2563527707486285
Spawrious GCI,43,Random,54,2 3 6 7 13 14 16 17 21,1,2,6,0.8804102868129797,0.37777777777777777,0.22222222222222227,0.14591249001833906
Spawrious GCI,43,Random,55,4 7 8 9 15 16 19 21 23,2,2,5,0.9740391217969527,0.7333333333333333,0.4000000000000001,0.23954132500231207
Spawrious GCI,43,Random,56,0 4 5 7 11 13 16 18 20,1,2,6,0.8878866212461854,0.37777777777777777,0.24444444444444452,0.15338882445154478
Spawrious GCI,43,Random,57,0 2 3 4 7 8 11 16 19,0,2,7,0.8495706531676317,0.37777777777777777,0.1777777777777778,0.11507285637299103
Spawrious GCI,43,Random,58,3 9 10 13 14 15 19 21 23,2,1,6,0.950120855560846,0.5555555555555556,0.3555555555555556,0.21562305876620536
Spawrious GCI,43,Random,59,1 5 8 9 15 17 18 21 22,2,2,5,0.9740391217969527,0.7333333333333333,0.4000000000000001,0.23954132500231207
Spawrious GCI,43,Random,60,0 4 6 10 11 12 13 18 22,1,1,7,0.8460501740453493,0.37777777777777777,0.1666666666666667,0.11155237725070866
Spawrious GCI,43,Random,61,4 6 7 9 12 16 18 20 22,2,2,5,0.9262025893247393,0.5555555555555556,0.3111111111111111,0.19170479253009864
Spawrious GCI,43,Random,62,0 1 4 5 9 10 18 19 20,1,2,6,0.8617447937290025,0.2,0.22222222222222227,0.1272469969343618
Spawrious GCI,43,Random,63,0 4 9 16 17 19 20 21 22,3,3,3,0.9695245979255245,0.7333333333333333,0.38888888888888895,0.2350268011308838
Spawrious GCI,43,Random,64,0 5 6 9 11 16 17 18 21,1,3,5,0.922246734013816,0.5555555555555556,0.30000000000000004,0.1877489372191753
Spawrious GCI,43,Random,65,2 4 5 7 9 10 11 14 23,1,0,8,0.7920342249811362,0.2,0.08888888888888888,0.057536428186495514
Spawrious GCI,43,Random,66,0 4 5 6 7 8 12 14 20,1,0,8,0.7920342249811362,0.2,0.08888888888888888,0.057536428186495514
Spawrious GCI,43,Random,67,0 2 4 9 10 11 13 16 18,0,2,7,0.8495706531676317,0.37777777777777777,0.1777777777777778,0.11507285637299103
Spawrious GCI,43,Random,68,5 7 9 11 13 14 15 19 22,1,1,7,0.922246734013816,0.5555555555555556,0.30000000000000004,0.1877489372191753
Spawrious GCI,43,Random,69,0 3 9 12 16 17 20 22 23,3,2,4,0.9318289394291791,0.37777777777777777,0.33333333333333337,0.19733114263453844
Spawrious GCI,43,Random,70,0 3 4 7 12 14 15 16 23,1,1,7,0.9157607427932156,0.37777777777777777,0.30000000000000004,0.18126294599857495
Spawrious GCI,43,Random,71,0 1 4 5 9 12 13 16 19,0,2,7,0.8495706531676317,0.37777777777777777,0.1777777777777778,0.11507285637299103
Spawrious GCI,43,Random,72,3 4 8 11 16 17 18 19 22,1,4,4,0.950120855560846,0.5555555555555556,0.3555555555555556,0.21562305876620536
Spawrious GCI,43,Random,73,0 3 7 10 13 15 17 18 20,1,2,6,0.950120855560846,0.5555555555555556,0.3555555555555556,0.21562305876620536
Spawrious GCI,43,Random,74,1 7 9 13 14 15 16 17 21,1,2,6,0.9416504763784943,0.5555555555555556,0.33333333333333337,0.20715267958385364
Spawrious GCI,43,Random,75,0 2 3 7 10 11 12 21 22,2,0,7,0.8495706531676317,0.37777777777777777,0.1777777777777778,0.11507285637299103
Spawrious GCI,43,Random,76,2 5 8 12 15 17 19 20 22,2,2,5,0.9740391217969527,0.7333333333333333,0.4000000000000001,0.23954132500231207
Spawrious GCI,43,Random,77,2 8 9 11 16 17 18 19 23,1,4,4,0.950120855560846,0.5555555555555556,0.3555555555555556,0.21562305876620536
Spawrious GCI,43,Random,78,4 5 8 9 11 13 19 21 22,2,1,6,0.8878866212461854,0.37777777777777777,0.24444444444444452,0.15338882445154478
Spawrious GCI,43,Random,79,2 4 5 8 9 13 14 20 22,2,0,7,0.8495706531676317,0.37777777777777777,0.1777777777777778,0.11507285637299103
Spawrious GCI,43,Random,80,2 3 4 6 8 12 16 17 20,1,2,6,0.8804102868129797,0.37777777777777777,0.22222222222222227,0.14591249001833906
Spawrious GCI,43,Random,81,0 1 3 5 14 15 16 18 21,1,2,6,0.950120855560846,0.5555555555555556,0.3555555555555556,0.21562305876620536
Spawrious GCI,43,Random,82,6 9 10 12 13 15 19 21 23,2,1,6,0.950120855560846,0.5555555555555556,0.3555555555555556,0.21562305876620536
Spawrious GCI,43,Random,83,5 7 8 9 16 19 20 21 22,3,2,4,0.950120855560846,0.5555555555555556,0.3555555555555556,0.21562305876620536
Spawrious GCI,43,Random,84,2 4 5 6 7 10 18 22 23,2,1,6,0.8804102868129797,0.37777777777777777,0.22222222222222227,0.14591249001833906
Spawrious GCI,43,Random,85,1 2 4 6 7 13 15 18 22,1,1,7,0.922246734013816,0.5555555555555556,0.30000000000000004,0.1877489372191753
Spawrious GCI,43,Random,86,1 3 4 5 9 13 14 15 21,1,0,8,0.8878866212461854,0.37777777777777777,0.24444444444444452,0.15338882445154478
Spawrious GCI,43,Random,87,4 6 7 10 14 17 18 19 20,1,3,5,0.9157607427932156,0.37777777777777777,0.30000000000000004,0.18126294599857495
Spawrious GCI,43,Random,88,3 4 6 8 12 13 14 19 22,1,1,7,0.8460501740453493,0.37777777777777777,0.1666666666666667,0.11155237725070866
Spawrious GCI,43,Random,89,0 1 6 7 8 9 11 12 14,0,0,9,0.7344977967946407,0.2,0.0,0.0
Spawrious GCI,43,Random,90,4 5 6 11 12 16 18 19 23,1,3,5,0.922246734013816,0.5555555555555556,0.30000000000000004,0.1877489372191753
Spawrious GCI,43,Random,91,1 6 7 8 9 10 17 20 22,2,1,6,0.8878866212461856,0.37777777777777777,0.24444444444444452,0.1533888244515449
Spawrious GCI,43,Random,92,2 3 5 6 7 9 13 15 20,1,0,8,0.8878866212461854,0.37777777777777777,0.24444444444444452,0.15338882445154478
Spawrious GCI,43,Random,93,1 6 10 13 15 18 20 21 22,3,1,5,0.9661890521968094,0.5555555555555556,0.38888888888888895,0.23169125540216873
Spawrious GCI,43,Random,94,1 2 5 6 8 11 17 18 20,1,2,6,0.8878866212461854,0.37777777777777777,0.24444444444444452,0.15338882445154478
Spawrious GCI,43,Random,95,3 4 5 7 8 13 14 17 21,1,1,7,0.8460501740453493,0.37777777777777777,0.1666666666666667,0.11155237725070866
Spawrious GCI,43,Random,96,0 1 2 5 14 17 18 19 20,1,3,5,0.9157607427932156,0.37777777777777777,0.30000000000000004,0.18126294599857495
Spawrious GCI,43,Random,97,0 6 7 12 14 15 19 21 22,2,1,6,0.950120855560846,0.5555555555555556,0.3555555555555556,0.21562305876620536
Spawrious GCI,43,Random,98,5 6 8 11 12 13 20 21 22,3,0,6,0.8878866212461854,0.37777777777777777,0.24444444444444452,0.15338882445154478
Spawrious GCI,43,Random,99,1 2 3 14 16 20 21 22 23,4,1,4,0.950120855560846,0.5555555555555556,0.3555555555555556,0.21562305876620536
Spawrious GCI,43,Random,100,3 5 9 10 11 12 14 19 21,1,1,7,0.8338706721819722,0.2,0.1666666666666667,0.09937287538733153
Spawrious GCI,43,Random,101,2 3 9 10 11 18 20 22 23,3,1,5,0.922246734013816,0.5555555555555556,0.30000000000000004,0.1877489372191753
Spawrious GCI,43,Random,102,1 3 4 8 11 14 15 18 19,0,2,7,0.9118048874822922,0.37777777777777777,0.2888888888888889,0.1773070906876515
Spawrious GCI,43,Random,103,4 5 7 8 10 14 17 19 23,1,2,6,0.8878866212461856,0.37777777777777777,0.24444444444444452,0.1533888244515449
Spawrious GCI,43,Random,104,0 1 4 6 9 11 16 19 22,1,2,6,0.8878866212461856,0.37777777777777777,0.24444444444444452,0.1533888244515449
Spawrious GCI,43,Random,105,3 4 5 6 7 11 13 21 23,2,0,7,0.8495706531676317,0.37777777777777777,0.1777777777777778,0.11507285637299103
Spawrious GCI,43,Random,106,0 4 7 8 13 16 17 18 20,1,3,5,0.922246734013816,0.5555555555555556,0.30000000000000004,0.1877489372191753
Spawrious GCI,43,Random,107,3 5 7 8 9 11 12 13 19,0,1,8,0.7920342249811362,0.2,0.08888888888888888,0.057536428186495514
Spawrious GCI,43,Random,108,4 8 9 12 13 15 19 20 22,2,1,6,0.950120855560846,0.5555555555555556,0.3555555555555556,0.21562305876620536
Spawrious GCI,43,Random,109,0 3 6 7 12 13 16 17 21,1,2,6,0.8804102868129797,0.37777777777777777,0.22222222222222227,0.14591249001833906
Spawrious GCI,43,Random,110,0 1 2 7 10 11 17 19 23,1,2,6,0.8878866212461856,0.37777777777777777,0.24444444444444452,0.1533888244515449
Spawrious GCI,43,Random,111,0 1 2 3 13 15 17 18 20,1,2,6,0.950120855560846,0.5555555555555556,0.3555555555555556,0.21562305876620536
Spawrious GCI,43,Random,112,0 1 9 10 14 15 18 19 21,1,2,6,0.931828939429179,0.37777777777777777,0.33333333333333337,0.19733114263453833
Spawrious GCI,43,Random,113,1 2 4 6 11 13 18 20 23,2,1,6,0.8878866212461854,0.37777777777777777,0.24444444444444452,0.15338882445154478
Spawrious GCI,43,Random,114,1 4 8 9 10 12 13 17 23,1,1,7,0.8338706721819722,0.2,0.1666666666666667,0.09937287538733153
Spawrious GCI,43,Random,115,1 2 4 6 10 11 20 21 22,3,0,6,0.8878866212461854,0.37777777777777777,0.24444444444444452,0.15338882445154478
Spawrious GCI,43,Random,116,2 4 9 11 15 18 19 20 22,2,2,5,0.9616745283253811,0.5555555555555556,0.3777777777777778,0.22717673153074047
Spawrious GCI,43,Random,117,0 9 10 11 13 16 18 22 23,2,2,5,0.9118048874822923,0.37777777777777777,0.2888888888888889,0.1773070906876516
Spawrious GCI,43,Random,118,2 3 4 5 9 12 14 21 23,2,0,7,0.8495706531676317,0.37777777777777777,0.1777777777777778,0.11507285637299103
Spawrious GCI,43,Random,119,0 1 4 5 8 10 12 16 18,0,2,7,0.8495706531676317,0.37777777777777777,0.1777777777777778,0.11507285637299103
Spawrious GCI,43,Random,120,1 2 3 12 16 17 20 22 23,3,2,4,0.9318289394291791,0.37777777777777777,0.33333333333333337,0.19733114263453844
Spawrious GCI,43,Random,121,2 3 5 8 9 12 21 22 23,3,0,6,0.8878866212461856,0.37777777777777777,0.24444444444444452,0.1533888244515449
Spawrious GCI,43,Random,122,0 2 3 10 12 16 17 20 22,2,2,5,0.9118048874822923,0.37777777777777777,0.288888888888889,0.1773070906876516
Spawrious GCI,43,Random,123,0 3 5 6 14 18 19 21 23,2,2,5,0.9118048874822922,0.37777777777777777,0.288888888888889,0.1773070906876515
Spawrious GCI,43,Random,124,0 2 3 7 8 9 11 12 13,0,0,9,0.7344977967946407,0.2,0.0,0.0
Spawrious GCI,43,Random,125,0 1 2 7 9 10 12 16 18,0,2,7,0.8495706531676317,0.37777777777777777,0.1777777777777778,0.11507285637299103
Spawrious GCI,43,Random,126,1 4 7 8 9 15 18 19 21,1,2,6,0.931828939429179,0.37777777777777777,0.33333333333333337,0.19733114263453833
Spawrious GCI,43,Random,127,0 2 5 10 11 15 16 21 23,2,1,6,0.950120855560846,0.5555555555555556,0.3555555555555556,0.21562305876620536
Spawrious GCI,43,Random,128,0 1 2 3 4 17 18 20 22,2,2,5,0.9262025893247393,0.5555555555555556,0.3111111111111111,0.19170479253009864
Spawrious GCI,43,Random,129,3 4 6 7 13 17 19 20 23,2,2,5,0.9262025893247393,0.5555555555555556,0.3111111111111111,0.19170479253009864
Spawrious GCI,43,Random,130,2 5 7 8 9 10 13 17 21,1,1,7,0.8460501740453493,0.37777777777777777,0.1666666666666667,0.11155237725070866
Spawrious GCI,43,Random,131,2 3 4 5 6 11 16 17 21,1,2,6,0.8804102868129797,0.37777777777777777,0.22222222222222227,0.14591249001833906
Spawrious GCI,43,Random,132,5 7 8 11 12 13 15 18 22,1,1,7,0.922246734013816,0.5555555555555556,0.30000000000000004,0.1877489372191753
Spawrious GCI,43,Random,133,2 3 5 7 9 10 11 13 23,1,0,8,0.7920342249811362,0.2,0.08888888888888888,0.057536428186495514
Spawrious GCI,43,Random,134,0 1 2 4 6 7 10 16 17,0,2,7,0.8303501930596899,0.2,0.15555555555555559,0.09585239626504927
Spawrious GCI,43,Random,135,0 2 6 8 11 13 15 22 23,2,0,7,0.9118048874822923,0.37777777777777777,0.2888888888888889,0.1773070906876516
Spawrious GCI,43,Random,136,3 4 5 6 9 10 14 20 22,2,0,7,0.8495706531676317,0.37777777777777777,0.1777777777777778,0.11507285637299103
Spawrious GCI,43,Random,137,1 4 5 13 14 16 18 21 23,2,2,5,0.9262025893247393,0.5555555555555556,0.3111111111111111,0.19170479253009864
Spawrious GCI,43,Random,138,1 4 5 7 9 10 12 18 22,1,1,7,0.8460501740453493,0.37777777777777777,0.1666666666666667,0.11155237725070866
Spawrious GCI,43,Random,139,1 3 4 7 9 12 15 19 21,1,1,7,0.9157607427932156,0.37777777777777777,0.30000000000000004,0.18126294599857495
Spawrious GCI,43,Random,140,2 4 6 7 8 9 13 16 18,0,2,7,0.8495706531676317,0.37777777777777777,0.1777777777777778,0.11507285637299103
Spawrious GCI,43,Random,141,8 9 11 13 15 16 17 18 19,0,4,5,0.9740391217969527,0.7333333333333333,0.4000000000000001,0.23954132500231207
Spawrious GCI,43,Random,142,4 6 9 10 14 17 19 21 22,2,2,5,0.9262025893247393,0.5555555555555556,0.3111111111111111,0.19170479253009864
Spawrious GCI,43,Random,143,0 1 2 3 9 10 14 20 21,2,0,7,0.8303501930596899,0.2,0.15555555555555559,0.09585239626504927
Spawrious GCI,43,Random,144,0 3 4 5 8 9 16 17 23,1,2,6,0.8617447937290025,0.2,0.22222222222222227,0.1272469969343618
Spawrious GCI,43,Random,145,0 1 4 5 6 7 11 13 18,0,1,8,0.7920342249811362,0.2,0.08888888888888888,0.057536428186495514
Spawrious GCI,43,Random,146,0 5 6 7 8 11 16 19 23,1,2,6,0.8878866212461856,0.37777777777777777,0.24444444444444452,0.1533888244515449
Spawrious GCI,43,Random,147,0 5 6 7 9 11 15 19 20,1,1,7,0.9157607427932156,0.37777777777777777,0.30000000000000004,0.18126294599857495
Spawrious GCI,43,Random,148,2 4 5 9 12 15 16 18 22,1,2,6,0.950120855560846,0.5555555555555556,0.3555555555555556,0.21562305876620536
Spawrious GCI,43,Random,149,1 3 5 7 9 11 17 21 22,2,1,6,0.8878866212461856,0.37777777777777777,0.24444444444444452,0.1533888244515449
Spawrious GCI,43,Random,150,0 4 5 7 12 14 16 17 21,1,2,6,0.8804102868129797,0.37777777777777777,0.22222222222222227,0.14591249001833906
Spawrious GCI,43,Random,151,1 2 5 6 9 14 16 21 22,2,1,6,0.8878866212461856,0.37777777777777777,0.24444444444444452,0.1533888244515449
Spawrious GCI,43,Random,152,5 6 8 9 11 15 20 21 22,3,0,6,0.950120855560846,0.5555555555555556,0.3555555555555556,0.21562305876620536
Spawrious GCI,43,Random,153,1 3 5 9 13 14 18 19 21,1,2,6,0.8617447937290025,0.2,0.22222222222222227,0.1272469969343618
Spawrious GCI,43,Random,154,1 3 6 7 8 11 14 17 23,1,1,7,0.8338706721819722,0.2,0.1666666666666667,0.09937287538733153
Spawrious GCI,43,Random,155,2 7 12 14 15 17 18 20 23,2,2,5,0.9740391217969527,0.7333333333333333,0.4000000000000001,0.23954132500231207
Spawrious GCI,43,Random,156,1 3 11 13 14 16 19 20 22,2,2,5,0.9262025893247393,0.5555555555555556,0.3111111111111111,0.19170479253009864
Spawrious GCI,43,Random,157,0 2 4 11 13 14 16 22 23,2,1,6,0.8617447937290025,0.2,0.22222222222222227,0.1272469969343618
Spawrious GCI,43,Random,158,1 2 10 14 16 18 19 20 22,2,3,4,0.950120855560846,0.5555555555555556,0.3555555555555556,0.21562305876620536
Spawrious GCI,43,Random,159,1 8 9 10 11 15 19 21 22,2,1,6,0.950120855560846,0.5555555555555556,0.3555555555555556,0.21562305876620536
Spawrious GCI,43,Random,160,0 2 3 4 7 11 17 19 21,1,2,6,0.8878866212461854,0.37777777777777777,0.24444444444444452,0.15338882445154478
Spawrious GCI,43,Random,161,0 10 12 13 15 16 18 20 23,2,2,5,0.9740391217969527,0.7333333333333333,0.4000000000000001,0.23954132500231207
Spawrious GCI,43,Random,162,0 6 7 11 12 13 15 16 17,0,2,7,0.9118048874822923,0.37777777777777777,0.2888888888888889,0.1773070906876516
Spawrious GCI,43,Random,163,1 5 8 11 14 17 19 21 22,2,2,5,0.9262025893247393,0.5555555555555556,0.3111111111111111,0.19170479253009864
Spawrious GCI,43,Random,164,2 3 4 7 9 10 13 14 19,0,1,8,0.7920342249811362,0.2,0.08888888888888888,0.057536428186495514
Spawrious GCI,43,Random,165,1 3 8 10 11 14 16 21 22,2,1,6,0.8878866212461856,0.37777777777777777,0.24444444444444452,0.1533888244515449
Spawrious GCI,43,Random,166,1 6 7 9 15 16 17 21 22,2,2,5,0.9616745283253811,0.5555555555555556,0.3777777777777778,0.22717673153074047
Spawrious GCI,43,Random,167,0 3 7 8 10 15 16 18 23,1,2,6,0.950120855560846,0.5555555555555556,0.3555555555555556,0.21562305876620536
Spawrious GCI,43,Random,168,6 7 8 9 12 20 21 22 23,4,0,5,0.9262025893247393,0.5555555555555556,0.31111111111111117,0.19170479253009864
Spawrious GCI,43,Random,169,1 5 6 9 10 12 18 19 22,1,2,6,0.8804102868129797,0.37777777777777777,0.22222222222222227,0.14591249001833906
Spawrious GCI,43,Random,170,1 2 5 14 16 17 20 22 23,3,2,4,0.9318289394291791,0.37777777777777777,0.33333333333333337,0.19733114263453844
Spawrious GCI,43,Random,171,1 4 11 15 18 19 20 21 22,3,2,4,0.9714468251785908,0.5555555555555556,0.40000000000000013,0.23694902838395016
Spawrious GCI,43,Random,172,0 4 5 9 12 15 16 17 22,1,2,6,0.9318289394291791,0.37777777777777777,0.33333333333333337,0.19733114263453844
Spawrious GCI,43,Random,173,0 1 2 7 11 17 19 22 23,2,2,5,0.9118048874822923,0.37777777777777777,0.2888888888888889,0.1773070906876516
Spawrious GCI,43,Random,174,1 3 6 7 8 10 16 17 22,1,2,6,0.8617447937290025,0.2,0.22222222222222227,0.1272469969343618
Spawrious GCI,43,Random,175,0 4 5 6 8 9 14 18 22,1,1,7,0.8460501740453493,0.37777777777777777,0.1666666666666667,0.11155237725070866
Spawrious GCI,43,Random,176,3 6 7 10 12 15 17 18 23,1,2,6,0.950120855560846,0.5555555555555556,0.3555555555555556,0.21562305876620536
Spawrious GCI,43,Random,177,0 4 5 11 13 18 19 21 23,2,2,5,0.9118048874822922,0.37777777777777777,0.288888888888889,0.1773070906876515
Spawrious GCI,43,Random,178,1 6 7 8 9 10 12 13 16,0,1,8,0.7920342249811362,0.2,0.08888888888888888,0.057536428186495514
Spawrious GCI,43,Random,179,4 7 8 12 16 18 20 21 23,3,2,4,0.950120855560846,0.5555555555555556,0.3555555555555556,0.21562305876620536
Spawrious GCI,43,Random,180,2 3 8 10 14 15 19 20 21,2,1,6,0.931828939429179,0.37777777777777777,0.33333333333333337,0.19733114263453833
Spawrious GCI,43,Random,181,6 8 9 10 13 14 15 16 21,1,1,7,0.922246734013816,0.5555555555555556,0.30000000000000004,0.1877489372191753
Spawrious GCI,43,Random,182,0 3 4 6 10 11 17 20 22,2,1,6,0.8878866212461856,0.37777777777777777,0.24444444444444452,0.1533888244515449
Spawrious GCI,43,Random,183,0 2 9 10 13 14 17 18 22,1,2,6,0.8878866212461856,0.37777777777777777,0.24444444444444452,0.1533888244515449
Spawrious GCI,43,Random,184,0 1 3 5 9 14 17 20 23,2,1,6,0.8878866212461856,0.37777777777777777,0.24444444444444452,0.1533888244515449
Spawrious GCI,43,Random,185,1 3 5 7 9 11 20 22 23,3,0,6,0.8878866212461856,0.37777777777777777,0.24444444444444452,0.1533888244515449
Spawrious GCI,43,Random,186,0 3 8 14 15 19 20 22 23,3,1,5,0.9695245979255245,0.7333333333333333,0.38888888888888895,0.2350268011308838
Spawrious GCI,43,Random,187,0 3 5 10 11 14 18 21 22,2,1,6,0.8878866212461854,0.37777777777777777,0.24444444444444452,0.15338882445154478
Spawrious GCI,43,Random,188,4 5 8 13 14 19 20 21 23,3,1,5,0.9157607427932156,0.37777777777777777,0.30000000000000004,0.18126294599857495
Spawrious GCI,43,Random,189,0 2 3 5 7 15 18 20 23,2,1,6,0.950120855560846,0.5555555555555556,0.3555555555555556,0.21562305876620536
Spawrious GCI,43,Random,190,1 2 5 6 11 12 14 15 19,0,1,8,0.8878866212461854,0.37777777777777777,0.24444444444444452,0.15338882445154478
Spawrious GCI,43,Random,191,0 3 4 6 10 13 14 16 20,1,1,7,0.8460501740453493,0.37777777777777777,0.1666666666666667,0.11155237725070866
Spawrious GCI,43,Random,192,1 2 3 4 5 7 10 12 14,0,0,9,0.7344977967946407,0.2,0.0,0.0
Spawrious GCI,43,Random,193,2 3 4 8 9 13 18 22 23,2,1,6,0.8804102868129797,0.37777777777777777,0.22222222222222227,0.14591249001833906
Spawrious GCI,43,Random,194,0 2 3 4 8 15 18 19 20,1,2,6,0.931828939429179,0.37777777777777777,0.33333333333333337,0.19733114263453833
Spawrious GCI,43,Random,195,5 6 7 10 11 16 17 21 23,2,2,5,0.9118048874822923,0.37777777777777777,0.288888888888889,0.1773070906876516
Spawrious GCI,43,Random,196,4 9 12 14 15 16 18 19 23,1,3,5,0.9695245979255245,0.7333333333333333,0.38888888888888895,0.2350268011308838
Spawrious GCI,43,Random,197,1 2 4 11 12 17 21 22 23,3,1,5,0.9157607427932156,0.37777777777777777,0.30000000000000004,0.18126294599857495
Spawrious GCI,43,Random,198,0 3 7 10 11 14 17 20 21,2,1,6,0.8804102868129797,0.37777777777777777,0.22222222222222227,0.14591249001833906
Spawrious GCI,43,Random,199,0 1 4 13 14 18 21 22 23,3,1,5,0.922246734013816,0.5555555555555556,0.30000000000000004,0.1877489372191753
Spawrious GCI,43,Random,200,1 2 4 5 6 12 17 18 22,1,2,6,0.8878866212461856,0.37777777777777777,0.24444444444444452,0.1533888244515449
Spawrious GCI,44,Random,1,0 1 5 8 9 12 13 15 17,0,1,8,0.8878866212461856,0.37777777777777777,0.24444444444444452,0.1533888244515449
Spawrious GCI,44,Random,2,3 6 7 10 11 13 19 21 22,2,1,6,0.8878866212461854,0.37777777777777777,0.24444444444444452,0.15338882445154478
Spawrious GCI,44,Random,3,2 9 11 13 14 15 16 17 19,0,3,6,0.950120855560846,0.5555555555555556,0.3555555555555556,0.21562305876620536
Spawrious GCI,44,Random,4,3 4 5 7 11 12 14 16 19,0,2,7,0.8495706531676317,0.37777777777777777,0.1777777777777778,0.11507285637299103
Spawrious GCI,44,Random,5,0 3 8 9 11 16 18 19 21,1,3,5,0.9157607427932156,0.37777777777777777,0.30000000000000004,0.18126294599857495
Spawrious GCI,44,Random,6,1 2 7 10 13 16 17 19 23,1,3,5,0.9157607427932156,0.37777777777777777,0.30000000000000004,0.18126294599857495
Spawrious GCI,44,Random,7,1 5 6 13 16 19 20 21 22,3,2,4,0.950120855560846,0.5555555555555556,0.3555555555555556,0.21562305876620536
Spawrious GCI,44,Random,8,1 3 7 9 12 17 18 20 21,2,2,5,0.9118048874822922,0.37777777777777777,0.2888888888888889,0.1773070906876515
Spawrious GCI,44,Random,9,1 5 10 14 16 17 18 21 23,2,3,4,0.950120855560846,0.5555555555555556,0.3555555555555556,0.21562305876620536
Spawrious GCI,44,Random,10,1 3 5 8 10 11 14 17 20,1,1,7,0.8460501740453493,0.37777777777777777,0.1666666666666667,0.11155237725070866
Spawrious GCI,44,Random,11,0 3 6 7 11 16 17 18 21,1,3,5,0.922246734013816,0.5555555555555556,0.30000000000000004,0.1877489372191753
Spawrious GCI,44,Random,12,2 5 8 10 11 14 15 19 23,1,1,7,0.922246734013816,0.5555555555555556,0.30000000000000004,0.1877489372191753
Spawrious GCI,44,Random,13,0 1 4 5 8 11 14 19 22,1,1,7,0.8460501740453493,0.37777777777777777,0.1666666666666667,0.11155237725070866
Spawrious GCI,44,Random,14,1 2 7 8 12 15 20 21 22,3,0,6,0.950120855560846,0.5555555555555556,0.3555555555555556,0.21562305876620536
Spawrious GCI,44,Random,15,5 6 8 11 14 16 17 21 23,2,2,5,0.9118048874822923,0.37777777777777777,0.288888888888889,0.1773070906876516
Spawrious GCI,44,Random,16,0 2 4 12 15 18 19 22 23,2,2,5,0.9557964457613913,0.7333333333333333,0.35555555555555557,0.22129864896675067
Spawrious GCI,44,Random,17,1 7 9 13 15 16 18 19 22,1,3,5,0.9695245979255245,0.7333333333333333,0.38888888888888895,0.2350268011308838
Spawrious GCI,44,Random,18,3 4 10 13 14 15 16 17 18,0,3,6,0.950120855560846,0.5555555555555556,0.3555555555555556,0.21562305876620536
Spawrious GCI,44,Random,19,4 5 7 9 14 15 18 20 23,2,1,6,0.950120855560846,0.5555555555555556,0.3555555555555556,0.21562305876620536
Spawrious GCI,44,Random,20,3 8 9 13 14 15 17 19 22,1,2,6,0.950120855560846,0.5555555555555556,0.3555555555555556,0.21562305876620536
Spawrious GCI,44,Random,21,0 3 5 7 8 13 17 19 20,1,2,6,0.8878866212461854,0.37777777777777777,0.24444444444444452,0.15338882445154478
Spawrious GCI,44,Random,22,3 5 8 10 17 18 19 21 23,2,3,4,0.950120855560846,0.5555555555555556,0.3555555555555556,0.21562305876620536
Spawrious GCI,44,Random,23,0 3 5 12 13 14 17 19 21,1,2,6,0.8878866212461854,0.37777777777777777,0.24444444444444452,0.15338882445154478
Spawrious GCI,44,Random,24,1 6 7 8 11 12 14 15 18,0,1,8,0.8878866212461854,0.37777777777777777,0.24444444444444452,0.15338882445154478
Spawrious GCI,44,Random,25,0 7 9 13 15 18 20 22 23,3,1,5,0.9695245979255245,0.7333333333333333,0.38888888888888895,0.2350268011308838
Spawrious GCI,44,Random,26,3 6 7 8 10 14 15 20 22,2,0,7,0.9262025893247393,0.5555555555555556,0.3111111111111111,0.19170479253009864
Spawrious GCI,44,Random,27,2 8 9 13 14 15 18 20 22,2,1,6,0.950120855560846,0.5555555555555556,0.3555555555555556,0.21562305876620536
Spawrious GCI,44,Random,28,0 7 11 14 17 20 21 22 23,4,1,4,0.950120855560846,0.5555555555555556,0.3555555555555556,0.21562305876620536
Spawrious GCI,44,Random,29,1 3 8 11 15 18 20 21 23,3,1,5,0.9661890521968094,0.5555555555555556,0.38888888888888895,0.23169125540216873
Spawrious GCI,44,Random,30,0 2 3 5 10 11 12 17 20,1,1,7,0.8460501740453493,0.37777777777777777,0.1666666666666667,0.11155237725070866
Spawrious GCI,44,Random,31,2 6 8 10 12 16 19 20 21,2,2,5,0.9118048874822922,0.37777777777777777,0.2888888888888889,0.1773070906876515
Spawrious GCI,44,Random,32,0 1 4 9 12 15 18 20 21,2,1,6,0.931828939429179,0.37777777777777777,0.33333333333333337,0.19733114263453833
Spawrious GCI,44,Random,33,0 5 12 13 15 17 18 21 23,2,2,5,0.9740391217969527,0.7333333333333333,0.4000000000000001,0.23954132500231207
Spawrious GCI,44,Random,34,3 4 5 9 10 13 15 19 20,1,1,7,0.9157607427932156,0.37777777777777777,0.30000000000000004,0.18126294599857495
Spawrious GCI,44,Random,35,1 4 6 8 9 10 18 20 21,2,1,6,0.8617447937290025,0.2,0.22222222222222227,0.1272469969343618
Spawrious GCI,44,Random,36,7 8 12 13 15 18 19 20 22,2,2,5,0.9616745283253811,0.5555555555555556,0.3777777777777778,0.22717673153074047
Spawrious GCI,44,Random,37,4 6 8 9 13 15 16 21 23,2,1,6,0.950120855560846,0.5555555555555556,0.3555555555555556,0.21562305876620536
Spawrious GCI,44,Random,38,0 2 8 9 11 12 13 17 23,1,1,7,0.8338706721819722,0.2,0.1666666666666667,0.09937287538733153
Spawrious GCI,44,Random,39,0 5 6 12 13 15 18 19 21,1,2,6,0.931828939429179,0.37777777777777777,0.33333333333333337,0.19733114263453833
Spawrious GCI,44,Random,40,3 7 10 12 14 15 16 17 20,1,2,6,0.9416504763784943,0.5555555555555556,0.33333333333333337,0.20715267958385364
Spawrious GCI,44,Random,41,1 3 5 6 7 8 9 10 22,1,0,8,0.7920342249811362,0.2,0.08888888888888888,0.057536428186495514
Spawrious GCI,44,Random,42,0 1 2 3 10 12 15 17 19,0,2,7,0.9262025893247393,0.5555555555555556,0.3111111111111111,0.19170479253009864
Spawrious GCI,44,Random,43,4 6 9 10 14 17 18 21 22,2,2,5,0.9262025893247393,0.5555555555555556,0.3111111111111111,0.19170479253009864
Spawrious GCI,44,Random,44,4 8 9 10 13 14 19 22 23,2,1,6,0.8804102868129797,0.37777777777777777,0.22222222222222227,0.14591249001833906
Spawrious GCI,44,Random,45,4 5 6 8 13 14 15 16 19,0,2,7,0.9262025893247393,0.5555555555555556,0.3111111111111111,0.19170479253009864
Spawrious GCI,44,Random,46,0 1 5 8 9 15 16 17 18,0,3,6,0.950120855560846,0.5555555555555556,0.3555555555555556,0.21562305876620536
Spawrious GCI,44,Random,47,0 3 4 5 7 10 15 16 21,1,1,7,0.922246734013816,0.5555555555555556,0.30000000000000004,0.1877489372191753
Spawrious GCI,44,Random,48,0 2 3 4 5 8 9 20 22,2,0,7,0.8495706531676317,0.37777777777777777,0.1777777777777778,0.11507285637299103
Spawrious GCI,44,Random,49,0 6 7 11 12 13 14 21 23,2,0,7,0.8495706531676317,0.37777777777777777,0.1777777777777778,0.11507285637299103
Spawrious GCI,44,Random,50,0 3 8 9 13 15 16 17 22,1,2,6,0.9318289394291791,0.37777777777777777,0.33333333333333337,0.19733114263453844
Spawrious GCI,44,Random,51,1 2 8 10 12 14 17 20 21,2,1,6,0.8804102868129797,0.37777777777777777,0.22222222222222227,0.14591249001833906
Spawrious GCI,44,Random,52,4 7 9 11 14 16 18 20 21,2,2,5,0.9118048874822922,0.37777777777777777,0.2888888888888889,0.1773070906876515
Spawrious GCI,44,Random,53,9 12 13 15 17 18 19 20 21,2,3,4,0.9714468251785908,0.5555555555555556,0.4000000000000001,0.23694902838395016
Spawrious GCI,44,Random,54,4 5 7 10 12 15 16 18 19,0,3,6,0.950120855560846,0.5555555555555556,0.3555555555555556,0.21562305876620536
Spawrious GCI,44,Random,55,2 3 5 6 7 12 15 17 23,1,1,7,0.9157607427932156,0.37777777777777777,0.30000000000000004,0.18126294599857495
Spawrious GCI,44,Random,56,4 6 7 8 9 10 12 15 23,1,0,8,0.8878866212461856,0.37777777777777777,0.24444444444444452,0.1533888244515449
Spawrious GCI,44,Random,57,0 2 3 6 12 13 17 20 21,2,1,6,0.8804102868129797,0.37777777777777777,0.22222222222222227,0.14591249001833906
Spawrious GCI,44,Random,58,4 6 11 12 14 16 21 22 23,3,1,5,0.9157607427932156,0.37777777777777777,0.30000000000000004,0.18126294599857495
Spawrious GCI,44,Random,59,1 3 8 12 13 14 16 19 20,1,2,6,0.8878866212461854,0.37777777777777777,0.24444444444444452,0.15338882445154478
Spawrious GCI,44,Random,60,0 1 4 5 9 11 16 17 23,1,2,6,0.8617447937290025,0.2,0.22222222222222227,0.1272469969343618
Spawrious GCI,44,Random,61,0 1 2 3 9 14 15 20 22,2,0,7,0.9262025893247393,0.5555555555555556,0.3111111111111111,0.19170479253009864
Spawrious GCI,44,Random,62,1 2 9 10 11 13 17 19 22,1,2,6,0.8878866212461856,0.37777777777777777,0.24444444444444452,0.1533888244515449
Spawrious GCI,44,Random,63,8 13 14 15 18 19 20 21 22,3,2,4,0.9714468251785908,0.5555555555555556,0.40000000000000013,0.23694902838395016
Spawrious GCI,44,Random,64,6 8 12 13 17 18 19 21 23,2,3,4,0.950120855560846,0.5555555555555556,0.3555555555555556,0.21562305876620536
Spawrious GCI,44,Random,65,0 6 8 9 10 11 16 17 20,1,2,6,0.8804102868129797,0.37777777777777777,0.22222222222222227,0.14591249001833906
Spawrious GCI,44,Random,66,0 3 5 9 11 17 18 20 22,2,2,5,0.9262025893247393,0.5555555555555556,0.3111111111111111,0.19170479253009864
Spawrious GCI,44,Random,67,1 3 5 6 8 12 17 19 20,1,2,6,0.8878866212461854,0.37777777777777777,0.24444444444444452,0.15338882445154478
Spawrious GCI,44,Random,68,0 3 8 10 16 17 19 20 23,2,3,4,0.950120855560846,0.5555555555555556,0.3555555555555556,0.21562305876620536
Spawrious GCI,44,Random,69,1 2 3 6 11 13 15 16 19,0,2,7,0.9262025893247393,0.5555555555555556,0.3111111111111111,0.19170479253009864
Spawrious GCI,44,Random,70,1 3 4 11 12 14 16 20 22,2,1,6,0.8878866212461856,0.37777777777777777,0.24444444444444452,0.1533888244515449
Spawrious GCI,44,Random,71,3 4 10 12 15 17 19 21 22,2,2,5,0.9740391217969527,0.7333333333333333,0.4000000000000001,0.23954132500231207
Spawrious GCI,44,Random,72,1 7 8 9 10 13 16 17 23,1,2,6,0.8617447937290025,0.2,0.22222222222222227,0.1272469969343618
Spawrious GCI,44,Random,73,3 6 7 13 14 17 18 19 21,1,3,5,0.9157607427932156,0.37777777777777777,0.30000000000000004,0.18126294599857495
Spawrious GCI,44,Random,74,4 5 8 11 14 15 16 17 19,0,3,6,0.950120855560846,0.5555555555555556,0.3555555555555556,0.21562305876620536
Spawrious GCI,44,Random,75,1 8 9 10 12 14 18 20 21,2,1,6,0.8617447937290025,0.2,0.22222222222222227,0.1272469969343618
Spawrious GCI,44,Random,76,1 4 5 7 8 11 16 18 23,1,2,6,0.8878866212461856,0.37777777777777777,0.24444444444444452,0.1533888244515449
Spawrious GCI,44,Random,77,3 5 6 12 13 14 17 19 20,1,2,6,0.8878866212461854,0.37777777777777777,0.24444444444444452,0.15338882445154478
Spawrious GCI,44,Random,78,1 5 6 9 12 16 19 22 23,2,2,5,0.9118048874822923,0.37777777777777777,0.2888888888888889,0.1773070906876516
Spawrious GCI,44,Random,79,1 2 6 9 10 11 12 19 22,1,1,7,0.8460501740453493,0.37777777777777777,0.1666666666666667,0.11155237725070866
Spawrious GCI,44,Random,80,1 2 3 4 9 10 11 15 21,1,0,8,0.8878866212461854,0.37777777777777777,0.24444444444444452,0.15338882445154478
Spawrious GCI,44,Random,81,0 2 3 11 14 16 19 21 23,2,2,5,0.9262025893247393,0.5555555555555556,0.3111111111111111,0.19170479253009864
Spawrious GCI,44,Random,82,2 4 6 8 14 15 17 20 22,2,1,6,0.950120855560846,0.5555555555555556,0.3555555555555556,0.21562305876620536
Spawrious GCI,44,Random,83,0 1 5 9 10 15 17 18 22,1,2,6,0.950120855560846,0.5555555555555556,0.3555555555555556,0.21562305876620536
Spawrious GCI,44,Random,84,2 4 8 9 15 17 20 21 22,3,1,5,0.9695245979255245,0.7333333333333333,0.38888888888888895,0.2350268011308838
Spawrious GCI,44,Random,85,1 4 6 7 8 13 16 21 22,2,1,6,0.8878866212461856,0.37777777777777777,0.24444444444444452,0.1533888244515449
Spawrious GCI,44,Random,86,0 1 2 10 11 15 18 19 20,1,2,6,0.931828939429179,0.37777777777777777,0.33333333333333337,0.19733114263453833
Spawrious GCI,44,Random,87,0 5 6 9 11 13 18 21 22,2,1,6,0.8878866212461854,0.37777777777777777,0.24444444444444452,0.15338882445154478
Spawrious GCI,44,Random,88,0 2 3 6 7 13 15 18 22,1,1,7,0.922246734013816,0.5555555555555556,0.30000000000000004,0.1877489372191753
Spawrious GCI,44,Random,89,0 4 11 15 16 17 18 22 23,2,3,4,0.971446825178591,0.5555555555555556,0.4,0.23694902838395038
Spawrious GCI,44,Random,90,2 4 6 8 9 10 13 16 19,0,2,7,0.8495706531676317,0.37777777777777777,0.1777777777777778,0.11507285637299103
Spawrious GCI,44,Random,91,0 4 7 8 13 14 17 19 20,1,2,6,0.8878866212461854,0.37777777777777777,0.24444444444444452,0.15338882445154478
Spawrious GCI,44,Random,92,1 3 6 8 10 15 19 21 23,2,1,6,0.950120855560846,0.5555555555555556,0.3555555555555556,0.21562305876620536
Spawrious GCI,44,Random,93,0 1 2 3 4 9 10 11 12,0,0,9,0.7344977967946407,0.2,0.0,0.0
Spawrious GCI,44,Random,94,3 6 7 8 10 11 15 19 23,1,1,7,0.922246734013816,0.5555555555555556,0.30000000000000004,0.1877489372191753
Spawrious GCI,44,Random,95,5 8 9 13 15 16 18 19 21,1,3,5,0.9661890521968094,0.5555555555555556,0.38888888888888895,0.23169125540216873
Spawrious GCI,44,Random,96,1 3 8 13 15 16 17 19 21,1,3,5,0.9695245979255245,0.7333333333333333,0.38888888888888895,0.2350268011308838
Spawrious GCI,44,Random,97,2 3 7 12 14 18 19 20 23,2,2,5,0.9118048874822922,0.37777777777777777,0.288888888888889,0.1773070906876515
Spawrious GCI,44,Random,98,1 4 5 9 11 12 14 20 21,2,0,7,0.8303501930596899,0.2,0.15555555555555559,0.09585239626504927
Spawrious GCI,44,Random,99,4 5 7 10 11 14 15 18 23,1,1,7,0.922246734013816,0.5555555555555556,0.30000000000000004,0.1877489372191753
Spawrious GCI,44,Random,100,2 10 12 13 14 16 18 21 23,2,2,5,0.9262025893247393,0.5555555555555556,0.3111111111111111,0.19170479253009864
Spawrious GCI,44,Random,101,3 4 5 6 9 15 16 17 22,1,2,6,0.9318289394291791,0.37777777777777777,0.33333333333333337,0.19733114263453844
Spawrious GCI,44,Random,102,0 1 3 5 6 15 17 22 23,2,1,6,0.9318289394291791,0.37777777777777777,0.33333333333333337,0.19733114263453844
Spawrious GCI,44,Random,103,0 1 2 3 8 12 13 18 20,1,1,7,0.8338706721819722,0.2,0.1666666666666667,0.09937287538733153
Spawrious GCI,44,Random,104,0 1 2 6 12 13 14 15 21,1,0,8,0.8878866212461854,0.37777777777777777,0.24444444444444452,0.15338882445154478
Spawrious GCI,44,Random,105,0 2 3 6 8 10 18 20 23,2,1,6,0.8878866212461854,0.37777777777777777,0.24444444444444452,0.15338882445154478
Spawrious GCI,44,Random,106,1 2 7 8 10 12 15 20 23,2,0,7,0.9262025893247393,0.5555555555555556,0.3111111111111111,0.19170479253009864
Spawrious GCI,44,Random,107,1 4 7 8 9 13 17 18 19,0,3,6,0.8878866212461854,0.37777777777777777,0.24444444444444452,0.15338882445154478
Spawrious GCI,44,Random,108,5 13 14 15 18 19 20 22 23,3,2,4,0.9758204977082781,0.7333333333333333,0.40000000000000013,0.2413227009136374
Spawrious GCI,44,Random,109,0 3 4 6 8 10 13 14 16,0,1,8,0.7920342249811362,0.2,0.08888888888888888,0.057536428186495514
Spawrious GCI,44,Random,110,1 3 9 10 14 17 19 22 23,2,2,5,0.9118048874822923,0.37777777777777777,0.2888888888888889,0.1773070906876516
Spawrious GCI,44,Random,111,0 1 3 8 9 12 15 19 20,1,1,7,0.9157607427932156,0.37777777777777777,0.30000000000000004,0.18126294599857495
Spawrious GCI,44,Random,112,5 9 12 14 15 16 17 19 23,1,3,5,0.9661890521968094,0.5555555555555556,0.38888888888888895,0.23169125540216873
Spawrious GCI,44,Random,113,3 5 7 8 10 15 19 20 22,2,1,6,0.950120855560846,0.5555555555555556,0.3555555555555556,0.21562305876620536
Spawrious GCI,44,Random,114,7 8 9 13 15 16 17 20 22,2,2,5,0.9616745283253811,0.5555555555555556,0.3777777777777778,0.22717673153074047
Spawrious GCI,44,Random,115,8 12 16 18 19 20 21 22 23,4,3,2,0.9855927945614879,0.7333333333333333,0.4222222222222223,0.2510949977668472
Spawrious GCI,44,Random,116,4 7 8 9 11 13 16 20 22,2,1,6,0.8878866212461856,0.37777777777777777,0.24444444444444452,0.1533888244515449
Spawrious GCI,44,Random,117,3 5 6 8 13 14 15 16 17,0,2,7,0.9118048874822923,0.37777777777777777,0.2888888888888889,0.1773070906876516
Spawrious GCI,44,Random,118,0 1 5 6 7 13 14 19 20,1,1,7,0.8338706721819722,0.2,0.1666666666666667,0.09937287538733153
Spawrious GCI,44,Random,119,3 4 5 8 9 14 16 17 21,1,2,6,0.8804102868129797,0.37777777777777777,0.22222222222222227,0.14591249001833906
Spawrious GCI,44,Random,120,0 3 6 13 14 15 16 18 23,1,2,6,0.950120855560846,0.5555555555555556,0.3555555555555556,0.21562305876620536
Spawrious GCI,44,Random,121,3 5 7 8 12 13 16 17 23,1,2,6,0.8617447937290025,0.2,0.22222222222222227,0.1272469969343618
Spawrious GCI,44,Random,122,0 2 6 10 13 15 16 18 21,1,2,6,0.950120855560846,0.5555555555555556,0.3555555555555556,0.21562305876620536
Spawrious GCI,44,Random,123,3 5 7 8 9 10 12 15 18,0,1,8,0.8878866212461854,0.37777777777777777,0.24444444444444452,0.15338882445154478
Spawrious GCI,44,Random,124,3 4 5 9 10 11 12 15 22,1,0,8,0.8878866212461856,0.37777777777777777,0.24444444444444452,0.1533888244515449
Spawrious GCI,44,Random,125,0 1 4 5 6 7 10 14 17,0,1,8,0.7920342249811362,0.2,0.08888888888888888,0.057536428186495514
Spawrious GCI,44,Random,126,1 3 4 5 8 9 16 22 23,2,1,6,0.8617447937290025,0.2,0.22222222222222227,0.1272469969343618
Spawrious GCI,44,Random,127,0 1 2 7 11 16 19 22 23,2,2,5,0.9118048874822923,0.37777777777777777,0.2888888888888889,0.1773070906876516
Spawrious GCI,44,Random,128,0 4 6 8 10 11 15 17 20,1,1,7,0.922246734013816,0.5555555555555556,0.30000000000000004,0.1877489372191753
Spawrious GCI,44,Random,129,0 4 5 8 9 10 11 15 21,1,0,8,0.8878866212461854,0.37777777777777777,0.24444444444444452,0.15338882445154478
Spawrious GCI,44,Random,130,8 11 14 15 16 18 19 20 22,2,3,4,0.9855927945614879,0.7333333333333333,0.4222222222222223,0.2510949977668472
Spawrious GCI,44,Random,131,0 1 7 8 9 12 15 17 22,1,1,7,0.9157607427932156,0.37777777777777777,0.30000000000000004,0.18126294599857495
Spawrious GCI,44,Random,132,5 7 9 13 14 17 18 19 22,1,3,5,0.922246734013816,0.5555555555555556,0.30000000000000004,0.1877489372191753
Spawrious GCI,44,Random,133,2 3 4 5 9 10 13 18 19,0,2,7,0.8303501930596899,0.2,0.15555555555555559,0.09585239626504927
Spawrious GCI,44,Random,134,1 4 10 14 16 17 18 19 20,1,4,4,0.950120855560846,0.5555555555555556,0.3555555555555556,0.21562305876620536
Spawrious GCI,44,Random,135,0 6 7 8 9 12 16 18 19,0,3,6,0.8878866212461854,0.37777777777777777,0.24444444444444452,0.15338882445154478
Spawrious GCI,44,Random,136,0 1 3 13 14 16 19 20 22,2,2,5,0.9262025893247393,0.5555555555555556,0.3111111111111111,0.19170479253009864
Spawrious GCI,44,Random,137,3 8 10 11 13 16 21 22 23,3,1,5,0.9157607427932156,0.37777777777777777,0.30000000000000004,0.18126294599857495
Spawrious GCI,44,Random,138,2 8 11 14 15 17 21 22 23,3,1,5,0.9661890521968094,0.5555555555555556,0.38888888888888895,0.23169125540216873
Spawrious GCI,44,Random,139,1 4 6 9 10 12 13 14 15,0,0,9,0.8495706531676317,0.37777777777777777,0.17777777777777776,0.11507285637299103
Spawrious GCI,44,Random,140,0 1 3 5 6 7 10 14 21,1,0,8,0.7920342249811362,0.2,0.08888888888888888,0.057536428186495514
Spawrious GCI,44,Random,141,4 5 7 9 12 13 20 21 23,3,0,6,0.8878866212461854,0.37777777777777777,0.24444444444444452,0.15338882445154478
Spawrious GCI,44,Random,142,0 1 2 4 7 11 13 20 22,2,0,7,0.8495706531676317,0.37777777777777777,0.1777777777777778,0.11507285637299103
Spawrious GCI,44,Random,143,3 4 11 13 14 15 16 18 23,1,2,6,0.950120855560846,0.5555555555555556,0.3555555555555556,0.21562305876620536
Spawrious GCI,44,Random,144,0 7 10 12 13 14 15 19 20,1,1,7,0.9157607427932156,0.37777777777777777,0.30000000000000004,0.18126294599857495
Spawrious GCI,44,Random,145,3 4 6 7 10 11 18 19 20,1,2,6,0.8617447937290025,0.2,0.22222222222222227,0.1272469969343618
Spawrious GCI,44,Random,146,0 2 5 7 10 11 12 15 23,1,0,8,0.8878866212461856,0.37777777777777777,0.24444444444444452,0.1533888244515449
Spawrious GCI,44,Random,147,0 2 3 4 6 8 11 19 23,1,1,7,0.8460501740453493,0.37777777777777777,0.1666666666666667,0.11155237725070866
Spawrious GCI,44,Random,148,0 4 5 6 7 10 17 19 20,1,2,6,0.8878866212461854,0.37777777777777777,0.24444444444444452,0.15338882445154478
Spawrious GCI,44,Random,149,0 3 5 14 16 17 19 20 21,2,3,4,0.9416504763784943,0.5555555555555556,0.33333333333333337,0.20715267958385364
Spawrious GCI,44,Random,150,0 1 4 6 11 12 15 18 23,1,1,7,0.922246734013816,0.5555555555555556,0.30000000000000004,0.1877489372191753
Spawrious GCI,44,Random,151,4 7 8 10 15 16 19 22 23,2,2,5,0.9616745283253811,0.5555555555555556,0.3777777777777778,0.22717673153074047
Spawrious GCI,44,Random,152,1 2 8 9 12 14 16 17 23,1,2,6,0.8617447937290025,0.2,0.22222222222222227,0.1272469969343618
Spawrious GCI,44,Random,153,3 4 6 9 14 15 16 18 21,1,2,6,0.950120855560846,0.5555555555555556,0.3555555555555556,0.21562305876620536
Spawrious GCI,44,Random,154,2 4 9 11 12 13 21 22 23,3,0,6,0.8878866212461856,0.37777777777777777,0.24444444444444452,0.1533888244515449
Spawrious GCI,44,Random,155,2 3 6 7 9 13 15 16 23,1,1,7,0.9157607427932156,0.37777777777777777,0.30000000000000004,0.18126294599857495
Spawrious GCI,44,Random,156,2 3 6 9 15 19 21 22 23,3,1,5,0.9695245979255245,0.7333333333333333,0.38888888888888895,0.2350268011308838
Spawrious GCI,44,Random,157,0 6 9 13 14 15 16 17 20,1,2,6,0.9416504763784943,0.5555555555555556,0.33333333333333337,0.20715267958385364
Spawrious GCI,44,Random,158,0 2 3 6 8 14 18 19 22,1,2,6,0.8804102868129797,0.37777777777777777,0.22222222222222227,0.14591249001833906
Spawrious GCI,44,Random,159,2 6 7 11 12 15 17 18 20,1,2,6,0.950120855560846,0.5555555555555556,0.3555555555555556,0.21562305876620536
Spawrious GCI,44,Random,160,1 3 5 9 11 14 16 18 19,0,3,6,0.8878866212461854,0.37777777777777777,0.24444444444444452,0.15338882445154478
Spawrious GCI,44,Random,161,0 4 6 10 11 12 14 16 20,1,1,7,0.8460501740453493,0.37777777777777777,0.1666666666666667,0.11155237725070866
Spawrious GCI,44,Random,162,0 3 5 11 12 17 19 20 22,2,2,5,0.9262025893247393,0.5555555555555556,0.3111111111111111,0.19170479253009864
Spawrious GCI,44,Random,163,3 5 6 11 12 16 19 20 23,2,2,5,0.9262025893247393,0.5555555555555556,0.3111111111111111,0.19170479253009864
Spawrious GCI,44,Random,164,7 9 10 13 15 17 19 21 23,2,2,5,0.9740391217969527,0.7333333333333333,0.4000000000000001,0.23954132500231207
Spawrious GCI,44,Random,165,0 4 6 8 9 11 12 15 18,0,1,8,0.8878866212461854,0.37777777777777777,0.24444444444444452,0.15338882445154478
Spawrious GCI,44,Random,166,1 5 6 7 9 10 13 15 22,1,0,8,0.8878866212461856,0.37777777777777777,0.24444444444444452,0.1533888244515449
Spawrious GCI,44,Random,167,0 1 4 6 9 10 12 22 23,2,0,7,0.8303501930596899,0.2,0.15555555555555559,0.09585239626504927
Spawrious GCI,44,Random,168,0 2 4 9 11 12 18 21 23,2,1,6,0.8878866212461854,0.37777777777777777,0.24444444444444452,0.15338882445154478
Spawrious GCI,44,Random,169,2 4 5 8 10 13 15 19 22,1,1,7,0.922246734013816,0.5555555555555556,0.30000000000000004,0.1877489372191753
Spawrious GCI,44,Random,170,1 2 6 7 8 9 10 16 17,0,2,7,0.8303501930596899,0.2,0.15555555555555559,0.09585239626504927
Spawrious GCI,44,Random,171,4 5 6 7 11 14 16 21 23,2,1,6,0.8878866212461856,0.37777777777777777,0.24444444444444452,0.1533888244515449
Spawrious GCI,44,Random,172,3 4 6 10 11 12 16 18 19,0,3,6,0.8878866212461854,0.37777777777777777,0.24444444444444452,0.15338882445154478
Spawrious GCI,44,Random,173,0 7 8 10 11 14 15 22 23,2,0,7,0.9118048874822923,0.37777777777777777,0.2888888888888889,0.1773070906876516
Spawrious GCI,44,Random,174,0 2 8 11 12 15 18 20 22,2,1,6,0.950120855560846,0.5555555555555556,0.3555555555555556,0.21562305876620536
Spawrious GCI,44,Random,175,0 1 5 6 7 11 12 15 20,1,0,8,0.8878866212461854,0.37777777777777777,0.24444444444444452,0.15338882445154478
Spawrious GCI,44,Random,176,0 2 6 8 10 13 14 16 20,1,1,7,0.8460501740453493,0.37777777777777777,0.1666666666666667,0.11155237725070866
Spawrious GCI,44,Random,177,2 3 5 8 10 13 14 18 23,1,1,7,0.8460501740453493,0.37777777777777777,0.1666666666666667,0.11155237725070866
Spawrious GCI,44,Random,178,4 6 8 11 13 17 18 20 22,2,2,5,0.9262025893247393,0.5555555555555556,0.3111111111111111,0.19170479253009864
Spawrious GCI,44,Random,179,1 5 7 8 11 12 20 21 22,3,0,6,0.8878866212461854,0.37777777777777777,0.24444444444444452,0.15338882445154478
Spawrious GCI,44,Random,180,3 4 6 11 17 20 21 22 23,4,1,4,0.950120855560846,0.5555555555555556,0.3555555555555556,0.21562305876620536
Spawrious GCI,44,Random,181,0 2 4 10 12 14 15 17 23,1,1,7,0.9157607427932156,0.37777777777777777,0.30000000000000004,0.18126294599857495
Spawrious GCI,44,Random,182,1 4 6 7 8 9 10 20 21,2,0,7,0.8303501930596899,0.2,0.15555555555555559,0.09585239626504927
Spawrious GCI,44,Random,183,1 2 8 10 12 13 15 19 21,1,1,7,0.9157607427932156,0.37777777777777777,0.30000000000000004,0.18126294599857495
Spawrious GCI,44,Random,184,5 7 11 13 18 19 20 22 23,3,2,4,0.9416504763784943,0.5555555555555556,0.33333333333333337,0.20715267958385364
Spawrious GCI,44,Random,185,0 2 3 8 11 13 14 15 16,0,1,8,0.8878866212461856,0.37777777777777777,0.24444444444444452,0.1533888244515449
Spawrious GCI,44,Random,186,0 1 5 6 7 9 10 18 19,0,2,7,0.8303501930596899,0.2,0.15555555555555559,0.09585239626504927
Spawrious GCI,44,Random,187,0 3 5 8 9 15 16 17 21,1,2,6,0.9416504763784943,0.5555555555555556,0.33333333333333337,0.20715267958385364
Spawrious GCI,44,Random,188,3 6 7 11 12 13 16 18 20,1,2,6,0.8878866212461854,0.37777777777777777,0.24444444444444452,0.15338882445154478
Spawrious GCI,44,Random,189,1 5 6 12 14 15 17 22 23,2,1,6,0.9318289394291791,0.37777777777777777,0.33333333333333337,0.19733114263453844
Spawrious GCI,44,Random,190,4 5 7 11 16 17 19 20 23,2,3,4,0.950120855560846,0.5555555555555556,0.3555555555555556,0.21562305876620536
Spawrious GCI,44,Random,191,0 1 3 6 8 17 18 20 21,2,2,5,0.9118048874822922,0.37777777777777777,0.2888888888888889,0.1773070906876515
Spawrious GCI,44,Random,192,0 3 4 5 7 9 13 15 19,0,1,8,0.8878866212461854,0.37777777777777777,0.24444444444444452,0.15338882445154478
Spawrious GCI,44,Random,193,1 2 3 9 13 14 16 20 23,2,1,6,0.8878866212461856,0.37777777777777777,0.24444444444444452,0.1533888244515449
Spawrious GCI,44,Random,194,1 4 5 6 9 12 18 22 23,2,1,6,0.8804102868129797,0.37777777777777777,0.22222222222222227,0.14591249001833906
Spawrious GCI,44,Random,195,1 2 9 10 12 13 15 21 23,2,0,7,0.9262025893247393,0.5555555555555556,0.3111111111111111,0.19170479253009864
Spawrious GCI,44,Random,196,0 6 7 10 13 14 16 20 22,2,1,6,0.8878866212461856,0.37777777777777777,0.24444444444444452,0.1533888244515449
Spawrious GCI,44,Random,197,4 5 6 8 12 14 15 18 20,1,1,7,0.9157607427932156,0.37777777777777777,0.30000000000000004,0.18126294599857495
Spawrious GCI,44,Random,198,1 2 3 6 7 8 9 10 11,0,0,9,0.7344977967946407,0.2,0.0,0.0
Spawrious GCI,44,Random,199,2 3 7 10 14 18 19 20 22,2,2,5,0.9118048874822922,0.37777777777777777,0.288888888888889,0.1773070906876515
Spawrious GCI,44,Random,200,2 4 5 7 11 14 15 20 23,2,0,7,0.9262025893247393,0.5555555555555556,0.3111111111111111,0.19170479253009864
Spawrious GCI,42,FedDiverse,1,0 1 6 15 17 18 19 21 23,2,3,4,0.9855927945614879,0.7333333333333333,0.4222222222222223,0.2510949977668472
Spawrious GCI,42,FedDiverse,2,1 5 11 15 16 17 18 20 21,2,3,4,0.9758204977082781,0.7333333333333333,0.4,0.2413227009136374
Spawrious GCI,42,FedDiverse,3,3 6 9 15 16 17 18 20 21,2,3,4,0.9758204977082781,0.7333333333333333,0.4,0.2413227009136374
Spawrious GCI,42,FedDiverse,4,1 6 10 15 16 17 18 20 21,2,3,4,0.9758204977082781,0.7333333333333333,0.4,0.2413227009136374
Spawrious GCI,42,FedDiverse,5,1 3 6 7 9 17 18 21 23,2,2,5,0.9262025893247393,0.5555555555555556,0.3111111111111111,0.19170479253009864
Spawrious GCI,42,FedDiverse,6,1 4 6 15 16 17 18 20 21,2,3,4,0.9758204977082781,0.7333333333333333,0.4,0.2413227009136374
Spawrious GCI,42,FedDiverse,7,4 6 11 15 16 17 18 19 21,1,4,4,0.9855927945614879,0.7333333333333333,0.4222222222222223,0.2510949977668472
Spawrious GCI,42,FedDiverse,8,1 3 6 11 15 17 18 21 23,2,2,5,0.9740391217969527,0.7333333333333333,0.4000000000000001,0.23954132500231207
Spawrious GCI,42,FedDiverse,9,4 7 13 16 17 18 19 21 23,2,4,3,0.9740391217969527,0.7333333333333333,0.4000000000000001,0.23954132500231207
Spawrious GCI,42,FedDiverse,10,2 4 11 16 17 18 19 21 23,2,4,3,0.9740391217969527,0.7333333333333333,0.4000000000000001,0.23954132500231207
Spawrious GCI,42,FedDiverse,11,1 2 4 6 7 17 18 21 23,2,2,5,0.9262025893247393,0.5555555555555556,0.3111111111111111,0.19170479253009864
Spawrious GCI,42,FedDiverse,12,2 6 8 15 16 17 18 21 23,2,3,4,0.9855927945614879,0.7333333333333333,0.4222222222222223,0.2510949977668472
Spawrious GCI,42,FedDiverse,13,1 6 10 12 15 17 18 21 23,2,2,5,0.9740391217969527,0.7333333333333333,0.4000000000000001,0.23954132500231207
Spawrious GCI,42,FedDiverse,14,1 6 7 13 15 16 17 18 21,1,3,5,0.9695245979255245,0.7333333333333333,0.38888888888888895,0.2350268011308838
Spawrious GCI,42,FedDiverse,15,1 2 6 14 15 16 17 18 21,1,3,5,0.9695245979255245,0.7333333333333333,0.38888888888888895,0.2350268011308838
Spawrious GCI,42,FedDiverse,16,1 4 6 11 16 17 18 19 21,1,4,4,0.950120855560846,0.5555555555555556,0.3555555555555556,0.21562305876620536
Spawrious GCI,42,FedDiverse,17,0 2 6 12 16 17 18 19 21,1,4,4,0.950120855560846,0.5555555555555556,0.3555555555555556,0.21562305876620536
Spawrious GCI,42,FedDiverse,18,1 5 6 7 8 17 18 21 23,2,2,5,0.9262025893247393,0.5555555555555556,0.3111111111111111,0.19170479253009864
Spawrious GCI,42,FedDiverse,19,3 4 10 16 17 18 19 21 23,2,4,3,0.9740391217969527,0.7333333333333333,0.4000000000000001,0.23954132500231207
Spawrious GCI,42,FedDiverse,20,1 5 6 12 17 18 20 21 23,3,2,4,0.950120855560846,0.5555555555555556,0.3555555555555556,0.21562305876620536
Spawrious GCI,42,FedDiverse,21,1 2 3 4 6 17 18 21 23,2,2,5,0.9262025893247393,0.5555555555555556,0.3111111111111111,0.19170479253009864
Spawrious GCI,42,FedDiverse,22,4 10 15 16 17 18 19 21 23,2,4,3,0.9971464673260229,0.9111111111111111,0.4444444444444444,0.2626486705313822
Spawrious GCI,42,FedDiverse,23,1 4 6 8 14 17 18 21 23,2,2,5,0.9262025893247393,0.5555555555555556,0.3111111111111111,0.19170479253009864
Spawrious GCI,42,FedDiverse,24,3 6 14 15 16 17 18 21 22,2,3,4,0.9855927945614879,0.7333333333333333,0.4222222222222223,0.2510949977668472
Spawrious GCI,42,FedDiverse,25,6 8 9 12 16 17 18 19 21,1,4,4,0.950120855560846,0.5555555555555556,0.3555555555555556,0.21562305876620536
Spawrious GCI,42,FedDiverse,26,0 6 9 10 16 17 18 19 21,1,4,4,0.950120855560846,0.5555555555555556,0.3555555555555556,0.21562305876620536
Spawrious GCI,42,FedDiverse,27,1 3 6 13 15 17 18 21 23,2,2,5,0.9740391217969527,0.7333333333333333,0.4000000000000001,0.23954132500231207
Spawrious GCI,42,FedDiverse,28,1 4 6 9 16 17 18 21 23,2,3,4,0.950120855560846,0.5555555555555556,0.3555555555555556,0.21562305876620536
Spawrious GCI,42,FedDiverse,29,4 6 15 16 17 18 20 21 22,3,3,3,0.9918886943442414,0.9111111111111111,0.4333333333333334,0.25739089754960076
Spawrious GCI,42,FedDiverse,30,1 3 6 11 15 17 18 21 23,2,2,5,0.9740391217969527,0.7333333333333333,0.4000000000000001,0.23954132500231207
Spawrious GCI,42,FedDiverse,31,4 14 15 16 17 18 19 21 23,2,4,3,0.9971464673260229,0.9111111111111111,0.4444444444444444,0.2626486705313822
Spawrious GCI,42,FedDiverse,32,3 4 14 16 17 18 19 21 23,2,4,3,0.9740391217969527,0.7333333333333333,0.4000000000000001,0.23954132500231207
Spawrious GCI,42,FedDiverse,33,3 9 10 16 17 18 19 21 23,2,4,3,0.9740391217969527,0.7333333333333333,0.4000000000000001,0.23954132500231207
Spawrious GCI,42,FedDiverse,34,1 6 10 15 17 18 20 21 23,3,2,4,0.9855927945614879,0.7333333333333333,0.4222222222222223,0.2510949977668472
Spawrious GCI,42,FedDiverse,35,1 4 6 11 12 13 18 21 23,2,1,6,0.8878866212461854,0.37777777777777777,0.24444444444444452,0.15338882445154478
Spawrious GCI,42,FedDiverse,36,2 3 6 14 15 16 17 18 21,1,3,5,0.9695245979255245,0.7333333333333333,0.38888888888888895,0.2350268011308838
Spawrious GCI,42,FedDiverse,37,1 5 6 15 16 17 18 19 21,1,4,4,0.9855927945614879,0.7333333333333333,0.4222222222222223,0.2510949977668472
Spawrious GCI,42,FedDiverse,38,6 11 12 16 17 18 19 21 23,2,4,3,0.9740391217969527,0.7333333333333333,0.4000000000000001,0.23954132500231207
Spawrious GCI,42,FedDiverse,39,1 6 7 8 11 17 18 19 21,1,3,5,0.9157607427932156,0.37777777777777777,0.30000000000000004,0.18126294599857495
Spawrious GCI,42,FedDiverse,40,1 5 11 15 16 17 18 21 23,2,3,4,0.9855927945614879,0.7333333333333333,0.4222222222222223,0.2510949977668472
Spawrious GCI,42,FedDiverse,41,1 6 7 11 12 15 18 21 23,2,1,6,0.950120855560846,0.5555555555555556,0.3555555555555556,0.21562305876620536
Spawrious GCI,42,FedDiverse,42,6 12 13 15 16 17 18 20 21,2,3,4,0.9758204977082781,0.7333333333333333,0.4,0.2413227009136374
Spawrious GCI,42,FedDiverse,43,0 1 6 13 15 17 18 20 21,2,2,5,0.9616745283253811,0.5555555555555556,0.3777777777777778,0.22717673153074047
Spawrious GCI,42,FedDiverse,44,0 6 9 15 16 17 18 21 23,2,3,4,0.9855927945614879,0.7333333333333333,0.4222222222222223,0.2510949977668472
Spawrious GCI,42,FedDiverse,45,1 3 6 10 15 17 18 20 21,2,2,5,0.9616745283253811,0.5555555555555556,0.3777777777777778,0.22717673153074047
Spawrious GCI,42,FedDiverse,46,1 6 7 10 15 17 18 19 21,1,3,5,0.9661890521968094,0.5555555555555556,0.38888888888888895,0.23169125540216873
Spawrious GCI,42,FedDiverse,47,3 6 13 15 16 17 18 21 23,2,3,4,0.9855927945614879,0.7333333333333333,0.4222222222222223,0.2510949977668472
Spawrious GCI,42,FedDiverse,48,1 3 6 8 9 17 18 21 23,2,2,5,0.9262025893247393,0.5555555555555556,0.3111111111111111,0.19170479253009864
Spawrious GCI,42,FedDiverse,49,4 10 13 16 17 18 19 21 23,2,4,3,0.9740391217969527,0.7333333333333333,0.4000000000000001,0.23954132500231207
Spawrious GCI,42,FedDiverse,50,1 2 4 6 16 17 18 21 23,2,3,4,0.950120855560846,0.5555555555555556,0.3555555555555556,0.21562305876620536
Spawrious GCI,42,FedDiverse,51,1 6 8 10 11 17 18 21 23,2,2,5,0.9262025893247393,0.5555555555555556,0.3111111111111111,0.19170479253009864
Spawrious GCI,42,FedDiverse,52,6 7 13 15 16 17 18 20 21,2,3,4,0.9758204977082781,0.7333333333333333,0.4,0.2413227009136374
Spawrious GCI,42,FedDiverse,53,3 6 13 15 16 17 18 20 21,2,3,4,0.9758204977082781,0.7333333333333333,0.4,0.2413227009136374
Spawrious GCI,42,FedDiverse,54,3 7 9 16 17 18 19 21 23,2,4,3,0.9740391217969527,0.7333333333333333,0.4000000000000001,0.23954132500231207
Spawrious GCI,42,FedDiverse,55,1 3 6 14 16 17 18 19 21,1,4,4,0.950120855560846,0.5555555555555556,0.3555555555555556,0.21562305876620536
Spawrious GCI,42,FedDiverse,56,3 5 6 11 16 17 18 19 21,1,4,4,0.950120855560846,0.5555555555555556,0.3555555555555556,0.21562305876620536
Spawrious GCI,42,FedDiverse,57,0 2 6 16 17 18 19 21 23,2,4,3,0.9740391217969527,0.7333333333333333,0.4000000000000001,0.23954132500231207
Spawrious GCI,42,FedDiverse,58,1 6 8 11 16 17 18 19 21,1,4,4,0.950120855560846,0.5555555555555556,0.3555555555555556,0.21562305876620536
Spawrious GCI,42,FedDiverse,59,0 1 6 10 15 17 18 21 22,2,2,5,0.9740391217969527,0.7333333333333333,0.4000000000000001,0.23954132500231207
Spawrious GCI,42,FedDiverse,60,1 5 6 9 10 17 18 21 23,2,2,5,0.9262025893247393,0.5555555555555556,0.3111111111111111,0.19170479253009864
Spawrious GCI,42,FedDiverse,61,2 9 13 16 17 18 19 21 23,2,4,3,0.9740391217969527,0.7333333333333333,0.4000000000000001,0.23954132500231207
Spawrious GCI,42,FedDiverse,62,1 6 10 11 15 17 18 21 23,2,2,5,0.9740391217969527,0.7333333333333333,0.4000000000000001,0.23954132500231207
Spawrious GCI,42,FedDiverse,63,1 6 9 10 16 17 18 21 23,2,3,4,0.950120855560846,0.5555555555555556,0.3555555555555556,0.21562305876620536
Spawrious GCI,42,FedDiverse,64,1 6 8 15 17 18 21 22 23,3,2,4,0.9855927945614879,0.7333333333333333,0.4222222222222223,0.2510949977668472
Spawrious GCI,42,FedDiverse,65,1 2 4 6 15 17 18 21 23,2,2,5,0.9740391217969527,0.7333333333333333,0.4000000000000001,0.23954132500231207
Spawrious GCI,42,FedDiverse,66,1 9 11 15 16 17 18 21 23,2,3,4,0.9855927945614879,0.7333333333333333,0.4222222222222223,0.2510949977668472
Spawrious GCI,42,FedDiverse,67,1 4 6 12 15 17 18 21 23,2,2,5,0.9740391217969527,0.7333333333333333,0.4000000000000001,0.23954132500231207
Spawrious GCI,42,FedDiverse,68,6 11 13 15 16 17 18 19 21,1,4,4,0.9855927945614879,0.7333333333333333,0.4222222222222223,0.2510949977668472
Spawrious GCI,42,FedDiverse,69,6 8 12 15 16 17 18 20 21,2,3,4,0.9758204977082781,0.7333333333333333,0.4,0.2413227009136374
Spawrious GCI,42,FedDiverse,70,1 3 6 7 9 17 18 21 23,2,2,5,0.9262025893247393,0.5555555555555556,0.3111111111111111,0.19170479253009864
Spawrious GCI,42,FedDiverse,71,5 6 9 15 16 17 18 21 22,2,3,4,0.9855927945614879,0.7333333333333333,0.4222222222222223,0.2510949977668472
Spawrious GCI,42,FedDiverse,72,0 2 6 15 16 17 18 19 21,1,4,4,0.9855927945614879,0.7333333333333333,0.4222222222222223,0.2510949977668472
Spawrious GCI,42,FedDiverse,73,4 6 7 8 16 17 18 19 21,1,4,4,0.950120855560846,0.5555555555555556,0.3555555555555556,0.21562305876620536
Spawrious GCI,42,FedDiverse,74,1 3 6 13 15 17 18 21 23,2,2,5,0.9740391217969527,0.7333333333333333,0.4000000000000001,0.23954132500231207
Spawrious GCI,42,FedDiverse,75,1 4 6 10 15 17 18 21 22,2,2,5,0.9740391217969527,0.7333333333333333,0.4000000000000001,0.23954132500231207
Spawrious GCI,42,FedDiverse,76,0 1 6 7 10 13 18 21 23,2,1,6,0.8878866212461854,0.37777777777777777,0.24444444444444452,0.15338882445154478
Spawrious GCI,42,FedDiverse,77,1 3 6 9 15 16 17 18 19,0,4,5,0.9740391217969527,0.7333333333333333,0.4000000000000001,0.23954132500231207
Spawrious GCI,42,FedDiverse,78,5 10 14 16 17 18 19 21 23,2,4,3,0.9740391217969527,0.7333333333333333,0.4000000000000001,0.23954132500231207
Spawrious GCI,42,FedDiverse,79,6 10 13 16 17 18 19 21 23,2,4,3,0.9740391217969527,0.7333333333333333,0.4000000000000001,0.23954132500231207
Spawrious GCI,42,FedDiverse,80,1 4 6 12 17 18 20 21 23,3,2,4,0.950120855560846,0.5555555555555556,0.3555555555555556,0.21562305876620536
Spawrious GCI,42,FedDiverse,81,1 6 13 14 15 16 17 18 22,1,3,5,0.9661890521968094,0.5555555555555556,0.38888888888888895,0.23169125540216873
Spawrious GCI,42,FedDiverse,82,2 6 11 15 16 17 18 19 21,1,4,4,0.9855927945614879,0.7333333333333333,0.4222222222222223,0.2510949977668472
Spawrious GCI,42,FedDiverse,83,1 3 6 11 13 15 18 21 23,2,1,6,0.950120855560846,0.5555555555555556,0.3555555555555556,0.21562305876620536
Spawrious GCI,42,FedDiverse,84,2 5 6 8 16 17 18 19 21,1,4,4,0.950120855560846,0.5555555555555556,0.3555555555555556,0.21562305876620536
Spawrious GCI,42,FedDiverse,85,1 6 9 10 15 17 18 20 21,2,2,5,0.9616745283253811,0.5555555555555556,0.3777777777777778,0.22717673153074047
Spawrious GCI,42,FedDiverse,86,6 10 11 13 16 17 18 19 21,1,4,4,0.950120855560846,0.5555555555555556,0.3555555555555556,0.21562305876620536
Spawrious GCI,42,FedDiverse,87,0 1 4 6 15 17 18 21 22,2,2,5,0.9740391217969527,0.7333333333333333,0.4000000000000001,0.23954132500231207
Spawrious GCI,42,FedDiverse,88,3 5 9 16 17 18 19 21 23,2,4,3,0.9740391217969527,0.7333333333333333,0.4000000000000001,0.23954132500231207
Spawrious GCI,42,FedDiverse,89,1 6 11 12 15 17 18 21 23,2,2,5,0.9740391217969527,0.7333333333333333,0.4000000000000001,0.23954132500231207
Spawrious GCI,42,FedDiverse,90,1 3 6 11 15 17 18 21 23,2,2,5,0.9740391217969527,0.7333333333333333,0.4000000000000001,0.23954132500231207
Spawrious GCI,42,FedDiverse,91,1 6 13 14 15 17 18 20 21,2,2,5,0.9616745283253811,0.5555555555555556,0.3777777777777778,0.22717673153074047
Spawrious GCI,42,FedDiverse,92,4 7 9 16 17 18 19 21 23,2,4,3,0.9740391217969527,0.7333333333333333,0.4000000000000001,0.23954132500231207
Spawrious GCI,42,FedDiverse,93,0 1 3 6 10 11 18 21 23,2,1,6,0.8878866212461854,0.37777777777777777,0.24444444444444452,0.15338882445154478
Spawrious GCI,42,FedDiverse,94,0 6 7 15 16 17 18 21 22,2,3,4,0.9855927945614879,0.7333333333333333,0.4222222222222223,0.2510949977668472
Spawrious GCI,42,FedDiverse,95,1 2 6 10 16 17 18 19 21,1,4,4,0.950120855560846,0.5555555555555556,0.3555555555555556,0.21562305876620536
Spawrious GCI,42,FedDiverse,96,6 12 13 15 16 17 18 21 23,2,3,4,0.9855927945614879,0.7333333333333333,0.4222222222222223,0.2510949977668472
Spawrious GCI,42,FedDiverse,97,1 6 12 14 15 17 18 20 21,2,2,5,0.9616745283253811,0.5555555555555556,0.3777777777777778,0.22717673153074047
Spawrious GCI,42,FedDiverse,98,6 9 10 13 15 16 17 18 22,1,3,5,0.9661890521968094,0.5555555555555556,0.38888888888888895,0.23169125540216873
Spawrious GCI,42,FedDiverse,99,1 6 7 15 17 18 20 21 23,3,2,4,0.9855927945614879,0.7333333333333333,0.4222222222222223,0.2510949977668472
Spawrious GCI,42,FedDiverse,100,1 2 7 8 16 17 18 21 23,2,3,4,0.950120855560846,0.5555555555555556,0.3555555555555556,0.21562305876620536
Spawrious GCI,42,FedDiverse,101,1 4 6 11 14 17 18 21 23,2,2,5,0.9262025893247393,0.5555555555555556,0.3111111111111111,0.19170479253009864
Spawrious GCI,42,FedDiverse,102,1 5 6 7 14 15 18 21 23,2,1,6,0.950120855560846,0.5555555555555556,0.3555555555555556,0.21562305876620536
Spawrious GCI,42,FedDiverse,103,9 10 11 16 17 18 19 21 23,2,4,3,0.9740391217969527,0.7333333333333333,0.4000000000000001,0.23954132500231207
Spawrious GCI,42,FedDiverse,104,1 2 9 15 16 17 18 21 23,2,3,4,0.9855927945614879,0.7333333333333333,0.4222222222222223,0.2510949977668472
Spawrious GCI,42,FedDiverse,105,0 5 11 16 17 18 19 21 23,2,4,3,0.9740391217969527,0.7333333333333333,0.4000000000000001,0.23954132500231207
Spawrious GCI,42,FedDiverse,106,6 7 9 13 16 17 18 19 21,1,4,4,0.950120855560846,0.5555555555555556,0.3555555555555556,0.21562305876620536
Spawrious GCI,42,FedDiverse,107,3 4 15 16 17 18 19 21 23,2,4,3,0.9971464673260229,0.9111111111111111,0.4444444444444444,0.2626486705313822
Spawrious GCI,42,FedDiverse,108,3 4 10 16 17 18 19 21 23,2,4,3,0.9740391217969527,0.7333333333333333,0.4000000000000001,0.23954132500231207
Spawrious GCI,42,FedDiverse,109,6 10 15 16 17 18 20 21 23,3,3,3,0.9918886943442414,0.9111111111111111,0.4333333333333334,0.25739089754960076
Spawrious GCI,42,FedDiverse,110,1 5 12 15 16 17 18 19 21,1,4,4,0.9855927945614879,0.7333333333333333,0.4222222222222223,0.2510949977668472
Spawrious GCI,42,FedDiverse,111,1 2 6 14 16 17 18 21 23,2,3,4,0.950120855560846,0.5555555555555556,0.3555555555555556,0.21562305876620536
Spawrious GCI,42,FedDiverse,112,12 14 15 16 17 18 19 21 23,2,4,3,0.9971464673260229,0.9111111111111111,0.4444444444444444,0.2626486705313822
Spawrious GCI,42,FedDiverse,113,1 6 13 15 16 17 18 21 22,2,3,4,0.9855927945614879,0.7333333333333333,0.4222222222222223,0.2510949977668472
Spawrious GCI,42,FedDiverse,114,0 1 6 7 10 17 18 19 21,1,3,5,0.9157607427932156,0.37777777777777777,0.30000000000000004,0.18126294599857495
Spawrious GCI,42,FedDiverse,115,1 2 6 7 13 17 18 21 23,2,2,5,0.9262025893247393,0.5555555555555556,0.3111111111111111,0.19170479253009864
Spawrious GCI,42,FedDiverse,116,5 6 13 15 16 17 18 21 23,2,3,4,0.9855927945614879,0.7333333333333333,0.4222222222222223,0.2510949977668472
Spawrious GCI,42,FedDiverse,117,1 5 6 7 15 17 18 21 23,2,2,5,0.9740391217969527,0.7333333333333333,0.4000000000000001,0.23954132500231207
Spawrious GCI,42,FedDiverse,118,1 3 6 11 15 16 17 18 19,0,4,5,0.9740391217969527,0.7333333333333333,0.4000000000000001,0.23954132500231207
Spawrious GCI,42,FedDiverse,119,6 7 13 15 16 17 18 21 22,2,3,4,0.9855927945614879,0.7333333333333333,0.4222222222222223,0.2510949977668472
Spawrious GCI,42,FedDiverse,120,1 3 6 9 13 17 18 21 23,2,2,5,0.9262025893247393,0.5555555555555556,0.3111111111111111,0.19170479253009864
Spawrious GCI,42,FedDiverse,121,7 9 14 16 17 18 19 21 23,2,4,3,0.9740391217969527,0.7333333333333333,0.4000000000000001,0.23954132500231207
Spawrious GCI,42,FedDiverse,122,1 4 6 11 12 17 18 21 23,2,2,5,0.9262025893247393,0.5555555555555556,0.3111111111111111,0.19170479253009864
Spawrious GCI,42,FedDiverse,123,1 6 10 11 12 17 18 21 23,2,2,5,0.9262025893247393,0.5555555555555556,0.3111111111111111,0.19170479253009864
Spawrious GCI,42,FedDiverse,124,10 13 14 16 17 18 19 21 23,2,4,3,0.9740391217969527,0.7333333333333333,0.4000000000000001,0.23954132500231207
Spawrious GCI,42,FedDiverse,125,3 11 15 16 17 18 19 21 23,2,4,3,0.9971464673260229,0.9111111111111111,0.4444444444444444,0.2626486705313822
Spawrious GCI,42,FedDiverse,126,1 6 7 10 15 17 18 21 23,2,2,5,0.9740391217969527,0.7333333333333333,0.4000000000000001,0.23954132500231207
Spawrious GCI,42,FedDiverse,127,2 6 13 15 16 17 18 19 20,1,4,4,0.9855927945614879,0.7333333333333333,0.4222222222222223,0.2510949977668472
Spawrious GCI,42,FedDiverse,128,1 6 8 15 17 18 20 21 22,3,2,4,0.9855927945614879,0.7333333333333333,0.4222222222222223,0.2510949977668472
Spawrious GCI,42,FedDiverse,129,1 3 5 6 15 17 18 21 23,2,2,5,0.9740391217969527,0.7333333333333333,0.4000000000000001,0.23954132500231207
Spawrious GCI,42,FedDiverse,130,1 6 9 11 16 17 18 21 23,2,3,4,0.950120855560846,0.5555555555555556,0.3555555555555556,0.21562305876620536
Spawrious GCI,42,FedDiverse,131,1 2 6 7 17 18 20 21 23,3,2,4,0.950120855560846,0.5555555555555556,0.3555555555555556,0.21562305876620536
Spawrious GCI,42,FedDiverse,132,1 6 9 10 15 17 18 21 22,2,2,5,0.9740391217969527,0.7333333333333333,0.4000000000000001,0.23954132500231207
Spawrious GCI,42,FedDiverse,133,1 2 5 6 15 16 17 18 23,1,3,5,0.9661890521968094,0.5555555555555556,0.38888888888888895,0.23169125540216873
Spawrious GCI,42,FedDiverse,134,1 6 13 15 16 17 18 21 22,2,3,4,0.9855927945614879,0.7333333333333333,0.4222222222222223,0.2510949977668472
Spawrious GCI,42,FedDiverse,135,1 4 5 6 15 17 18 20 21,2,2,5,0.9616745283253811,0.5555555555555556,0.3777777777777778,0.22717673153074047
Spawrious GCI,42,FedDiverse,136,1 6 8 11 16 17 18 19 21,1,4,4,0.950120855560846,0.5555555555555556,0.3555555555555556,0.21562305876620536
Spawrious GCI,42,FedDiverse,137,1 6 9 10 13 17 18 21 23,2,2,5,0.9262025893247393,0.5555555555555556,0.3111111111111111,0.19170479253009864
Spawrious GCI,42,FedDiverse,138,1 3 6 9 10 17 18 21 23,2,2,5,0.9262025893247393,0.5555555555555556,0.3111111111111111,0.19170479253009864
Spawrious GCI,42,FedDiverse,139,1 6 8 11 16 17 18 19 21,1,4,4,0.950120855560846,0.5555555555555556,0.3555555555555556,0.21562305876620536
Spawrious GCI,42,FedDiverse,140,0 1 6 8 10 17 18 21 23,2,2,5,0.9262025893247393,0.5555555555555556,0.3111111111111111,0.19170479253009864
Spawrious GCI,42,FedDiverse,141,3 4 6 11 16 17 18 19 21,1,4,4,0.950120855560846,0.5555555555555556,0.3555555555555556,0.21562305876620536
Spawrious GCI,42,FedDiverse,142,1 5 8 11 16 17 18 21 23,2,3,4,0.950120855560846,0.5555555555555556,0.3555555555555556,0.21562305876620536
Spawrious GCI,42,FedDiverse,143,1 8 10 11 16 17 18 21 23,2,3,4,0.950120855560846,0.5555555555555556,0.3555555555555556,0.21562305876620536
Spawrious GCI,42,FedDiverse,144,1 6 8 12 13 17 18 21 23,2,2,5,0.9262025893247393,0.5555555555555556,0.3111111111111111,0.19170479253009864
Spawrious GCI,42,FedDiverse,145,1 4 6 11 16 17 18 21 23,2,3,4,0.950120855560846,0.5555555555555556,0.3555555555555556,0.21562305876620536
Spawrious GCI,42,FedDiverse,146,0 2 4 16 17 18 19 21 23,2,4,3,0.9740391217969527,0.7333333333333333,0.4000000000000001,0.23954132500231207
Spawrious GCI,42,FedDiverse,147,1 6 8 13 15 16 17 18 22,1,3,5,0.9661890521968094,0.5555555555555556,0.38888888888888895,0.23169125540216873
Spawrious GCI,42,FedDiverse,148,1 2 7 15 16 17 18 19 21,1,4,4,0.9855927945614879,0.7333333333333333,0.4222222222222223,0.2510949977668472
Spawrious GCI,42,FedDiverse,149,1 3 5 6 16 17 18 19 21,1,4,4,0.950120855560846,0.5555555555555556,0.3555555555555556,0.21562305876620536
Spawrious GCI,42,FedDiverse,150,2 3 6 16 17 18 19 21 22,2,4,3,0.9740391217969527,0.7333333333333333,0.4000000000000001,0.23954132500231207
Spawrious GCI,42,FedDiverse,151,0 3 15 16 17 18 19 21 23,2,4,3,0.9971464673260229,0.9111111111111111,0.4444444444444444,0.2626486705313822
Spawrious GCI,42,FedDiverse,152,1 2 6 16 17 18 19 20 21,2,4,3,0.9616745283253811,0.5555555555555556,0.3777777777777778,0.22717673153074047
Spawrious GCI,42,FedDiverse,153,1 6 9 11 15 16 17 18 19,0,4,5,0.9740391217969527,0.7333333333333333,0.4000000000000001,0.23954132500231207
Spawrious GCI,42,FedDiverse,154,1 2 6 7 13 17 18 21 23,2,2,5,0.9262025893247393,0.5555555555555556,0.3111111111111111,0.19170479253009864
Spawrious GCI,42,FedDiverse,155,1 6 8 11 12 17 18 21 23,2,2,5,0.9262025893247393,0.5555555555555556,0.3111111111111111,0.19170479253009864
Spawrious GCI,42,FedDiverse,156,6 8 13 14 16 17 18 19 21,1,4,4,0.950120855560846,0.5555555555555556,0.3555555555555556,0.21562305876620536
Spawrious GCI,42,FedDiverse,157,1 2 4 6 10 17 18 21 23,2,2,5,0.9262025893247393,0.5555555555555556,0.3111111111111111,0.19170479253009864
Spawrious GCI,42,FedDiverse,158,1 5 6 11 15 16 17 18 23,1,3,5,0.9661890521968094,0.5555555555555556,0.38888888888888895,0.23169125540216873
Spawrious GCI,42,FedDiverse,159,1 6 7 11 16 17 18 21 23,2,3,4,0.950120855560846,0.5555555555555556,0.3555555555555556,0.21562305876620536
Spawrious GCI,42,FedDiverse,160,0 1 6 11 13 14 18 21 23,2,1,6,0.8878866212461854,0.37777777777777777,0.24444444444444452,0.15338882445154478
Spawrious GCI,42,FedDiverse,161,0 1 6 9 15 17 18 21 22,2,2,5,0.9740391217969527,0.7333333333333333,0.4000000000000001,0.23954132500231207
Spawrious GCI,42,FedDiverse,162,1 2 6 10 11 17 18 21 23,2,2,5,0.9262025893247393,0.5555555555555556,0.3111111111111111,0.19170479253009864
Spawrious GCI,42,FedDiverse,163,0 3 7 16 17 18 19 21 23,2,4,3,0.9740391217969527,0.7333333333333333,0.4000000000000001,0.23954132500231207
Spawrious GCI,42,FedDiverse,164,5 10 12 16 17 18 19 21 23,2,4,3,0.9740391217969527,0.7333333333333333,0.4000000000000001,0.23954132500231207
Spawrious GCI,42,FedDiverse,165,1 6 7 8 16 17 18 19 21,1,4,4,0.950120855560846,0.5555555555555556,0.3555555555555556,0.21562305876620536
Spawrious GCI,42,FedDiverse,166,1 4 5 6 7 11 18 21 23,2,1,6,0.8878866212461854,0.37777777777777777,0.24444444444444452,0.15338882445154478
Spawrious GCI,42,FedDiverse,167,1 6 8 12 15 17 18 21 23,2,2,5,0.9740391217969527,0.7333333333333333,0.4000000000000001,0.23954132500231207
Spawrious GCI,42,FedDiverse,168,1 5 6 15 17 18 20 21 23,3,2,4,0.9855927945614879,0.7333333333333333,0.4222222222222223,0.2510949977668472
Spawrious GCI,42,FedDiverse,169,0 1 5 6 11 13 18 21 23,2,1,6,0.8878866212461854,0.37777777777777777,0.24444444444444452,0.15338882445154478
Spawrious GCI,42,FedDiverse,170,1 6 12 15 17 18 19 20 21,2,3,4,0.9714468251785908,0.5555555555555556,0.4000000000000001,0.23694902838395016
Spawrious GCI,42,FedDiverse,171,1 2 6 11 14 17 18 19 21,1,3,5,0.9157607427932156,0.37777777777777777,0.30000000000000004,0.18126294599857495
Spawrious GCI,42,FedDiverse,172,4 12 13 16 17 18 19 21 23,2,4,3,0.9740391217969527,0.7333333333333333,0.4000000000000001,0.23954132500231207
Spawrious GCI,42,FedDiverse,173,3 6 11 15 16 17 18 21 23,2,3,4,0.9855927945614879,0.7333333333333333,0.4222222222222223,0.2510949977668472
Spawrious GCI,42,FedDiverse,174,2 6 11 15 16 17 18 19 21,1,4,4,0.9855927945614879,0.7333333333333333,0.4222222222222223,0.2510949977668472
Spawrious GCI,42,FedDiverse,175,1 6 9 12 16 17 18 21 23,2,3,4,0.950120855560846,0.5555555555555556,0.3555555555555556,0.21562305876620536
Spawrious GCI,42,FedDiverse,176,1 6 7 15 17 18 20 21 23,3,2,4,0.9855927945614879,0.7333333333333333,0.4222222222222223,0.2510949977668472
Spawrious GCI,42,FedDiverse,177,4 6 12 15 16 17 18 21 23,2,3,4,0.9855927945614879,0.7333333333333333,0.4222222222222223,0.2510949977668472
Spawrious GCI,42,FedDiverse,178,1 6 7 14 15 17 18 19 21,1,3,5,0.9661890521968094,0.5555555555555556,0.38888888888888895,0.23169125540216873
Spawrious GCI,42,FedDiverse,179,1 2 6 7 13 17 18 21 23,2,2,5,0.9262025893247393,0.5555555555555556,0.3111111111111111,0.19170479253009864
Spawrious GCI,42,FedDiverse,180,1 3 6 11 16 17 18 21 23,2,3,4,0.950120855560846,0.5555555555555556,0.3555555555555556,0.21562305876620536
Spawrious GCI,42,FedDiverse,181,4 6 10 11 16 17 18 19 21,1,4,4,0.950120855560846,0.5555555555555556,0.3555555555555556,0.21562305876620536
Spawrious GCI,42,FedDiverse,182,6 8 12 16 17 18 19 21 23,2,4,3,0.9740391217969527,0.7333333333333333,0.4000000000000001,0.23954132500231207
Spawrious GCI,42,FedDiverse,183,1 6 8 13 15 16 17 18 21,1,3,5,0.9695245979255245,0.7333333333333333,0.38888888888888895,0.2350268011308838
Spawrious GCI,42,FedDiverse,184,2 6 10 15 16 17 18 19 21,1,4,4,0.9855927945614879,0.7333333333333333,0.4222222222222223,0.2510949977668472
Spawrious GCI,42,FedDiverse,185,1 3 6 11 12 16 18 21 23,2,2,5,0.9262025893247393,0.5555555555555556,0.3111111111111111,0.19170479253009864
Spawrious GCI,42,FedDiverse,186,1 2 9 15 16 17 18 21 22,2,3,4,0.9855927945614879,0.7333333333333333,0.4222222222222223,0.2510949977668472
Spawrious GCI,42,FedDiverse,187,1 5 6 15 16 17 18 19 20,1,4,4,0.9855927945614879,0.7333333333333333,0.4222222222222223,0.2510949977668472
Spawrious GCI,42,FedDiverse,188,4 9 14 16 17 18 19 21 23,2,4,3,0.9740391217969527,0.7333333333333333,0.4000000000000001,0.23954132500231207
Spawrious GCI,42,FedDiverse,189,1 5 6 11 15 17 18 21 23,2,2,5,0.9740391217969527,0.7333333333333333,0.4000000000000001,0.23954132500231207
Spawrious GCI,42,FedDiverse,190,3 5 6 9 16 17 18 19 21,1,4,4,0.950120855560846,0.5555555555555556,0.3555555555555556,0.21562305876620536
Spawrious GCI,42,FedDiverse,191,1 6 15 16 17 18 20 21 23,3,3,3,0.9918886943442414,0.9111111111111111,0.4333333333333334,0.25739089754960076
Spawrious GCI,42,FedDiverse,192,1 6 10 13 15 16 17 18 22,1,3,5,0.9661890521968094,0.5555555555555556,0.38888888888888895,0.23169125540216873
Spawrious GCI,42,FedDiverse,193,0 6 11 15 16 17 18 21 23,2,3,4,0.9855927945614879,0.7333333333333333,0.4222222222222223,0.2510949977668472
Spawrious GCI,42,FedDiverse,194,1 3 6 10 15 17 18 20 21,2,2,5,0.9616745283253811,0.5555555555555556,0.3777777777777778,0.22717673153074047
Spawrious GCI,42,FedDiverse,195,1 4 6 11 13 17 18 21 23,2,2,5,0.9262025893247393,0.5555555555555556,0.3111111111111111,0.19170479253009864
Spawrious GCI,42,FedDiverse,196,1 6 10 15 16 17 18 19 21,1,4,4,0.9855927945614879,0.7333333333333333,0.4222222222222223,0.2510949977668472
Spawrious GCI,42,FedDiverse,197,0 1 6 8 13 17 18 21 23,2,2,5,0.9262025893247393,0.5555555555555556,0.3111111111111111,0.19170479253009864
Spawrious GCI,42,FedDiverse,198,1 6 7 10 11 12 18 21 23,2,1,6,0.8878866212461854,0.37777777777777777,0.24444444444444452,0.15338882445154478
Spawrious GCI,42,FedDiverse,199,1 2 6 11 15 16 17 18 19,0,4,5,0.9740391217969527,0.7333333333333333,0.4000000000000001,0.23954132500231207
Spawrious GCI,43,FedDiverse,1,3 6 9 16 17 19 20 21 23,3,3,3,0.9695245979255245,0.7333333333333333,0.38888888888888895,0.2350268011308838
Spawrious GCI,43,FedDiverse,2,0 2 3 7 8 16 18 20 23,2,2,5,0.9262025893247393,0.5555555555555556,0.3111111111111111,0.19170479253009864
Spawrious GCI,43,FedDiverse,3,3 9 15 16 17 20 21 22 23,4,2,3,0.9855927945614879,0.7333333333333333,0.4222222222222223,0.2510949977668472
Spawrious GCI,43,FedDiverse,4,1 2 4 16 17 19 20 21 23,3,3,3,0.9695245979255245,0.7333333333333333,0.38888888888888895,0.2350268011308838
Spawrious GCI,43,FedDiverse,5,2 9 10 15 16 17 20 21 23,3,2,4,0.9758204977082781,0.7333333333333333,0.40000000000000013,0.2413227009136374
Spawrious GCI,43,FedDiverse,6,0 2 8 15 16 17 18 20 23,2,3,4,0.9855927945614879,0.7333333333333333,0.4222222222222223,0.2510949977668472
Spawrious GCI,43,FedDiverse,7,1 2 7 8 11 15 16 20 23,2,1,6,0.950120855560846,0.5555555555555556,0.3555555555555556,0.21562305876620536
Spawrious GCI,43,FedDiverse,8,8 11 15 16 17 19 20 21 23,3,3,3,0.9918886943442414,0.9111111111111111,0.4333333333333334,0.25739089754960076
Spawrious GCI,43,FedDiverse,9,4 5 8 10 16 17 20 21 23,3,2,4,0.9416504763784943,0.5555555555555556,0.33333333333333337,0.20715267958385364
Spawrious GCI,43,FedDiverse,10,2 4 5 15 16 17 18 21 23,2,3,4,0.9855927945614879,0.7333333333333333,0.4222222222222223,0.2510949977668472
Spawrious GCI,43,FedDiverse,11,4 12 15 16 17 20 21 22 23,4,2,3,0.9855927945614879,0.7333333333333333,0.4222222222222223,0.2510949977668472
Spawrious GCI,43,FedDiverse,12,1 2 7 8 11 14 16 20 23,2,1,6,0.8878866212461856,0.37777777777777777,0.24444444444444452,0.1533888244515449
Spawrious GCI,43,FedDiverse,13,2 6 10 15 16 17 18 21 23,2,3,4,0.9855927945614879,0.7333333333333333,0.4222222222222223,0.2510949977668472
Spawrious GCI,43,FedDiverse,14,2 7 8 9 10 13 16 20 23,2,1,6,0.8878866212461856,0.37777777777777777,0.24444444444444452,0.1533888244515449
Spawrious GCI,43,FedDiverse,15,5 10 14 15 16 17 20 21 23,3,2,4,0.9758204977082781,0.7333333333333333,0.40000000000000013,0.2413227009136374
Spawrious GCI,43,FedDiverse,16,2 3 6 8 14 15 16 17 23,1,2,6,0.9318289394291791,0.37777777777777777,0.33333333333333337,0.19733114263453844
Spawrious GCI,43,FedDiverse,17,6 12 15 16 17 19 20 21 23,3,3,3,0.9918886943442414,0.9111111111111111,0.4333333333333334,0.25739089754960076
Spawrious GCI,43,FedDiverse,18,0 12 15 16 17 20 21 22 23,4,2,3,0.9855927945614879,0.7333333333333333,0.4222222222222223,0.2510949977668472
Spawrious GCI,43,FedDiverse,19,2 8 12 14 15 16 17 18 23,1,3,5,0.9661890521968094,0.5555555555555556,0.38888888888888895,0.23169125540216873
Spawrious GCI,43,FedDiverse,20,1 7 13 16 17 19 20 21 23,3,3,3,0.9695245979255245,0.7333333333333333,0.38888888888888895,0.2350268011308838
Spawrious GCI,43,FedDiverse,21,0 2 7 8 10 11 16 20 23,2,1,6,0.8878866212461856,0.37777777777777777,0.24444444444444452,0.1533888244515449
Spawrious GCI,43,FedDiverse,22,0 6 13 16 17 19 20 21 23,3,3,3,0.9695245979255245,0.7333333333333333,0.38888888888888895,0.2350268011308838
Spawrious GCI,43,FedDiverse,23,0 5 13 15 16 17 20 21 23,3,2,4,0.9758204977082781,0.7333333333333333,0.40000000000000013,0.2413227009136374
Spawrious GCI,43,FedDiverse,24,2 3 4 7 8 15 16 20 23,2,1,6,0.950120855560846,0.5555555555555556,0.3555555555555556,0.21562305876620536
Spawrious GCI,43,FedDiverse,25,2 4 8 12 15 16 17 21 23,2,2,5,0.9616745283253811,0.5555555555555556,0.3777777777777778,0.22717673153074047
Spawrious GCI,43,FedDiverse,26,3 5 8 12 16 17 20 21 23,3,2,4,0.9416504763784943,0.5555555555555556,0.33333333333333337,0.20715267958385364
Spawrious GCI,43,FedDiverse,27,3 9 13 16 17 19 20 21 23,3,3,3,0.9695245979255245,0.7333333333333333,0.38888888888888895,0.2350268011308838
Spawrious GCI,43,FedDiverse,28,2 5 13 15 16 17 18 21 23,2,3,4,0.9855927945614879,0.7333333333333333,0.4222222222222223,0.2510949977668472
Spawrious GCI,43,FedDiverse,29,1 2 7 8 9 12 16 20 23,2,1,6,0.8878866212461856,0.37777777777777777,0.24444444444444452,0.1533888244515449
Spawrious GCI,43,FedDiverse,30,7 11 15 16 17 19 20 21 23,3,3,3,0.9918886943442414,0.9111111111111111,0.4333333333333334,0.25739089754960076
Spawrious GCI,43,FedDiverse,31,2 5 9 16 17 19 20 21 23,3,3,3,0.9695245979255245,0.7333333333333333,0.38888888888888895,0.2350268011308838
Spawrious GCI,43,FedDiverse,32,2 8 14 15 16 17 19 21 23,2,3,4,0.9855927945614879,0.7333333333333333,0.4222222222222223,0.2510949977668472
Spawrious GCI,43,FedDiverse,33,2 6 8 12 15 16 17 22 23,2,2,5,0.9416012362823889,0.37777777777777777,0.35555555555555557,0.20710343948774823
Spawrious GCI,43,FedDiverse,34,4 11 15 16 17 19 20 21 23,3,3,3,0.9918886943442414,0.9111111111111111,0.4333333333333334,0.25739089754960076
Spawrious GCI,43,FedDiverse,35,2 6 7 8 10 13 16 20 23,2,1,6,0.8878866212461856,0.37777777777777777,0.24444444444444452,0.1533888244515449
Spawrious GCI,43,FedDiverse,36,3 5 14 16 17 19 20 21 23,3,3,3,0.9695245979255245,0.7333333333333333,0.38888888888888895,0.2350268011308838
Spawrious GCI,43,FedDiverse,37,1 2 14 15 16 17 20 21 23,3,2,4,0.9758204977082781,0.7333333333333333,0.40000000000000013,0.2413227009136374
Spawrious GCI,43,FedDiverse,38,2 6 8 13 15 16 17 19 23,1,3,5,0.9661890521968094,0.5555555555555556,0.38888888888888895,0.23169125540216873
Spawrious GCI,43,FedDiverse,39,3 5 8 13 16 17 20 21 23,3,2,4,0.9416504763784943,0.5555555555555556,0.33333333333333337,0.20715267958385364
Spawrious GCI,43,FedDiverse,40,2 5 10 12 16 17 20 21 23,3,2,4,0.9416504763784943,0.5555555555555556,0.33333333333333337,0.20715267958385364
Spawrious GCI,43,FedDiverse,41,1 3 6 16 17 19 20 21 23,3,3,3,0.9695245979255245,0.7333333333333333,0.38888888888888895,0.2350268011308838
Spawrious GCI,43,FedDiverse,42,0 2 7 8 15 16 17 19 23,1,3,5,0.9661890521968094,0.5555555555555556,0.38888888888888895,0.23169125540216873
Spawrious GCI,43,FedDiverse,43,2 3 8 12 15 16 17 20 23,2,2,5,0.9616745283253811,0.5555555555555556,0.3777777777777778,0.22717673153074047
Spawrious GCI,43,FedDiverse,44,5 7 14 16 17 19 20 21 23,3,3,3,0.9695245979255245,0.7333333333333333,0.38888888888888895,0.2350268011308838
Spawrious GCI,43,FedDiverse,45,5 9 14 15 16 17 20 21 23,3,2,4,0.9758204977082781,0.7333333333333333,0.40000000000000013,0.2413227009136374
Spawrious GCI,43,FedDiverse,46,2 7 8 10 11 12 16 20 23,2,1,6,0.8878866212461856,0.37777777777777777,0.24444444444444452,0.1533888244515449
Spawrious GCI,43,FedDiverse,47,2 5 8 15 16 17 20 21 23,3,2,4,0.9758204977082781,0.7333333333333333,0.40000000000000013,0.2413227009136374
Spawrious GCI,43,FedDiverse,48,1 9 15 16 17 20 21 22 23,4,2,3,0.9855927945614879,0.7333333333333333,0.4222222222222223,0.2510949977668472
Spawrious GCI,43,FedDiverse,49,2 5 14 16 17 19 20 21 23,3,3,3,0.9695245979255245,0.7333333333333333,0.38888888888888895,0.2350268011308838
Spawrious GCI,43,FedDiverse,50,2 3 4 15 16 17 20 21 23,3,2,4,0.9758204977082781,0.7333333333333333,0.40000000000000013,0.2413227009136374
Spawrious GCI,43,FedDiverse,51,2 10 13 15 16 17 20 21 23,3,2,4,0.9758204977082781,0.7333333333333333,0.40000000000000013,0.2413227009136374
Spawrious GCI,43,FedDiverse,52,2 8 13 14 15 16 17 18 23,1,3,5,0.9661890521968094,0.5555555555555556,0.38888888888888895,0.23169125540216873
Spawrious GCI,43,FedDiverse,53,2 3 11 15 16 17 18 21 23,2,3,4,0.9855927945614879,0.7333333333333333,0.4222222222222223,0.2510949977668472
Spawrious GCI,43,FedDiverse,54,2 6 7 8 10 14 16 20 23,2,1,6,0.8878866212461856,0.37777777777777777,0.24444444444444452,0.1533888244515449
Spawrious GCI,43,FedDiverse,55,0 9 11 16 17 19 20 21 23,3,3,3,0.9695245979255245,0.7333333333333333,0.38888888888888895,0.2350268011308838
Spawrious GCI,43,FedDiverse,56,2 12 15 16 17 20 21 22 23,4,2,3,0.9855927945614879,0.7333333333333333,0.4222222222222223,0.2510949977668472
Spawrious GCI,43,FedDiverse,57,1 2 6 7 8 10 16 20 23,2,1,6,0.8878866212461856,0.37777777777777777,0.24444444444444452,0.1533888244515449
Spawrious GCI,43,FedDiverse,58,3 6 7 16 17 19 20 21 23,3,3,3,0.9695245979255245,0.7333333333333333,0.38888888888888895,0.2350268011308838
Spawrious GCI,43,FedDiverse,59,4 7 13 16 17 19 20 21 23,3,3,3,0.9695245979255245,0.7333333333333333,0.38888888888888895,0.2350268011308838
Spawrious GCI,43,FedDiverse,60,2 8 13 14 15 16 17 20 23,2,2,5,0.9616745283253811,0.5555555555555556,0.3777777777777778,0.22717673153074047
Spawrious GCI,43,FedDiverse,61,5 8 14 15 16 17 20 21 23,3,2,4,0.9758204977082781,0.7333333333333333,0.40000000000000013,0.2413227009136374
Spawrious GCI,43,FedDiverse,62,2 5 7 8 9 15 16 20 23,2,1,6,0.950120855560846,0.5555555555555556,0.3555555555555556,0.21562305876620536
Spawrious GCI,43,FedDiverse,63,2 3 7 8 15 16 17 21 23,2,2,5,0.9616745283253811,0.5555555555555556,0.3777777777777778,0.22717673153074047
Spawrious GCI,43,FedDiverse,64,7 13 15 16 17 19 20 21 23,3,3,3,0.9918886943442414,0.9111111111111111,0.4333333333333334,0.25739089754960076
Spawrious GCI,43,FedDiverse,65,1 6 11 16 17 19 20 21 23,3,3,3,0.9695245979255245,0.7333333333333333,0.38888888888888895,0.2350268011308838
Spawrious GCI,43,FedDiverse,66,3 7 12 16 17 19 20 21 23,3,3,3,0.9695245979255245,0.7333333333333333,0.38888888888888895,0.2350268011308838
Spawrious GCI,43,FedDiverse,67,2 7 8 9 11 16 18 20 23,2,2,5,0.9262025893247393,0.5555555555555556,0.3111111111111111,0.19170479253009864
Spawrious GCI,43,FedDiverse,68,2 5 8 14 16 17 20 21 23,3,2,4,0.9416504763784943,0.5555555555555556,0.33333333333333337,0.20715267958385364
Spawrious GCI,43,FedDiverse,69,1 2 6 7 8 10 16 20 23,2,1,6,0.8878866212461856,0.37777777777777777,0.24444444444444452,0.1533888244515449
Spawrious GCI,43,FedDiverse,70,2 8 9 11 15 16 17 20 23,2,2,5,0.9616745283253811,0.5555555555555556,0.3777777777777778,0.22717673153074047
Spawrious GCI,43,FedDiverse,71,5 8 11 14 16 17 20 21 23,3,2,4,0.9416504763784943,0.5555555555555556,0.33333333333333337,0.20715267958385364
Spawrious GCI,43,FedDiverse,72,5 8 11 15 16 17 20 21 23,3,2,4,0.9758204977082781,0.7333333333333333,0.40000000000000013,0.2413227009136374
Spawrious GCI,43,FedDiverse,73,0 13 14 16 17 19 20 21 23,3,3,3,0.9695245979255245,0.7333333333333333,0.38888888888888895,0.2350268011308838
Spawrious GCI,43,FedDiverse,74,2 7 8 10 14 15 16 17 23,1,2,6,0.9318289394291791,0.37777777777777777,0.33333333333333337,0.19733114263453844
Spawrious GCI,43,FedDiverse,75,2 3 14 15 16 17 20 21 23,3,2,4,0.9758204977082781,0.7333333333333333,0.40000000000000013,0.2413227009136374
Spawrious GCI,43,FedDiverse,76,1 4 5 16 17 19 20 21 23,3,3,3,0.9695245979255245,0.7333333333333333,0.38888888888888895,0.2350268011308838
Spawrious GCI,43,FedDiverse,77,2 10 14 15 16 17 18 22 23,2,3,4,0.971446825178591,0.5555555555555556,0.4,0.23694902838395038
Spawrious GCI,43,FedDiverse,78,1 2 15 16 17 20 21 22 23,4,2,3,0.9855927945614879,0.7333333333333333,0.4222222222222223,0.2510949977668472
Spawrious GCI,43,FedDiverse,79,0 2 8 13 15 16 17 18 23,1,3,5,0.9661890521968094,0.5555555555555556,0.38888888888888895,0.23169125540216873
Spawrious GCI,43,FedDiverse,80,2 6 7 8 9 13 16 20 23,2,1,6,0.8878866212461856,0.37777777777777777,0.24444444444444452,0.1533888244515449
Spawrious GCI,43,FedDiverse,81,2 5 7 8 9 13 16 20 23,2,1,6,0.8878866212461856,0.37777777777777777,0.24444444444444452,0.1533888244515449
Spawrious GCI,43,FedDiverse,82,2 7 8 9 12 14 16 20 23,2,1,6,0.8878866212461856,0.37777777777777777,0.24444444444444452,0.1533888244515449
Spawrious GCI,43,FedDiverse,83,1 11 14 16 17 19 20 21 23,3,3,3,0.9695245979255245,0.7333333333333333,0.38888888888888895,0.2350268011308838
Spawrious GCI,43,FedDiverse,84,2 8 9 14 15 16 17 20 21,2,2,5,0.9557964457613913,0.7333333333333333,0.35555555555555557,0.22129864896675067
Spawrious GCI,43,FedDiverse,85,2 8 10 14 15 16 17 20 23,2,2,5,0.9616745283253811,0.5555555555555556,0.3777777777777778,0.22717673153074047
Spawrious GCI,43,FedDiverse,86,2 3 7 8 15 16 17 20 23,2,2,5,0.9616745283253811,0.5555555555555556,0.3777777777777778,0.22717673153074047
Spawrious GCI,43,FedDiverse,87,2 4 6 7 8 11 16 20 23,2,1,6,0.8878866212461856,0.37777777777777777,0.24444444444444452,0.1533888244515449
Spawrious GCI,43,FedDiverse,88,5 7 9 15 16 17 20 21 23,3,2,4,0.9758204977082781,0.7333333333333333,0.40000000000000013,0.2413227009136374
Spawrious GCI,43,FedDiverse,89,2 12 14 15 16 17 18 21 23,2,3,4,0.9855927945614879,0.7333333333333333,0.4222222222222223,0.2510949977668472
Spawrious GCI,43,FedDiverse,90,2 5 8 11 15 16 17 19 23,1,3,5,0.9661890521968094,0.5555555555555556,0.38888888888888895,0.23169125540216873
Spawrious GCI,43,FedDiverse,91,2 5 10 14 16 17 20 21 23,3,2,4,0.9416504763784943,0.5555555555555556,0.33333333333333337,0.20715267958385364
Spawrious GCI,43,FedDiverse,92,2 13 14 15 16 17 21 22 23,3,2,4,0.971446825178591,0.5555555555555556,0.40000000000000013,0.23694902838395038
Spawrious GCI,43,FedDiverse,93,2 4 14 15 16 17 20 21 23,3,2,4,0.9758204977082781,0.7333333333333333,0.40000000000000013,0.2413227009136374
Spawrious GCI,43,FedDiverse,94,2 3 7 8 10 13 16 20 23,2,1,6,0.8878866212461856,0.37777777777777777,0.24444444444444452,0.1533888244515449
Spawrious GCI,43,FedDiverse,95,2 5 8 14 15 16 17 19 23,1,3,5,0.9661890521968094,0.5555555555555556,0.38888888888888895,0.23169125540216873
Spawrious GCI,43,FedDiverse,96,1 2 6 7 8 10 16 20 23,2,1,6,0.8878866212461856,0.37777777777777777,0.24444444444444452,0.1533888244515449
Spawrious GCI,43,FedDiverse,97,2 6 7 8 10 14 16 20 23,2,1,6,0.8878866212461856,0.37777777777777777,0.24444444444444452,0.1533888244515449
Spawrious GCI,43,FedDiverse,98,1 2 3 7 8 15 16 20 23,2,1,6,0.950120855560846,0.5555555555555556,0.3555555555555556,0.21562305876620536
Spawrious GCI,43,FedDiverse,99,2 4 7 8 9 13 16 20 23,2,1,6,0.8878866212461856,0.37777777777777777,0.24444444444444452,0.1533888244515449
Spawrious GCI,43,FedDiverse,100,0 1 8 16 17 19 20 21 23,3,3,3,0.9695245979255245,0.7333333333333333,0.38888888888888895,0.2350268011308838
Spawrious GCI,43,FedDiverse,101,4 5 10 16 17 19 20 21 23,3,3,3,0.9695245979255245,0.7333333333333333,0.38888888888888895,0.2350268011308838
Spawrious GCI,43,FedDiverse,102,2 8 11 14 15 16 17 18 23,1,3,5,0.9661890521968094,0.5555555555555556,0.38888888888888895,0.23169125540216873
Spawrious GCI,43,FedDiverse,103,2 7 8 10 12 14 16 20 23,2,1,6,0.8878866212461856,0.37777777777777777,0.24444444444444452,0.1533888244515449
Spawrious GCI,43,FedDiverse,104,0 12 13 16 17 19 20 21 23,3,3,3,0.9695245979255245,0.7333333333333333,0.38888888888888895,0.2350268011308838
Spawrious GCI,43,FedDiverse,105,2 13 15 16 17 19 20 21 23,3,3,3,0.9918886943442414,0.9111111111111111,0.4333333333333334,0.25739089754960076
Spawrious GCI,43,FedDiverse,106,5 13 15 16 17 19 20 21 23,3,3,3,0.9918886943442414,0.9111111111111111,0.4333333333333334,0.25739089754960076
Spawrious GCI,43,FedDiverse,107,2 6 8 14 15 16 17 20 23,2,2,5,0.9616745283253811,0.5555555555555556,0.3777777777777778,0.22717673153074047
Spawrious GCI,43,FedDiverse,108,1 6 12 16 17 19 20 21 23,3,3,3,0.9695245979255245,0.7333333333333333,0.38888888888888895,0.2350268011308838
Spawrious GCI,43,FedDiverse,109,1 6 9 16 17 19 20 21 23,3,3,3,0.9695245979255245,0.7333333333333333,0.38888888888888895,0.2350268011308838
Spawrious GCI,43,FedDiverse,110,2 4 7 8 10 11 16 20 23,2,1,6,0.8878866212461856,0.37777777777777777,0.24444444444444452,0.1533888244515449
Spawrious GCI,43,FedDiverse,111,2 3 8 9 15 16 17 21 23,2,2,5,0.9616745283253811,0.5555555555555556,0.3777777777777778,0.22717673153074047
Spawrious GCI,43,FedDiverse,112,1 2 7 8 10 13 16 20 23,2,1,6,0.8878866212461856,0.37777777777777777,0.24444444444444452,0.1533888244515449
Spawrious GCI,43,FedDiverse,113,0 5 10 14 16 17 20 21 23,3,2,4,0.9416504763784943,0.5555555555555556,0.33333333333333337,0.20715267958385364
Spawrious GCI,43,FedDiverse,114,2 4 6 7 8 11 16 20 23,2,1,6,0.8878866212461856,0.37777777777777777,0.24444444444444452,0.1533888244515449
Spawrious GCI,43,FedDiverse,115,2 6 8 10 15 16 17 18 23,1,3,5,0.9661890521968094,0.5555555555555556,0.38888888888888895,0.23169125540216873
Spawrious GCI,43,FedDiverse,116,2 3 7 8 10 15 16 20 23,2,1,6,0.950120855560846,0.5555555555555556,0.3555555555555556,0.21562305876620536
Spawrious GCI,43,FedDiverse,117,0 2 10 15 16 17 20 21 23,3,2,4,0.9758204977082781,0.7333333333333333,0.40000000000000013,0.2413227009136374
Spawrious GCI,43,FedDiverse,118,1 10 13 16 17 19 20 21 23,3,3,3,0.9695245979255245,0.7333333333333333,0.38888888888888895,0.2350268011308838
Spawrious GCI,43,FedDiverse,119,4 5 10 16 17 19 20 21 23,3,3,3,0.9695245979255245,0.7333333333333333,0.38888888888888895,0.2350268011308838
Spawrious GCI,43,FedDiverse,120,2 5 7 8 15 16 17 18 23,1,3,5,0.9661890521968094,0.5555555555555556,0.38888888888888895,0.23169125540216873
Spawrious GCI,43,FedDiverse,121,2 4 8 9 15 16 17 22 23,2,2,5,0.9416012362823889,0.37777777777777777,0.35555555555555557,0.20710343948774823
Spawrious GCI,43,FedDiverse,122,2 4 8 10 14 15 16 17 23,1,2,6,0.9318289394291791,0.37777777777777777,0.33333333333333337,0.19733114263453844
Spawrious GCI,43,FedDiverse,123,2 8 9 11 15 16 17 18 23,1,3,5,0.9661890521968094,0.5555555555555556,0.38888888888888895,0.23169125540216873
Spawrious GCI,43,FedDiverse,124,2 7 8 10 14 16 18 20 23,2,2,5,0.9262025893247393,0.5555555555555556,0.3111111111111111,0.19170479253009864
Spawrious GCI,43,FedDiverse,125,2 6 7 8 10 13 16 20 23,2,1,6,0.8878866212461856,0.37777777777777777,0.24444444444444452,0.1533888244515449
Spawrious GCI,43,FedDiverse,126,2 11 13 16 17 19 20 21 23,3,3,3,0.9695245979255245,0.7333333333333333,0.38888888888888895,0.2350268011308838
Spawrious GCI,43,FedDiverse,127,2 3 4 8 15 16 17 20 23,2,2,5,0.9616745283253811,0.5555555555555556,0.3777777777777778,0.22717673153074047
Spawrious GCI,43,FedDiverse,128,6 10 13 16 17 19 20 21 23,3,3,3,0.9695245979255245,0.7333333333333333,0.38888888888888895,0.2350268011308838
Spawrious GCI,43,FedDiverse,129,1 2 7 8 12 13 16 20 23,2,1,6,0.8878866212461856,0.37777777777777777,0.24444444444444452,0.1533888244515449
Spawrious GCI,43,FedDiverse,130,2 5 14 15 16 17 18 21 23,2,3,4,0.9855927945614879,0.7333333333333333,0.4222222222222223,0.2510949977668472
Spawrious GCI,43,FedDiverse,131,2 5 6 14 16 17 20 21 23,3,2,4,0.9416504763784943,0.5555555555555556,0.33333333333333337,0.20715267958385364
Spawrious GCI,43,FedDiverse,132,0 2 8 11 15 16 17 20 23,2,2,5,0.9616745283253811,0.5555555555555556,0.3777777777777778,0.22717673153074047
Spawrious GCI,43,FedDiverse,133,2 11 14 15 16 17 20 21 23,3,2,4,0.9758204977082781,0.7333333333333333,0.40000000000000013,0.2413227009136374
Spawrious GCI,43,FedDiverse,134,2 8 12 14 15 16 17 21 23,2,2,5,0.9616745283253811,0.5555555555555556,0.3777777777777778,0.22717673153074047
Spawrious GCI,43,FedDiverse,135,0 2 7 8 15 16 17 20 23,2,2,5,0.9616745283253811,0.5555555555555556,0.3777777777777778,0.22717673153074047
Spawrious GCI,43,FedDiverse,136,2 6 7 8 9 14 16 20 23,2,1,6,0.8878866212461856,0.37777777777777777,0.24444444444444452,0.1533888244515449
Spawrious GCI,43,FedDiverse,137,9 14 15 16 17 20 21 22 23,4,2,3,0.9855927945614879,0.7333333333333333,0.4222222222222223,0.2510949977668472
Spawrious GCI,43,FedDiverse,138,2 8 15 16 17 20 21 22 23,4,2,3,0.9855927945614879,0.7333333333333333,0.4222222222222223,0.2510949977668472
Spawrious GCI,43,FedDiverse,139,1 2 12 14 15 17 20 21 23,3,1,5,0.9695245979255245,0.7333333333333333,0.38888888888888895,0.2350268011308838
Spawrious GCI,43,FedDiverse,140,4 9 15 16 17 19 20 21 23,3,3,3,0.9918886943442414,0.9111111111111111,0.4333333333333334,0.25739089754960076
Spawrious GCI,43,FedDiverse,141,2 4 7 8 10 16 18 20 23,2,2,5,0.9262025893247393,0.5555555555555556,0.3111111111111111,0.19170479253009864
Spawrious GCI,43,FedDiverse,142,1 2 5 8 15 16 17 20 23,2,2,5,0.9616745283253811,0.5555555555555556,0.3777777777777778,0.22717673153074047
Spawrious GCI,43,FedDiverse,143,2 6 7 8 12 14 16 20 23,2,1,6,0.8878866212461856,0.37777777777777777,0.24444444444444452,0.1533888244515449
Spawrious GCI,43,FedDiverse,144,10 14 15 16 17 20 21 22 23,4,2,3,0.9855927945614879,0.7333333333333333,0.4222222222222223,0.2510949977668472
Spawrious GCI,43,FedDiverse,145,3 8 15 16 17 20 21 22 23,4,2,3,0.9855927945614879,0.7333333333333333,0.4222222222222223,0.2510949977668472
Spawrious GCI,43,FedDiverse,146,1 2 3 7 8 13 16 20 23,2,1,6,0.8878866212461856,0.37777777777777777,0.24444444444444452,0.1533888244515449
Spawrious GCI,43,FedDiverse,147,2 5 14 15 16 17 19 21 23,2,3,4,0.9855927945614879,0.7333333333333333,0.4222222222222223,0.2510949977668472
Spawrious GCI,43,FedDiverse,148,2 7 8 10 13 16 18 20 23,2,2,5,0.9262025893247393,0.5555555555555556,0.3111111111111111,0.19170479253009864
Spawrious GCI,43,FedDiverse,149,2 4 8 9 15 16 17 21 23,2,2,5,0.9616745283253811,0.5555555555555556,0.3777777777777778,0.22717673153074047
Spawrious GCI,43,FedDiverse,150,0 3 11 16 17 19 20 21 23,3,3,3,0.9695245979255245,0.7333333333333333,0.38888888888888895,0.2350268011308838
Spawrious GCI,43,FedDiverse,151,2 5 7 8 13 14 16 20 23,2,1,6,0.8878866212461856,0.37777777777777777,0.24444444444444452,0.1533888244515449
Spawrious GCI,43,FedDiverse,152,2 7 8 11 12 14 16 20 23,2,1,6,0.8878866212461856,0.37777777777777777,0.24444444444444452,0.1533888244515449
Spawrious GCI,43,FedDiverse,153,0 3 6 16 17 19 20 21 23,3,3,3,0.9695245979255245,0.7333333333333333,0.38888888888888895,0.2350268011308838
Spawrious GCI,43,FedDiverse,154,2 7 8 14 15 16 17 18 23,1,3,5,0.9661890521968094,0.5555555555555556,0.38888888888888895,0.23169125540216873
Spawrious GCI,43,FedDiverse,155,2 5 7 8 13 15 16 20 23,2,1,6,0.950120855560846,0.5555555555555556,0.3555555555555556,0.21562305876620536
Spawrious GCI,43,FedDiverse,156,2 5 7 15 16 17 20 21 23,3,2,4,0.9758204977082781,0.7333333333333333,0.40000000000000013,0.2413227009136374
Spawrious GCI,43,FedDiverse,157,2 3 4 8 15 16 17 19 23,1,3,5,0.9661890521968094,0.5555555555555556,0.38888888888888895,0.23169125540216873
Spawrious GCI,43,FedDiverse,158,2 4 8 15 16 17 20 21 23,3,2,4,0.9758204977082781,0.7333333333333333,0.40000000000000013,0.2413227009136374
Spawrious GCI,43,FedDiverse,159,2 4 8 11 15 16 17 20 23,2,2,5,0.9616745283253811,0.5555555555555556,0.3777777777777778,0.22717673153074047
Spawrious GCI,43,FedDiverse,160,0 2 8 10 15 16 17 22 23,2,2,5,0.9416012362823889,0.37777777777777777,0.35555555555555557,0.20710343948774823
Spawrious GCI,43,FedDiverse,161,5 11 13 16 17 19 20 21 23,3,3,3,0.9695245979255245,0.7333333333333333,0.38888888888888895,0.2350268011308838
Spawrious GCI,43,FedDiverse,162,2 7 8 9 11 12 16 20 23,2,1,6,0.8878866212461856,0.37777777777777777,0.24444444444444452,0.1533888244515449
Spawrious GCI,43,FedDiverse,163,5 7 12 14 16 17 20 21 23,3,2,4,0.9416504763784943,0.5555555555555556,0.33333333333333337,0.20715267958385364
Spawrious GCI,43,FedDiverse,164,2 3 8 14 15 16 17 20 23,2,2,5,0.9616745283253811,0.5555555555555556,0.3777777777777778,0.22717673153074047
Spawrious GCI,43,FedDiverse,165,2 5 7 8 9 13 16 20 23,2,1,6,0.8878866212461856,0.37777777777777777,0.24444444444444452,0.1533888244515449
Spawrious GCI,43,FedDiverse,166,2 4 5 7 8 15 16 20 23,2,1,6,0.950120855560846,0.5555555555555556,0.3555555555555556,0.21562305876620536
Spawrious GCI,43,FedDiverse,167,1 3 4 16 17 19 20 21 23,3,3,3,0.9695245979255245,0.7333333333333333,0.38888888888888895,0.2350268011308838
Spawrious GCI,43,FedDiverse,168,2 6 7 8 15 16 17 19 23,1,3,5,0.9661890521968094,0.5555555555555556,0.38888888888888895,0.23169125540216873
Spawrious GCI,43,FedDiverse,169,2 4 8 13 14 15 16 17 23,1,2,6,0.9318289394291791,0.37777777777777777,0.33333333333333337,0.19733114263453844
Spawrious GCI,43,FedDiverse,170,10 11 12 16 17 19 20 21 23,3,3,3,0.9695245979255245,0.7333333333333333,0.38888888888888895,0.2350268011308838
Spawrious GCI,43,FedDiverse,171,0 2 8 9 15 16 17 20 23,2,2,5,0.9616745283253811,0.5555555555555556,0.3777777777777778,0.22717673153074047
Spawrious GCI,43,FedDiverse,172,2 5 8 12 15 16 17 22 23,2,2,5,0.9416012362823889,0.37777777777777777,0.35555555555555557,0.20710343948774823
Spawrious GCI,43,FedDiverse,173,4 5 15 16 17 20 21 22 23,4,2,3,0.9855927945614879,0.7333333333333333,0.4222222222222223,0.2510949977668472
Spawrious GCI,43,FedDiverse,174,2 5 9 10 16 17 20 21 23,3,2,4,0.9416504763784943,0.5555555555555556,0.33333333333333337,0.20715267958385364
Spawrious GCI,43,FedDiverse,175,3 6 8 16 17 19 20 21 23,3,3,3,0.9695245979255245,0.7333333333333333,0.38888888888888895,0.2350268011308838
Spawrious GCI,43,FedDiverse,176,2 8 10 15 16 17 18 20 23,2,3,4,0.9855927945614879,0.7333333333333333,0.4222222222222223,0.2510949977668472
Spawrious GCI,43,FedDiverse,177,2 6 8 10 15 16 17 20 23,2,2,5,0.9616745283253811,0.5555555555555556,0.3777777777777778,0.22717673153074047
Spawrious GCI,43,FedDiverse,178,1 3 4 16 17 19 20 21 23,3,3,3,0.9695245979255245,0.7333333333333333,0.38888888888888895,0.2350268011308838
Spawrious GCI,43,FedDiverse,179,0 5 8 16 17 19 20 21 23,3,3,3,0.9695245979255245,0.7333333333333333,0.38888888888888895,0.2350268011308838
Spawrious GCI,43,FedDiverse,180,0 2 7 8 10 13 16 20 23,2,1,6,0.8878866212461856,0.37777777777777777,0.24444444444444452,0.1533888244515449
Spawrious GCI,43,FedDiverse,181,1 2 8 9 15 16 17 20 23,2,2,5,0.9616745283253811,0.5555555555555556,0.3777777777777778,0.22717673153074047
Spawrious GCI,43,FedDiverse,182,0 9 15 16 17 19 20 21 23,3,3,3,0.9918886943442414,0.9111111111111111,0.4333333333333334,0.25739089754960076
Spawrious GCI,43,FedDiverse,183,11 13 15 16 17 19 20 21 23,3,3,3,0.9918886943442414,0.9111111111111111,0.4333333333333334,0.25739089754960076
Spawrious GCI,43,FedDiverse,184,0 1 7 16 17 19 20 21 23,3,3,3,0.9695245979255245,0.7333333333333333,0.38888888888888895,0.2350268011308838
Spawrious GCI,43,FedDiverse,185,1 6 14 16 17 19 20 21 23,3,3,3,0.9695245979255245,0.7333333333333333,0.38888888888888895,0.2350268011308838
Spawrious GCI,43,FedDiverse,186,8 12 13 16 17 19 20 21 23,3,3,3,0.9695245979255245,0.7333333333333333,0.38888888888888895,0.2350268011308838
Spawrious GCI,43,FedDiverse,187,5 6 10 15 16 17 20 21 23,3,2,4,0.9758204977082781,0.7333333333333333,0.40000000000000013,0.2413227009136374
Spawrious GCI,43,FedDiverse,188,0 2 8 12 15 16 17 22 23,2,2,5,0.9416012362823889,0.37777777777777777,0.35555555555555557,0.20710343948774823
Spawrious GCI,43,FedDiverse,189,2 3 8 14 15 16 17 21 23,2,2,5,0.9616745283253811,0.5555555555555556,0.3777777777777778,0.22717673153074047
Spawrious GCI,43,FedDiverse,190,0 1 2 8 15 16 17 21 23,2,2,5,0.9616745283253811,0.5555555555555556,0.3777777777777778,0.22717673153074047
Spawrious GCI,43,FedDiverse,191,2 14 15 16 17 19 20 21 23,3,3,3,0.9918886943442414,0.9111111111111111,0.4333333333333334,0.25739089754960076
Spawrious GCI,43,FedDiverse,192,2 7 8 9 13 14 16 20 23,2,1,6,0.8878866212461856,0.37777777777777777,0.24444444444444452,0.1533888244515449
Spawrious GCI,43,FedDiverse,193,2 4 8 14 15 16 17 20 23,2,2,5,0.9616745283253811,0.5555555555555556,0.3777777777777778,0.22717673153074047
Spawrious GCI,43,FedDiverse,194,4 6 15 16 17 19 20 21 23,3,3,3,0.9918886943442414,0.9111111111111111,0.4333333333333334,0.25739089754960076
Spawrious GCI,43,FedDiverse,195,3 11 15 16 17 19 20 21 23,3,3,3,0.9918886943442414,0.9111111111111111,0.4333333333333334,0.25739089754960076
Spawrious GCI,43,FedDiverse,196,0 4 10 16 17 19 20 21 23,3,3,3,0.9695245979255245,0.7333333333333333,0.38888888888888895,0.2350268011308838
Spawrious GCI,43,FedDiverse,197,0 2 7 8 10 15 16 20 23,2,1,6,0.950120855560846,0.5555555555555556,0.3555555555555556,0.21562305876620536
Spawrious GCI,43,FedDiverse,198,2 3 4 8 14 15 16 17 23,1,2,6,0.9318289394291791,0.37777777777777777,0.33333333333333337,0.19733114263453844
Spawrious GCI,43,FedDiverse,199,0 1 2 8 15 16 17 22 23,2,2,5,0.9416012362823889,0.37777777777777777,0.35555555555555557,0.20710343948774823
Spawrious GCI,44,FedDiverse,1,9 12 15 16 17 19 20 22 23,3,3,3,0.9908505675432692,0.7333333333333333,0.4333333333333334,0.2563527707486285
Spawrious GCI,44,FedDiverse,2,3 9 11 13 14 15 20 22 23,3,0,6,0.950120855560846,0.5555555555555556,0.3555555555555556,0.21562305876620536
Spawrious GCI,44,FedDiverse,3,0 1 4 7 16 17 20 22 23,3,2,4,0.9318289394291791,0.37777777777777777,0.33333333333333337,0.19733114263453844
Spawrious GCI,44,FedDiverse,4,3 8 11 13 14 15 20 22 23,3,0,6,0.950120855560846,0.5555555555555556,0.3555555555555556,0.21562305876620536
Spawrious GCI,44,FedDiverse,5,5 10 12 14 15 16 17 20 23,2,2,5,0.9616745283253811,0.5555555555555556,0.3777777777777778,0.22717673153074047
Spawrious GCI,44,FedDiverse,6,8 12 14 15 16 17 20 22 23,3,2,4,0.971446825178591,0.5555555555555556,0.40000000000000013,0.23694902838395038
Spawrious GCI,44,FedDiverse,7,4 6 7 11 14 15 20 22 23,3,0,6,0.950120855560846,0.5555555555555556,0.3555555555555556,0.21562305876620536
Spawrious GCI,44,FedDiverse,8,6 8 9 11 14 15 20 22 23,3,0,6,0.950120855560846,0.5555555555555556,0.3555555555555556,0.21562305876620536
Spawrious GCI,44,FedDiverse,9,10 11 12 14 15 19 20 22 23,3,1,5,0.9695245979255245,0.7333333333333333,0.38888888888888895,0.2350268011308838
Spawrious GCI,44,FedDiverse,10,4 12 14 15 17 19 20 22 23,3,2,4,0.9855927945614879,0.7333333333333333,0.4222222222222223,0.2510949977668472
Spawrious GCI,44,FedDiverse,11,1 3 10 11 14 15 20 22 23,3,0,6,0.950120855560846,0.5555555555555556,0.3555555555555556,0.21562305876620536
Spawrious GCI,44,FedDiverse,12,3 4 9 11 14 15 20 22 23,3,0,6,0.950120855560846,0.5555555555555556,0.3555555555555556,0.21562305876620536
Spawrious GCI,44,FedDiverse,13,2 8 11 14 15 19 20 22 23,3,1,5,0.9695245979255245,0.7333333333333333,0.38888888888888895,0.2350268011308838
Spawrious GCI,44,FedDiverse,14,12 13 14 15 17 19 20 22 23,3,2,4,0.9855927945614879,0.7333333333333333,0.4222222222222223,0.2510949977668472
Spawrious GCI,44,FedDiverse,15,7 11 12 15 16 17 20 22 23,3,2,4,0.971446825178591,0.5555555555555556,0.40000000000000013,0.23694902838395038
Spawrious GCI,44,FedDiverse,16,0 1 5 11 14 15 20 22 23,3,0,6,0.950120855560846,0.5555555555555556,0.3555555555555556,0.21562305876620536
Spawrious GCI,44,FedDiverse,17,0 7 12 14 15 17 19 22 23,2,2,5,0.9616745283253811,0.5555555555555556,0.3777777777777778,0.22717673153074047
Spawrious GCI,44,FedDiverse,18,1 3 9 14 16 17 20 22 23,3,2,4,0.9318289394291791,0.37777777777777777,0.33333333333333337,0.19733114263453844
Spawrious GCI,44,FedDiverse,19,5 8 12 14 15 17 19 22 23,2,2,5,0.9616745283253811,0.5555555555555556,0.3777777777777778,0.22717673153074047
Spawrious GCI,44,FedDiverse,20,2 7 15 16 17 18 20 22 23,3,3,3,0.9908505675432692,0.7333333333333333,0.4333333333333334,0.2563527707486285
Spawrious GCI,44,FedDiverse,21,1 5 12 14 15 17 20 22 23,3,1,5,0.9661890521968094,0.5555555555555556,0.38888888888888895,0.23169125540216873
Spawrious GCI,44,FedDiverse,22,9 12 14 15 17 18 19 22 23,2,3,4,0.9758204977082781,0.7333333333333333,0.4000000000000001,0.2413227009136374
Spawrious GCI,44,FedDiverse,23,2 3 4 11 14 15 20 22 23,3,0,6,0.950120855560846,0.5555555555555556,0.3555555555555556,0.21562305876620536
Spawrious GCI,44,FedDiverse,24,5 6 11 13 14 15 20 22 23,3,0,6,0.950120855560846,0.5555555555555556,0.3555555555555556,0.21562305876620536
Spawrious GCI,44,FedDiverse,25,3 9 11 14 15 19 20 22 23,3,1,5,0.9695245979255245,0.7333333333333333,0.38888888888888895,0.2350268011308838
Spawrious GCI,44,FedDiverse,26,5 8 12 15 16 17 20 22 23,3,2,4,0.971446825178591,0.5555555555555556,0.40000000000000013,0.23694902838395038
Spawrious GCI,44,FedDiverse,27,0 1 3 9 16 17 20 22 23,3,2,4,0.9318289394291791,0.37777777777777777,0.33333333333333337,0.19733114263453844
Spawrious GCI,44,FedDiverse,28,3 5 11 13 14 15 20 22 23,3,0,6,0.950120855560846,0.5555555555555556,0.3555555555555556,0.21562305876620536
Spawrious GCI,44,FedDiverse,29,1 3 12 14 15 17 21 22 23,3,1,5,0.9661890521968094,0.5555555555555556,0.38888888888888895,0.23169125540216873
Spawrious GCI,44,FedDiverse,30,1 6 14 15 16 17 20 22 23,3,2,4,0.971446825178591,0.5555555555555556,0.40000000000000013,0.23694902838395038
Spawrious GCI,44,FedDiverse,31,6 8 9 11 14 15 20 22 23,3,0,6,0.950120855560846,0.5555555555555556,0.3555555555555556,0.21562305876620536
Spawrious GCI,44,FedDiverse,32,4 6 8 15 16 17 20 22 23,3,2,4,0.971446825178591,0.5555555555555556,0.40000000000000013,0.23694902838395038
Spawrious GCI,44,FedDiverse,33,1 4 5 10 16 17 20 22 23,3,2,4,0.9318289394291791,0.37777777777777777,0.33333333333333337,0.19733114263453844
Spawrious GCI,44,FedDiverse,34,2 12 15 16 17 20 21 22 23,4,2,3,0.9855927945614879,0.7333333333333333,0.4222222222222223,0.2510949977668472
Spawrious GCI,44,FedDiverse,35,1 9 11 14 15 19 20 22 23,3,1,5,0.9695245979255245,0.7333333333333333,0.38888888888888895,0.2350268011308838
Spawrious GCI,44,FedDiverse,36,5 7 15 16 17 20 21 22 23,4,2,3,0.9855927945614879,0.7333333333333333,0.4222222222222223,0.2510949977668472
Spawrious GCI,44,FedDiverse,37,5 10 11 12 14 15 19 22 23,2,1,6,0.9416504763784943,0.5555555555555556,0.33333333333333337,0.20715267958385364
Spawrious GCI,44,FedDiverse,38,4 5 11 12 14 15 17 22 23,2,1,6,0.9318289394291791,0.37777777777777777,0.33333333333333337,0.19733114263453844
Spawrious GCI,44,FedDiverse,39,5 10 12 14 15 17 20 22 23,3,1,5,0.9661890521968094,0.5555555555555556,0.38888888888888895,0.23169125540216873
Spawrious GCI,44,FedDiverse,40,6 12 13 14 15 17 20 22 23,3,1,5,0.9661890521968094,0.5555555555555556,0.38888888888888895,0.23169125540216873
Spawrious GCI,44,FedDiverse,41,1 5 12 15 16 17 20 21 23,3,2,4,0.9758204977082781,0.7333333333333333,0.40000000000000013,0.2413227009136374
Spawrious GCI,44,FedDiverse,42,1 5 10 16 17 20 21 22 23,4,2,3,0.9616745283253811,0.5555555555555556,0.3777777777777778,0.22717673153074047
Spawrious GCI,44,FedDiverse,43,0 1 14 15 16 17 20 22 23,3,2,4,0.971446825178591,0.5555555555555556,0.40000000000000013,0.23694902838395038
Spawrious GCI,44,FedDiverse,44,0 1 6 11 16 17 20 22 23,3,2,4,0.9318289394291791,0.37777777777777777,0.33333333333333337,0.19733114263453844
Spawrious GCI,44,FedDiverse,45,4 11 12 14 15 17 20 22 23,3,1,5,0.9661890521968094,0.5555555555555556,0.38888888888888895,0.23169125540216873
Spawrious GCI,44,FedDiverse,46,1 4 5 15 16 17 20 22 23,3,2,4,0.971446825178591,0.5555555555555556,0.40000000000000013,0.23694902838395038
Spawrious GCI,44,FedDiverse,47,1 5 15 16 17 19 20 22 23,3,3,3,0.9908505675432692,0.7333333333333333,0.4333333333333334,0.2563527707486285
Spawrious GCI,44,FedDiverse,48,1 6 7 16 17 20 21 22 23,4,2,3,0.9616745283253811,0.5555555555555556,0.3777777777777778,0.22717673153074047
Spawrious GCI,44,FedDiverse,49,1 2 6 8 16 17 20 22 23,3,2,4,0.9318289394291791,0.37777777777777777,0.33333333333333337,0.19733114263453844
Spawrious GCI,44,FedDiverse,50,0 7 9 11 14 15 20 22 23,3,0,6,0.950120855560846,0.5555555555555556,0.3555555555555556,0.21562305876620536
Spawrious GCI,44,FedDiverse,51,5 7 12 15 16 17 18 21 23,2,3,4,0.9855927945614879,0.7333333333333333,0.4222222222222223,0.2510949977668472
Spawrious GCI,44,FedDiverse,52,2 12 14 15 17 18 20 22 23,3,2,4,0.9855927945614879,0.7333333333333333,0.4222222222222223,0.2510949977668472
Spawrious GCI,44,FedDiverse,53,1 9 12 14 16 17 20 22 23,3,2,4,0.9318289394291791,0.37777777777777777,0.33333333333333337,0.19733114263453844
Spawrious GCI,44,FedDiverse,54,3 5 8 15 16 17 20 22 23,3,2,4,0.971446825178591,0.5555555555555556,0.40000000000000013,0.23694902838395038
Spawrious GCI,44,FedDiverse,55,1 4 7 11 14 15 20 22 23,3,0,6,0.950120855560846,0.5555555555555556,0.3555555555555556,0.21562305876620536
Spawrious GCI,44,FedDiverse,56,5 8 9 15 16 17 20 22 23,3,2,4,0.971446825178591,0.5555555555555556,0.40000000000000013,0.23694902838395038
Spawrious GCI,44,FedDiverse,57,1 12 14 15 17 20 21 22 23,4,1,4,0.9855927945614879,0.7333333333333333,0.4222222222222223,0.2510949977668472
Spawrious GCI,44,FedDiverse,58,7 8 12 14 15 17 20 22 23,3,1,5,0.9661890521968094,0.5555555555555556,0.38888888888888895,0.23169125540216873
Spawrious GCI,44,FedDiverse,59,2 7 10 11 14 15 20 22 23,3,0,6,0.950120855560846,0.5555555555555556,0.3555555555555556,0.21562305876620536
Spawrious GCI,44,FedDiverse,60,5 7 11 13 14 15 20 22 23,3,0,6,0.950120855560846,0.5555555555555556,0.3555555555555556,0.21562305876620536
Spawrious GCI,44,FedDiverse,61,1 3 9 15 16 17 20 22 23,3,2,4,0.971446825178591,0.5555555555555556,0.40000000000000013,0.23694902838395038
Spawrious GCI,44,FedDiverse,62,1 2 6 10 16 17 20 22 23,3,2,4,0.9318289394291791,0.37777777777777777,0.33333333333333337,0.19733114263453844
Spawrious GCI,44,FedDiverse,63,4 5 8 12 14 15 17 22 23,2,1,6,0.9318289394291791,0.37777777777777777,0.33333333333333337,0.19733114263453844
Spawrious GCI,44,FedDiverse,64,7 11 15 16 17 18 20 22 23,3,3,3,0.9908505675432692,0.7333333333333333,0.4333333333333334,0.2563527707486285
Spawrious GCI,44,FedDiverse,65,1 2 4 9 16 17 20 22 23,3,2,4,0.9318289394291791,0.37777777777777777,0.33333333333333337,0.19733114263453844
Spawrious GCI,44,FedDiverse,66,5 8 12 13 14 15 17 22 23,2,1,6,0.9318289394291791,0.37777777777777777,0.33333333333333337,0.19733114263453844
Spawrious GCI,44,FedDiverse,67,1 3 11 13 14 15 20 22 23,3,0,6,0.950120855560846,0.5555555555555556,0.3555555555555556,0.21562305876620536
Spawrious GCI,44,FedDiverse,68,0 8 9 11 14 15 20 22 23,3,0,6,0.950120855560846,0.5555555555555556,0.3555555555555556,0.21562305876620536
Spawrious GCI,44,FedDiverse,69,1 7 14 15 16 17 20 22 23,3,2,4,0.971446825178591,0.5555555555555556,0.40000000000000013,0.23694902838395038
Spawrious GCI,44,FedDiverse,70,6 8 12 15 16 17 20 22 23,3,2,4,0.971446825178591,0.5555555555555556,0.40000000000000013,0.23694902838395038
Spawrious GCI,44,FedDiverse,71,6 8 12 15 16 17 20 22 23,3,2,4,0.971446825178591,0.5555555555555556,0.40000000000000013,0.23694902838395038
Spawrious GCI,44,FedDiverse,72,3 9 10 11 14 15 20 22 23,3,0,6,0.950120855560846,0.5555555555555556,0.3555555555555556,0.21562305876620536
Spawrious GCI,44,FedDiverse,73,4 12 14 15 17 19 21 22 23,3,2,4,0.9855927945614879,0.7333333333333333,0.4222222222222223,0.2510949977668472
Spawrious GCI,44,FedDiverse,74,0 1 14 15 17 19 20 22 23,3,2,4,0.9855927945614879,0.7333333333333333,0.4222222222222223,0.2510949977668472
Spawrious GCI,44,FedDiverse,75,0 11 12 15 16 17 20 22 23,3,2,4,0.971446825178591,0.5555555555555556,0.40000000000000013,0.23694902838395038
Spawrious GCI,44,FedDiverse,76,0 1 2 3 16 17 20 22 23,3,2,4,0.9318289394291791,0.37777777777777777,0.33333333333333337,0.19733114263453844
Spawrious GCI,44,FedDiverse,77,2 5 12 15 16 17 18 21 23,2,3,4,0.9855927945614879,0.7333333333333333,0.4222222222222223,0.2510949977668472
Spawrious GCI,44,FedDiverse,78,5 8 11 12 14 15 16 22 23,2,1,6,0.9318289394291791,0.37777777777777777,0.33333333333333337,0.19733114263453844
Spawrious GCI,44,FedDiverse,79,1 10 12 14 15 17 20 22 23,3,1,5,0.9661890521968094,0.5555555555555556,0.38888888888888895,0.23169125540216873
Spawrious GCI,44,FedDiverse,80,1 5 6 8 16 17 20 22 23,3,2,4,0.9318289394291791,0.37777777777777777,0.33333333333333337,0.19733114263453844
Spawrious GCI,44,FedDiverse,81,1 2 10 15 16 17 20 22 23,3,2,4,0.971446825178591,0.5555555555555556,0.40000000000000013,0.23694902838395038
Spawrious GCI,44,FedDiverse,82,1 3 4 11 14 15 20 22 23,3,0,6,0.950120855560846,0.5555555555555556,0.3555555555555556,0.21562305876620536
Spawrious GCI,44,FedDiverse,83,0 1 10 11 16 17 20 22 23,3,2,4,0.9318289394291791,0.37777777777777777,0.33333333333333337,0.19733114263453844
Spawrious GCI,44,FedDiverse,84,5 6 12 14 15 16 17 20 23,2,2,5,0.9616745283253811,0.5555555555555556,0.3777777777777778,0.22717673153074047
Spawrious GCI,44,FedDiverse,85,6 7 12 14 15 17 20 22 23,3,1,5,0.9661890521968094,0.5555555555555556,0.38888888888888895,0.23169125540216873
Spawrious GCI,44,FedDiverse,86,1 3 5 8 16 17 20 22 23,3,2,4,0.9318289394291791,0.37777777777777777,0.33333333333333337,0.19733114263453844
Spawrious GCI,44,FedDiverse,87,1 5 7 10 16 17 20 22 23,3,2,4,0.9318289394291791,0.37777777777777777,0.33333333333333337,0.19733114263453844
Spawrious GCI,44,FedDiverse,88,1 2 10 11 14 15 20 22 23,3,0,6,0.950120855560846,0.5555555555555556,0.3555555555555556,0.21562305876620536
Spawrious GCI,44,FedDiverse,89,1 7 12 15 16 17 20 22 23,3,2,4,0.971446825178591,0.5555555555555556,0.40000000000000013,0.23694902838395038
Spawrious GCI,44,FedDiverse,90,2 3 11 13 14 15 20 22 23,3,0,6,0.950120855560846,0.5555555555555556,0.3555555555555556,0.21562305876620536
Spawrious GCI,44,FedDiverse,91,6 9 15 16 17 19 20 22 23,3,3,3,0.9908505675432692,0.7333333333333333,0.4333333333333334,0.2563527707486285
Spawrious GCI,44,FedDiverse,92,2 8 10 11 14 15 20 22 23,3,0,6,0.950120855560846,0.5555555555555556,0.3555555555555556,0.21562305876620536
Spawrious GCI,44,FedDiverse,93,0 1 2 5 16 17 20 22 23,3,2,4,0.9318289394291791,0.37777777777777777,0.33333333333333337,0.19733114263453844
Spawrious GCI,44,FedDiverse,94,0 10 15 16 17 18 20 22 23,3,3,3,0.9908505675432692,0.7333333333333333,0.4333333333333334,0.2563527707486285
Spawrious GCI,44,FedDiverse,95,1 6 12 15 16 17 20 22 23,3,2,4,0.971446825178591,0.5555555555555556,0.40000000000000013,0.23694902838395038
Spawrious GCI,44,FedDiverse,96,3 5 9 16 17 20 21 22 23,4,2,3,0.9616745283253811,0.5555555555555556,0.3777777777777778,0.22717673153074047
Spawrious GCI,44,FedDiverse,97,7 10 12 14 15 17 20 22 23,3,1,5,0.9661890521968094,0.5555555555555556,0.38888888888888895,0.23169125540216873
Spawrious GCI,44,FedDiverse,98,5 8 9 11 14 15 19 22 23,2,1,6,0.9416504763784943,0.5555555555555556,0.33333333333333337,0.20715267958385364
Spawrious GCI,44,FedDiverse,99,4 8 15 16 17 19 20 22 23,3,3,3,0.9908505675432692,0.7333333333333333,0.4333333333333334,0.2563527707486285
Spawrious GCI,44,FedDiverse,100,0 9 15 16 17 19 20 22 23,3,3,3,0.9908505675432692,0.7333333333333333,0.4333333333333334,0.2563527707486285
Spawrious GCI,44,FedDiverse,101,5 11 12 14 15 16 20 22 23,3,1,5,0.9661890521968094,0.5555555555555556,0.38888888888888895,0.23169125540216873
Spawrious GCI,44,FedDiverse,102,6 10 15 16 17 19 20 22 23,3,3,3,0.9908505675432692,0.7333333333333333,0.4333333333333334,0.2563527707486285
Spawrious GCI,44,FedDiverse,103,3 11 15 16 17 18 20 22 23,3,3,3,0.9908505675432692,0.7333333333333333,0.4333333333333334,0.2563527707486285
Spawrious GCI,44,FedDiverse,104,3 6 12 14 15 17 20 22 23,3,1,5,0.9661890521968094,0.5555555555555556,0.38888888888888895,0.23169125540216873
Spawrious GCI,44,FedDiverse,105,0 6 7 11 14 15 20 22 23,3,0,6,0.950120855560846,0.5555555555555556,0.3555555555555556,0.21562305876620536
Spawrious GCI,44,FedDiverse,106,4 5 12 14 15 16 17 22 23,2,2,5,0.9416012362823889,0.37777777777777777,0.35555555555555557,0.20710343948774823
Spawrious GCI,44,FedDiverse,107,1 6 11 13 14 15 20 22 23,3,0,6,0.950120855560846,0.5555555555555556,0.3555555555555556,0.21562305876620536
Spawrious GCI,44,FedDiverse,108,1 6 14 15 17 18 20 22 23,3,2,4,0.9855927945614879,0.7333333333333333,0.4222222222222223,0.2510949977668472
Spawrious GCI,44,FedDiverse,109,1 6 11 14 16 17 20 22 23,3,2,4,0.9318289394291791,0.37777777777777777,0.33333333333333337,0.19733114263453844
Spawrious GCI,44,FedDiverse,110,4 12 14 15 16 17 20 22 23,3,2,4,0.971446825178591,0.5555555555555556,0.40000000000000013,0.23694902838395038
Spawrious GCI,44,FedDiverse,111,0 1 5 12 14 15 17 22 23,2,1,6,0.9318289394291791,0.37777777777777777,0.33333333333333337,0.19733114263453844
Spawrious GCI,44,FedDiverse,112,8 10 15 16 17 18 20 22 23,3,3,3,0.9908505675432692,0.7333333333333333,0.4333333333333334,0.2563527707486285
Spawrious GCI,44,FedDiverse,113,1 5 12 14 15 17 20 22 23,3,1,5,0.9661890521968094,0.5555555555555556,0.38888888888888895,0.23169125540216873
Spawrious GCI,44,FedDiverse,114,0 1 5 8 11 14 15 16 23,1,1,7,0.9157607427932156,0.37777777777777777,0.30000000000000004,0.18126294599857495
Spawrious GCI,44,FedDiverse,115,4 5 11 12 14 15 20 22 23,3,0,6,0.950120855560846,0.5555555555555556,0.3555555555555556,0.21562305876620536
Spawrious GCI,44,FedDiverse,116,0 10 12 14 15 17 19 22 23,2,2,5,0.9616745283253811,0.5555555555555556,0.3777777777777778,0.22717673153074047
Spawrious GCI,44,FedDiverse,117,6 11 14 15 18 19 20 22 23,3,2,4,0.9758204977082781,0.7333333333333333,0.40000000000000013,0.2413227009136374
Spawrious GCI,44,FedDiverse,118,3 6 11 13 14 15 20 22 23,3,0,6,0.950120855560846,0.5555555555555556,0.3555555555555556,0.21562305876620536
Spawrious GCI,44,FedDiverse,119,1 5 12 14 15 17 20 22 23,3,1,5,0.9661890521968094,0.5555555555555556,0.38888888888888895,0.23169125540216873
Spawrious GCI,44,FedDiverse,120,1 3 8 15 16 17 20 22 23,3,2,4,0.971446825178591,0.5555555555555556,0.40000000000000013,0.23694902838395038
Spawrious GCI,44,FedDiverse,121,3 7 11 13 14 15 20 22 23,3,0,6,0.950120855560846,0.5555555555555556,0.3555555555555556,0.21562305876620536
Spawrious GCI,44,FedDiverse,122,1 10 11 15 16 17 20 22 23,3,2,4,0.971446825178591,0.5555555555555556,0.40000000000000013,0.23694902838395038
Spawrious GCI,44,FedDiverse,123,1 2 4 11 14 15 20 22 23,3,0,6,0.950120855560846,0.5555555555555556,0.3555555555555556,0.21562305876620536
Spawrious GCI,44,FedDiverse,124,1 5 6 11 14 15 20 22 23,3,0,6,0.950120855560846,0.5555555555555556,0.3555555555555556,0.21562305876620536
Spawrious GCI,44,FedDiverse,125,1 5 12 14 15 17 20 22 23,3,1,5,0.9661890521968094,0.5555555555555556,0.38888888888888895,0.23169125540216873
Spawrious GCI,44,FedDiverse,126,2 3 7 11 14 15 20 22 23,3,0,6,0.950120855560846,0.5555555555555556,0.3555555555555556,0.21562305876620536
Spawrious GCI,44,FedDiverse,127,1 10 13 14 16 17 20 22 23,3,2,4,0.9318289394291791,0.37777777777777777,0.33333333333333337,0.19733114263453844
Spawrious GCI,44,FedDiverse,128,0 3 8 15 16 17 20 22 23,3,2,4,0.971446825178591,0.5555555555555556,0.40000000000000013,0.23694902838395038
Spawrious GCI,44,FedDiverse,129,1 2 3 4 16 17 20 22 23,3,2,4,0.9318289394291791,0.37777777777777777,0.33333333333333337,0.19733114263453844
Spawrious GCI,44,FedDiverse,130,2 5 11 12 14 15 17 22 23,2,1,6,0.9318289394291791,0.37777777777777777,0.33333333333333337,0.19733114263453844
Spawrious GCI,44,FedDiverse,131,2 7 12 15 16 17 20 22 23,3,2,4,0.971446825178591,0.5555555555555556,0.40000000000000013,0.23694902838395038
Spawrious GCI,44,FedDiverse,132,5 9 15 16 17 18 20 22 23,3,3,3,0.9908505675432692,0.7333333333333333,0.4333333333333334,0.2563527707486285
Spawrious GCI,44,FedDiverse,133,4 8 11 12 14 15 20 22 23,3,0,6,0.950120855560846,0.5555555555555556,0.3555555555555556,0.21562305876620536
Spawrious GCI,44,FedDiverse,134,5 6 8 10 11 14 15 22 23,2,0,7,0.9118048874822923,0.37777777777777777,0.2888888888888889,0.1773070906876516
Spawrious GCI,44,FedDiverse,135,2 12 14 15 16 17 20 22 23,3,2,4,0.971446825178591,0.5555555555555556,0.40000000000000013,0.23694902838395038
Spawrious GCI,44,FedDiverse,136,3 4 5 12 14 15 16 22 23,2,1,6,0.9318289394291791,0.37777777777777777,0.33333333333333337,0.19733114263453844
Spawrious GCI,44,FedDiverse,137,1 2 5 14 16 17 20 22 23,3,2,4,0.9318289394291791,0.37777777777777777,0.33333333333333337,0.19733114263453844
Spawrious GCI,44,FedDiverse,138,1 3 5 14 16 17 20 22 23,3,2,4,0.9318289394291791,0.37777777777777777,0.33333333333333337,0.19733114263453844
Spawrious GCI,44,FedDiverse,139,0 12 14 15 17 19 20 22 23,3,2,4,0.9855927945614879,0.7333333333333333,0.4222222222222223,0.2510949977668472
Spawrious GCI,44,FedDiverse,140,1 3 5 11 14 15 20 22 23,3,0,6,0.950120855560846,0.5555555555555556,0.3555555555555556,0.21562305876620536
Spawrious GCI,44,FedDiverse,141,0 2 11 13 14 15 20 22 23,3,0,6,0.950120855560846,0.5555555555555556,0.3555555555555556,0.21562305876620536
Spawrious GCI,44,FedDiverse,142,3 5 11 12 14 15 16 22 23,2,1,6,0.9318289394291791,0.37777777777777777,0.33333333333333337,0.19733114263453844
Spawrious GCI,44,FedDiverse,143,0 3 9 11 14 15 20 22 23,3,0,6,0.950120855560846,0.5555555555555556,0.3555555555555556,0.21562305876620536
Spawrious GCI,44,FedDiverse,144,0 1 12 14 15 17 19 22 23,2,2,5,0.9616745283253811,0.5555555555555556,0.3777777777777778,0.22717673153074047
Spawrious GCI,44,FedDiverse,145,3 4 12 14 15 17 19 22 23,2,2,5,0.9616745283253811,0.5555555555555556,0.3777777777777778,0.22717673153074047
Spawrious GCI,44,FedDiverse,146,3 5 11 14 15 20 21 22 23,4,0,5,0.9740391217969527,0.7333333333333333,0.4000000000000001,0.23954132500231207
Spawrious GCI,44,FedDiverse,147,3 5 9 12 14 15 17 22 23,2,1,6,0.9318289394291791,0.37777777777777777,0.33333333333333337,0.19733114263453844
Spawrious GCI,44,FedDiverse,148,5 6 8 11 14 15 16 22 23,2,1,6,0.9318289394291791,0.37777777777777777,0.33333333333333337,0.19733114263453844
Spawrious GCI,44,FedDiverse,149,9 11 12 14 15 17 20 22 23,3,1,5,0.9661890521968094,0.5555555555555556,0.38888888888888895,0.23169125540216873
Spawrious GCI,44,FedDiverse,150,0 1 3 11 16 17 20 22 23,3,2,4,0.9318289394291791,0.37777777777777777,0.33333333333333337,0.19733114263453844
Spawrious GCI,44,FedDiverse,151,0 1 11 13 14 15 20 22 23,3,0,6,0.950120855560846,0.5555555555555556,0.3555555555555556,0.21562305876620536
Spawrious GCI,44,FedDiverse,152,5 6 11 13 14 15 20 22 23,3,0,6,0.950120855560846,0.5555555555555556,0.3555555555555556,0.21562305876620536
Spawrious GCI,44,FedDiverse,153,7 12 13 14 15 17 20 22 23,3,1,5,0.9661890521968094,0.5555555555555556,0.38888888888888895,0.23169125540216873
Spawrious GCI,44,FedDiverse,154,1 7 10 14 16 17 20 22 23,3,2,4,0.9318289394291791,0.37777777777777777,0.33333333333333337,0.19733114263453844
Spawrious GCI,44,FedDiverse,155,1 2 3 10 16 17 20 22 23,3,2,4,0.9318289394291791,0.37777777777777777,0.33333333333333337,0.19733114263453844
Spawrious GCI,44,FedDiverse,156,5 7 12 14 15 17 20 22 23,3,1,5,0.9661890521968094,0.5555555555555556,0.38888888888888895,0.23169125540216873
Spawrious GCI,44,FedDiverse,157,1 2 7 12 16 17 20 22 23,3,2,4,0.9318289394291791,0.37777777777777777,0.33333333333333337,0.19733114263453844
Spawrious GCI,44,FedDiverse,158,1 5 11 13 14 15 16 17 23,1,2,6,0.9318289394291791,0.37777777777777777,0.33333333333333337,0.19733114263453844
Spawrious GCI,44,FedDiverse,159,0 3 8 11 14 15 20 22 23,3,0,6,0.950120855560846,0.5555555555555556,0.3555555555555556,0.21562305876620536
Spawrious GCI,44,FedDiverse,160,3 12 13 14 15 17 20 22 23,3,1,5,0.9661890521968094,0.5555555555555556,0.38888888888888895,0.23169125540216873
Spawrious GCI,44,FedDiverse,161,5 11 12 13 14 15 21 22 23,3,0,6,0.950120855560846,0.5555555555555556,0.3555555555555556,0.21562305876620536
Spawrious GCI,44,FedDiverse,162,3 6 10 11 14 15 20 22 23,3,0,6,0.950120855560846,0.5555555555555556,0.3555555555555556,0.21562305876620536
Spawrious GCI,44,FedDiverse,163,1 4 13 16 17 20 21 22 23,4,2,3,0.9616745283253811,0.5555555555555556,0.3777777777777778,0.22717673153074047
Spawrious GCI,44,FedDiverse,164,0 1 15 16 17 19 20 22 23,3,3,3,0.9908505675432692,0.7333333333333333,0.4333333333333334,0.2563527707486285
Spawrious GCI,44,FedDiverse,165,5 11 15 16 17 19 20 22 23,3,3,3,0.9908505675432692,0.7333333333333333,0.4333333333333334,0.2563527707486285
Spawrious GCI,44,FedDiverse,166,1 2 4 7 16 17 20 22 23,3,2,4,0.9318289394291791,0.37777777777777777,0.33333333333333337,0.19733114263453844
Spawrious GCI,44,FedDiverse,167,1 3 8 14 15 17 20 22 23,3,1,5,0.9661890521968094,0.5555555555555556,0.38888888888888895,0.23169125540216873
Spawrious GCI,44,FedDiverse,168,1 5 8 11 14 15 19 22 23,2,1,6,0.9416504763784943,0.5555555555555556,0.33333333333333337,0.20715267958385364
Spawrious GCI,44,FedDiverse,169,3 6 10 11 14 15 20 22 23,3,0,6,0.950120855560846,0.5555555555555556,0.3555555555555556,0.21562305876620536
Spawrious GCI,44,FedDiverse,170,8 11 12 15 16 17 20 22 23,3,2,4,0.971446825178591,0.5555555555555556,0.40000000000000013,0.23694902838395038
Spawrious GCI,44,FedDiverse,171,1 2 9 14 16 17 20 22 23,3,2,4,0.9318289394291791,0.37777777777777777,0.33333333333333337,0.19733114263453844
Spawrious GCI,44,FedDiverse,172,6 10 12 14 15 17 19 22 23,2,2,5,0.9616745283253811,0.5555555555555556,0.3777777777777778,0.22717673153074047
Spawrious GCI,44,FedDiverse,173,0 3 5 12 14 15 17 22 23,2,1,6,0.9318289394291791,0.37777777777777777,0.33333333333333337,0.19733114263453844
Spawrious GCI,44,FedDiverse,174,0 5 12 14 15 17 20 22 23,3,1,5,0.9661890521968094,0.5555555555555556,0.38888888888888895,0.23169125540216873
Spawrious GCI,44,FedDiverse,175,10 12 14 15 17 19 21 22 23,3,2,4,0.9855927945614879,0.7333333333333333,0.4222222222222223,0.2510949977668472
Spawrious GCI,44,FedDiverse,176,0 5 11 14 15 20 21 22 23,4,0,5,0.9740391217969527,0.7333333333333333,0.4000000000000001,0.23954132500231207
Spawrious GCI,44,FedDiverse,177,3 6 7 11 14 15 20 22 23,3,0,6,0.950120855560846,0.5555555555555556,0.3555555555555556,0.21562305876620536
Spawrious GCI,44,FedDiverse,178,5 10 12 14 15 17 19 22 23,2,2,5,0.9616745283253811,0.5555555555555556,0.3777777777777778,0.22717673153074047
Spawrious GCI,44,FedDiverse,179,5 12 13 15 16 17 19 20 23,2,3,4,0.9855927945614879,0.7333333333333333,0.4222222222222223,0.2510949977668472
Spawrious GCI,44,FedDiverse,180,10 12 14 15 16 17 18 22 23,2,3,4,0.971446825178591,0.5555555555555556,0.4,0.23694902838395038
Spawrious GCI,44,FedDiverse,181,7 8 12 15 16 17 20 22 23,3,2,4,0.971446825178591,0.5555555555555556,0.40000000000000013,0.23694902838395038
Spawrious GCI,44,FedDiverse,182,3 8 12 14 15 17 20 22 23,3,1,5,0.9661890521968094,0.5555555555555556,0.38888888888888895,0.23169125540216873
Spawrious GCI,44,FedDiverse,183,1 6 11 13 14 15 20 22 23,3,0,6,0.950120855560846,0.5555555555555556,0.3555555555555556,0.21562305876620536
Spawrious GCI,44,FedDiverse,184,5 7 12 15 16 17 20 22 23,3,2,4,0.971446825178591,0.5555555555555556,0.40000000000000013,0.23694902838395038
Spawrious GCI,44,FedDiverse,185,1 2 5 7 16 17 20 22 23,3,2,4,0.9318289394291791,0.37777777777777777,0.33333333333333337,0.19733114263453844
Spawrious GCI,44,FedDiverse,186,3 4 7 11 14 15 20 22 23,3,0,6,0.950120855560846,0.5555555555555556,0.3555555555555556,0.21562305876620536
Spawrious GCI,44,FedDiverse,187,1 4 5 11 14 15 20 22 23,3,0,6,0.950120855560846,0.5555555555555556,0.3555555555555556,0.21562305876620536
Spawrious GCI,44,FedDiverse,188,4 9 15 16 17 20 21 22 23,4,2,3,0.9855927945614879,0.7333333333333333,0.4222222222222223,0.2510949977668472
Spawrious GCI,44,FedDiverse,189,7 8 13 15 16 17 20 22 23,3,2,4,0.971446825178591,0.5555555555555556,0.40000000000000013,0.23694902838395038
Spawrious GCI,44,FedDiverse,190,0 3 4 11 14 15 20 22 23,3,0,6,0.950120855560846,0.5555555555555556,0.3555555555555556,0.21562305876620536
Spawrious GCI,44,FedDiverse,191,0 9 15 16 17 20 21 22 23,4,2,3,0.9855927945614879,0.7333333333333333,0.4222222222222223,0.2510949977668472
Spawrious GCI,44,FedDiverse,192,1 3 8 13 16 17 20 22 23,3,2,4,0.9318289394291791,0.37777777777777777,0.33333333333333337,0.19733114263453844
Spawrious GCI,44,FedDiverse,193,1 11 13 15 16 17 20 22 23,3,2,4,0.971446825178591,0.5555555555555556,0.40000000000000013,0.23694902838395038
Spawrious GCI,44,FedDiverse,194,1 4 14 15 17 19 20 22 23,3,2,4,0.9855927945614879,0.7333333333333333,0.4222222222222223,0.2510949977668472
Spawrious GCI,44,FedDiverse,195,2 6 15 16 17 18 20 22 23,3,3,3,0.9908505675432692,0.7333333333333333,0.4333333333333334,0.2563527707486285
Spawrious GCI,44,FedDiverse,196,3 12 13 14 15 17 19 22 23,2,2,5,0.9616745283253811,0.5555555555555556,0.3777777777777778,0.22717673153074047
Spawrious GCI,44,FedDiverse,197,2 10 12 14 15 17 19 22 23,2,2,5,0.9616745283253811,0.5555555555555556,0.3777777777777778,0.22717673153074047
Spawrious GCI,44,FedDiverse,198,1 5 7 8 11 14 15 22 23,2,0,7,0.9118048874822923,0.37777777777777777,0.2888888888888889,0.1773070906876516
Spawrious GCI,44,FedDiverse,199,9 11 12 15 16 17 20 22 23,3,2,4,0.971446825178591,0.5555555555555556,0.40000000000000013,0.23694902838395038
Spawrious GAI,42,Random,1,0 2 4 6 8 11 15 18 24,1,7,1,0.7666044504309112,0.1117861482381531,0.40989366152435414,0.1889675887217528
Spawrious GAI,42,Random,2,5 6 7 9 12 13 21 22 23,2,6,1,0.7586411467801415,0.09013398294762484,0.2876510082392436,0.11852253389958811
Spawrious GAI,42,Random,3,0 1 4 5 9 17 20 22 23,0,7,2,0.771458230829973,0.09815950920245399,0.40098648096750567,0.1918574027690788
Spawrious GAI,42,Random,4,3 5 6 7 9 10 11 16 21,2,6,1,0.7737317409057404,0.0975609756097561,0.3869266663384311,0.18135398190290197
Spawrious GAI,42,Random,5,5 8 9 10 16 18 22 23 24,0,7,2,0.7744533721546205,0.06382978723404255,0.26728405956347134,0.12136547412651799
Spawrious GAI,42,Random,6,1 2 4 13 15 17 18 21 24,0,8,1,0.721226176666341,0.09004739336492891,0.3060133196162608,0.1321004943844578
Spawrious GAI,42,Random,7,0 2 4 6 8 10 12 20 22,1,7,1,0.7675951473039568,0.09846153846153846,0.4000075133851225,0.18606375128066088
Spawrious GAI,42,Random,8,4 8 16 17 18 19 20 21 23,0,8,1,0.7350064047953656,0.050119331742243436,0.18340531575825691,0.08192989523663174
Spawrious GAI,42,Random,9,1 2 3 6 10 12 19 21 23,1,7,1,0.7339415221366501,0.09696969696969697,0.3346806699747876,0.14740025387971956
Spawrious GAI,42,Random,10,3 4 5 6 15 17 18 22 23,1,8,0,0.6977372838927575,0.08433734939759036,0.33310449486920074,0.1505273532120499
Spawrious GAI,42,Random,11,1 2 5 8 15 16 17 21 23,0,7,2,0.7625363140803777,0.07701564380264742,0.34877207230148405,0.1656101747008507
Spawrious GAI,42,Random,12,1 4 5 7 9 10 11 14 22,1,6,2,0.7698906312667319,0.0972644376899696,0.3854478766243472,0.1794434402262951
Spawrious GAI,42,Random,13,2 3 8 9 12 15 17 19 20,0,7,2,0.7478872324735959,0.057519472738166565,0.2991653285770933,0.1386456540090707
Spawrious GAI,42,Random,14,0 5 8 9 10 12 16 17 19,0,7,2,0.7827362189354004,0.07077486272117145,0.3122063857357975,0.14307909791179307
Spawrious GAI,42,Random,15,4 7 9 11 12 17 19 22 24,1,7,1,0.753133045568032,0.08333333333333333,0.26934656989804057,0.110430018662526
Spawrious GAI,42,Random,16,0 1 3 7 8 16 18 20 24,1,6,2,0.7765795023778682,0.12469437652811736,0.36944916414793083,0.15961130309248672
Spawrious GAI,42,Random,17,1 4 10 13 15 16 17 19 20,0,8,1,0.724338230668274,0.0695026962252846,0.20103063338357455,0.0835771601945382
Spawrious GAI,42,Random,18,0 7 8 9 11 16 18 19 24,1,6,2,0.8016176298253858,0.0972644376899696,0.3046427632824692,0.12459313757729118
Spawrious GAI,42,Random,19,0 2 5 8 12 17 18 19 23,0,8,1,0.744415749897113,0.0779537149817296,0.3394256733915178,0.15640540553472682
Spawrious GAI,42,Random,20,3 4 6 9 10 16 18 19 23,1,7,1,0.7583282779081695,0.07724803862401931,0.34550703668350735,0.15947157056624073
Spawrious GAI,42,Random,21,0 2 14 15 16 18 22 23 24,0,9,0,0.6923642257181329,0.08383233532934131,0.1954483348577277,0.06441348457567553
Spawrious GAI,42,Random,22,4 6 8 10 14 16 18 21 23,1,7,1,0.7494772110108222,0.0699216395418927,0.2457777163659517,0.1028796497911787
Spawrious GAI,42,Random,23,1 2 4 8 9 10 11 17 21,0,6,3,0.7896719517466263,0.07724803862401931,0.38523952641599707,0.1888398895835931
Spawrious GAI,42,Random,24,4 5 9 10 13 17 22 23 24,0,8,1,0.7262972696062803,0.07079646017699115,0.28146744231303056,0.12485614823939895
Spawrious GAI,42,Random,25,1 2 7 8 11 14 17 23 24,1,6,2,0.7790403460001699,0.10311750599520383,0.33832947601329955,0.14474683539615574
Spawrious GAI,42,Random,26,1 5 6 11 13 14 22 23 24,1,7,1,0.7427848294559657,0.10280932456664674,0.28244655174802236,0.11239724163545772
Spawrious GAI,42,Random,27,1 2 3 6 8 15 17 20 24,1,6,2,0.7611707563736925,0.11044417767106843,0.3848503124238418,0.17461809964739328
Spawrious GAI,42,Random,28,0 5 6 7 10 12 18 20 23,2,7,0,0.7311582885659568,0.11145510835913312,0.2949665639418961,0.1122709097875424
Spawrious GAI,42,Random,29,2 3 6 14 17 19 20 21 24,1,8,0,0.7097053425665784,0.0903149138443256,0.292769824019824,0.11864909232229348
Spawrious GAI,42,Random,30,3 4 6 8 12 13 15 16 21,1,7,1,0.7583282779081695,0.07724803862401931,0.34550703668350735,0.15947157056624073
Spawrious GAI,42,Random,31,5 6 7 10 12 16 17 19 24,2,7,0,0.71649803625735,0.10311750599520383,0.23564092681739746,0.08417988047444047
Spawrious GAI,42,Random,32,2 3 5 7 13 15 16 17 21,1,8,0,0.7131032944623479,0.08433734939759036,0.3585055643879173,0.16589336378164032
Spawrious GAI,42,Random,33,4 5 6 8 11 12 14 22 24,1,7,1,0.7366395771973937,0.09058402860548272,0.3261264796191268,0.1416774041696025
Spawrious GAI,42,Random,34,4 7 9 14 15 20 22 23 24,1,7,1,0.753133045568032,0.08333333333333333,0.26934656989804057,0.110430018662526
Spawrious GAI,42,Random,35,1 5 6 12 13 14 19 20 22,1,7,1,0.7414795600241985,0.08958837772397095,0.262120982709218,0.10719743788955294
Spawrious GAI,42,Random,36,0 2 6 7 12 13 17 21 23,2,7,0,0.7489080782747412,0.11145510835913312,0.3204203427163579,0.13002069949632677
Spawrious GAI,42,Random,37,1 2 3 6 7 8 10 16 24,2,5,2,0.7897678410144984,0.13098847786537296,0.4380230582436465,0.20969413262728942
Spawrious GAI,42,Random,38,0 1 5 11 13 14 17 18 24,0,8,1,0.7312486670909181,0.1037394451145959,0.28411005335815587,0.11170744224995255
Spawrious GAI,42,Random,39,0 7 10 11 15 17 18 19 23,1,8,0,0.7283458620341737,0.0832313341493268,0.16959442623579246,0.05523868103895413
Spawrious GAI,42,Random,40,0 1 5 6 9 11 19 22 24,1,6,2,0.7936722103506261,0.12469437652811736,0.39569027953159835,0.17670401106524458
Spawrious GAI,42,Random,41,0 1 4 7 10 13 17 20 24,1,7,1,0.7526893611931647,0.12431444241316271,0.343092216752084,0.13962708469128937
Spawrious GAI,42,Random,42,2 3 4 11 16 17 20 21 23,0,9,0,0.6866866542521808,0.06440071556350627,0.2943585296526473,0.132997775232383
Spawrious GAI,42,Random,43,4 6 10 13 14 15 17 18 23,1,8,0,0.7023540682192632,0.06971153846153846,0.16593598946540122,0.05966242978312575
Spawrious GAI,42,Random,44,1 2 7 9 13 14 16 17 21,1,6,2,0.7805108578511245,0.08986035215543413,0.32518014576838106,0.14232281293297278
Spawrious GAI,42,Random,45,7 11 13 14 15 17 21 23 24,1,8,0,0.7185428456841759,0.07587433313574392,0.10984848484848486,0.03200488768446108
Spawrious GAI,42,Random,46,2 3 7 8 9 15 17 20 21,1,6,2,0.7775902661665467,0.0774818401937046,0.37489052194934547,0.17482763604111184
Spawrious GAI,42,Random,47,0 2 3 8 10 13 19 20 24,0,8,1,0.7117822027218846,0.09140108238123873,0.30083277361503175,0.127666392673636
Spawrious GAI,42,Random,48,7 9 11 14 15 17 19 23 24,1,7,1,0.7620071695565364,0.07609988109393578,0.18734625260360557,0.0715632887733153
Spawrious GAI,42,Random,49,1 3 5 7 13 15 18 19 24,1,7,1,0.7447309624527595,0.11011370436864153,0.3658787191875427,0.1620842285099665
Spawrious GAI,42,Random,50,2 7 10 11 17 18 21 22 24,1,8,0,0.7186720523602637,0.0830860534124629,0.21540480088274208,0.0798749482382638
Spawrious GAI,42,Random,51,1 2 7 10 14 15 19 21 24,1,7,1,0.7447223625764406,0.10280932456664674,0.2862549777990955,0.11433477475593268
Spawrious GAI,42,Random,52,2 5 6 9 16 17 19 23 24,1,7,1,0.7593561255097064,0.09058402860548272,0.3623206968795205,0.16439395248191524
Spawrious GAI,42,Random,53,2 9 11 12 17 20 21 22 24,0,8,1,0.7354301817299118,0.06364172068355922,0.20416192842663433,0.0862482064853155
Spawrious GAI,42,Random,54,3 4 6 7 9 10 14 17 18,2,6,1,0.7737317409057404,0.0975609756097561,0.3869266663384311,0.18135398190290197
Spawrious GAI,42,Random,55,5 6 8 10 14 19 20 21 24,1,7,1,0.753133045568032,0.08333333333333333,0.26934656989804057,0.110430018662526
Spawrious GAI,42,Random,56,0 1 3 6 11 12 13 14 18,1,7,1,0.7477416513414451,0.1111111111111111,0.3189201140814044,0.13078484052543227
Spawrious GAI,42,Random,57,0 2 6 12 14 15 20 23 24,1,8,0,0.721544896148226,0.10405323653962492,0.27488292164525563,0.10007310334485897
Spawrious GAI,42,Random,58,4 5 6 8 9 13 15 16 20,1,6,2,0.7711026102964729,0.0774818401937046,0.36368930486577544,0.16833998017103802
Spawrious GAI,42,Random,59,2 3 5 8 14 16 18 19 21,0,8,1,0.7320954551307596,0.0645933014354067,0.3555799879329291,0.17450065332745557
Spawrious GAI,42,Random,60,2 3 10 13 14 18 20 22 23,0,9,0,0.6825695205122446,0.05717689100655152,0.19733905028022675,0.08113978761473184
Spawrious GAI,42,Random,61,0 3 7 11 12 16 18 19 23,1,8,0,0.7246783705039861,0.09068627450980392,0.2607135771272394,0.09931204338648136
Spawrious GAI,42,Random,62,0 1 3 8 10 11 12 21 22,0,7,2,0.7498603133669435,0.09068627450980392,0.2896674400469467,0.12251863142833419
Spawrious GAI,42,Random,63,4 6 7 13 19 20 21 23 24,2,7,0,0.71649803625735,0.10311750599520383,0.23564092681739746,0.08417988047444047
Spawrious GAI,42,Random,64,1 2 8 16 17 20 21 23 24,0,7,2,0.7519354702989037,0.0830860534124629,0.264203959240724,0.11116301135579931
Spawrious GAI,42,Random,65,0 1 3 4 14 16 17 18 23,0,8,1,0.7255612758911925,0.09785932721712538,0.3393893733552178,0.14986637061380437
Spawrious GAI,42,Random,66,0 1 4 12 15 16 19 22 24,0,8,1,0.7312486670909181,0.1037394451145959,0.28411005335815587,0.11170744224995255
Spawrious GAI,42,Random,67,5 9 10 13 14 17 22 23 24,0,8,1,0.7377936878863688,0.06364172068355922,0.2077454568263392,0.08861171264177248
Spawrious GAI,42,Random,68,1 3 5 8 13 17 22 23 24,0,7,2,0.7614768545779361,0.0903149138443256,0.36076161462190875,0.1684452495125467
Spawrious GAI,42,Random,69,5 6 7 8 10 12 13 16 21,2,6,1,0.7586411467801415,0.09013398294762484,0.2876510082392436,0.11852253389958811
Spawrious GAI,42,Random,70,1 5 6 8 9 13 14 21 23,1,5,3,0.8119546100573857,0.09013398294762484,0.3716271628036334,0.16986064235572773
Spawrious GAI,42,Random,71,0 2 6 7 12 14 20 21 22,2,7,0,0.7489080782747412,0.11145510835913312,0.3204203427163579,0.13002069949632677
Spawrious GAI,42,Random,72,1 4 5 9 14 17 21 23 24,0,7,2,0.7609870043978172,0.0903149138443256,0.3607952218246336,0.16795539933242776
Spawrious GAI,42,Random,73,4 7 8 9 11 12 14 15 19,1,6,2,0.7852294564899998,0.07013301088270858,0.3049864814570697,0.13472597248684992
Spawrious GAI,42,Random,74,0 2 4 8 9 12 14 18 23,0,7,2,0.7771987914184384,0.07819181429444105,0.3805458962005452,0.185282524272546
Spawrious GAI,42,Random,75,1 2 6 7 8 14 19 20 24,2,5,2,0.8023702906202275,0.12356147789218655,0.39195588405147236,0.17455572835530364
Spawrious GAI,42,Random,76,0 1 7 10 11 12 14 16 20,1,7,1,0.7577430915096048,0.10357583230579531,0.24799403632420713,0.09304542681587713
Spawrious GAI,42,Random,77,4 5 6 9 10 15 16 18 22,1,7,1,0.7312669411701908,0.07724803862401931,0.3044887015475251,0.132410233828262
Spawrious GAI,42,Random,78,2 4 6 13 17 19 20 21 22,1,8,0,0.7124823388458018,0.07701564380264742,0.2763164233752469,0.11753155428737938
Spawrious GAI,42,Random,79,5 6 8 9 12 13 19 22 24,1,6,2,0.789447322783802,0.08358208955223881,0.32620321407086117,0.14283837309478975
Spawrious GAI,42,Random,80,1 2 5 9 10 14 15 19 23,0,7,2,0.7625363140803777,0.07701564380264742,0.34877207230148405,0.1656101747008507
Spawrious GAI,42,Random,81,0 4 5 14 16 17 19 23 24,0,9,0,0.6859648938548538,0.09112709832134293,0.2797398794493197,0.10575500659011139
Spawrious GAI,42,Random,82,4 5 11 13 16 19 20 22 23,0,9,0,0.6694679784340107,0.05717689100655152,0.17654285301344128,0.06803824553649795
Spawrious GAI,42,Random,83,1 2 7 10 12 13 14 16 24,1,7,1,0.7447223625764406,0.10280932456664674,0.2862549777990955,0.11433477475593268
Spawrious GAI,42,Random,84,1 5 6 11 12 17 20 21 22,1,7,1,0.7414795600241985,0.08958837772397095,0.262120982709218,0.10719743788955294
Spawrious GAI,42,Random,85,0 1 2 3 4 6 7 12 23,2,6,1,0.7672570764200137,0.14759224515322075,0.4778398892250883,0.2522609216985211
Spawrious GAI,42,Random,86,0 2 11 13 15 17 18 22 23,0,9,0,0.6961775478294493,0.0703456640388114,0.180507702803718,0.06433227237285433
Spawrious GAI,42,Random,87,0 3 4 7 11 14 15 17 22,1,8,0,0.7217625730702729,0.09815950920245399,0.34093628733097425,0.14413709983048317
Spawrious GAI,42,Random,88,0 1 8 9 11 12 14 15 20,0,6,3,0.7911166678559967,0.08348680171884591,0.2659461558892299,0.11212820925616629
Spawrious GAI,42,Random,89,3 4 5 6 8 9 11 12 15,1,6,2,0.7865013244178418,0.08484848484848485,0.4508364361305538,0.23147954817012195
Spawrious GAI,42,Random,90,1 4 5 8 9 15 17 20 22,0,6,3,0.7928690149946211,0.07724803862401931,0.3910919675625558,0.19203695283158795
Spawrious GAI,42,Random,91,3 6 9 11 20 21 22 23 24,1,7,1,0.7605006092062075,0.08333333333333333,0.2822514550455727,0.11779758230070159
Spawrious GAI,42,Random,92,0 2 13 16 17 19 22 23 24,0,9,0,0.6923642257181329,0.08383233532934131,0.1954483348577277,0.06441348457567553
Spawrious GAI,42,Random,93,0 6 10 11 12 18 21 22 24,1,8,0,0.7275476719665438,0.09667673716012085,0.19051896408988445,0.05833502528546175
Spawrious GAI,42,Random,94,1 7 9 10 13 14 15 17 22,1,6,2,0.7862856397710147,0.08247422680412371,0.24371282312458784,0.10035674097514813
Spawrious GAI,42,Random,95,0 5 9 10 15 19 20 21 23,0,8,1,0.7474742331239079,0.0705596107055961,0.2604350493344801,0.11172303488380675
Spawrious GAI,42,Random,96,2 4 5 7 14 15 18 21 22,1,8,0,0.6977372838927575,0.08433734939759036,0.33310449486920074,0.1505273532120499
Spawrious GAI,42,Random,97,1 4 13 15 16 17 20 21 24,0,8,1,0.7246593651628322,0.08284023668639054,0.22212748995837234,0.08779282900323404
Spawrious GAI,42,Random,98,0 6 7 12 16 17 18 22 23,2,7,0,0.7468189274189515,0.1038961038961039,0.2297548540432791,0.08019069476282203
Spawrious GAI,42,Random,99,4 5 9 10 14 18 21 23 24,0,8,1,0.7262972696062803,0.07079646017699115,0.28146744231303056,0.12485614823939895
Spawrious GAI,42,Random,100,0 1 2 5 9 12 13 15 24,0,7,2,0.7611499620369875,0.11144760751059964,0.3914324322886942,0.18544366829023085
Spawrious GAI,42,Random,101,0 6 9 12 13 16 18 22 23,1,7,1,0.7706966180095438,0.08348680171884591,0.2393249276550985,0.09368351423081789
Spawrious GAI,42,Random,102,3 5 7 9 13 15 21 22 23,1,7,1,0.7583282779081695,0.07724803862401931,0.34550703668350735,0.15947157056624073
Spawrious GAI,42,Random,103,2 4 5 8 9 11 15 16 24,0,7,2,0.7738196431113088,0.07819905213270142,0.4218434834243658,0.21621345283863624
Spawrious GAI,42,Random,104,1 2 8 10 12 13 18 20 23,0,7,2,0.7538825964348979,0.06971153846153846,0.25028334145981207,0.10921560317765588
Spawrious GAI,42,Random,105,3 5 6 7 8 11 12 15 16,2,6,1,0.7737317409057404,0.0975609756097561,0.3869266663384311,0.18135398190290197
Spawrious GAI,42,Random,106,1 2 6 9 10 12 17 18 24,1,6,2,0.7790403460001699,0.10311750599520383,0.33832947601329955,0.14474683539615574
Spawrious GAI,42,Random,107,1 3 6 9 15 18 20 21 23,1,6,2,0.7805108578511245,0.08986035215543413,0.32518014576838106,0.14232281293297278
Spawrious GAI,42,Random,108,1 3 11 13 15 18 19 22 23,0,8,1,0.7200116183235108,0.0695026962252846,0.19317476376299905,0.07925054784977503
Spawrious GAI,42,Random,109,0 3 8 10 11 13 16 21 24,0,8,1,0.7347177400343136,0.08408408408408409,0.25485756033075774,0.10286107610835005
Spawrious GAI,42,Random,110,0 3 9 10 12 18 19 22 24,0,8,1,0.7347177400343136,0.08408408408408409,0.25485756033075774,0.10286107610835005
Spawrious GAI,42,Random,111,1 4 8 10 16 18 19 21 23,0,7,2,0.7655467952054089,0.06971153846153846,0.26878216289981,0.12087980194816694
Spawrious GAI,42,Random,112,0 4 8 9 13 17 19 20 21,0,7,2,0.7827362189354004,0.07077486272117145,0.3122063857357975,0.14307909791179307
Spawrious GAI,42,Random,113,0 7 10 11 14 18 20 23 24,1,8,0,0.7275476719665438,0.09667673716012085,0.19051896408988445,0.05833502528546175
Spawrious GAI,42,Random,114,2 3 7 11 14 16 18 19 21,1,8,0,0.7129617065351731,0.07701564380264742,0.27842816078110194,0.11801092197675067
Spawrious GAI,42,Random,115,0 2 4 6 8 9 13 20 24,1,6,2,0.7998656095960904,0.11212675198049969,0.44597980485077265,0.21832282510342582
Spawrious GAI,42,Random,116,0 11 12 13 14 16 17 18 24,0,9,0,0.7035845705032195,0.07655502392344497,0.11063071508398835,0.027892975483047144
Spawrious GAI,42,Random,117,5 10 11 16 19 20 21 22 24,0,9,0,0.6886279351455472,0.06345475910693302,0.12757389227977464,0.04335188268445711
Spawrious GAI,42,Random,118,2 9 10 11 12 18 20 21 23,0,8,1,0.7359800489455003,0.050119331742243436,0.1846459052341405,0.08290353938676642
Spawrious GAI,42,Random,119,0 4 5 9 12 14 15 21 23,0,8,1,0.738851416695078,0.0779537149817296,0.33430234141809095,0.15084107233269184
Spawrious GAI,42,Random,120,0 2 3 6 8 9 14 17 24,1,6,2,0.7692886863503491,0.11212675198049969,0.40257493112687615,0.18774590185768447
Spawrious GAI,42,Random,121,5 7 8 9 11 12 13 16 24,1,6,2,0.789447322783802,0.08358208955223881,0.32620321407086117,0.14283837309478975
Spawrious GAI,42,Random,122,1 3 5 10 12 16 17 18 22,0,8,1,0.7232274910274312,0.07678464307138572,0.2916716563775387,0.13020727443141045
Spawrious GAI,42,Random,123,0 1 7 8 9 14 16 18 21,1,5,3,0.8159915486072074,0.10421836228287841,0.33727776545613364,0.14348203834646722
Spawrious GAI,42,Random,124,5 7 8 9 15 18 19 21 23,1,6,2,0.7852294564899998,0.07013301088270858,0.3049864814570697,0.13472597248684992
Spawrious GAI,42,Random,125,0 1 3 9 10 11 20 21 24,0,7,2,0.7460720514063381,0.10405323653962492,0.29666054577107714,0.12262490378186641
Spawrious GAI,42,Random,126,0 4 7 8 9 19 22 23 24,1,6,2,0.8021041320475267,0.1046865489957395,0.38484914994046876,0.17282049367714725
Spawrious GAI,42,Random,127,0 2 5 6 7 14 15 23 24,2,7,0,0.7405104702329082,0.13219094247246022,0.3951679586760233,0.17325847964634622
Spawrious GAI,42,Random,128,1 4 6 11 12 16 19 22 24,1,7,1,0.7427848294559657,0.10280932456664674,0.28244655174802236,0.11239724163545772
Spawrious GAI,42,Random,129,3 8 11 12 14 15 19 23 24,0,8,1,0.7354301817299118,0.06364172068355922,0.20416192842663433,0.0862482064853155
Spawrious GAI,42,Random,130,2 4 12 15 17 18 20 22 23,0,9,0,0.6913606242524807,0.05717689100655152,0.21171572642160882,0.0899308913549679
Spawrious GAI,42,Random,131,2 3 5 7 10 15 18 19 21,1,8,0,0.7131032944623479,0.08433734939759036,0.3585055643879173,0.16589336378164032
Spawrious GAI,42,Random,132,1 2 3 4 11 13 21 22 23,0,8,1,0.7127874482093697,0.08408408408408409,0.3541213864743276,0.16750808549106389
Spawrious GAI,42,Random,133,0 2 6 8 12 17 18 19 24,1,7,1,0.7629101156432873,0.10436893203883495,0.3316101885539742,0.13753240005641398
Spawrious GAI,42,Random,134,2 3 6 10 13 15 16 17 23,1,8,0,0.7129617065351731,0.07701564380264742,0.27842816078110194,0.11801092197675067
Spawrious GAI,42,Random,135,1 3 5 9 12 14 15 16 21,0,7,2,0.7625363140803777,0.07701564380264742,0.34877207230148405,0.1656101747008507
Spawrious GAI,42,Random,136,3 5 8 12 13 18 19 20 24,0,8,1,0.7385910307786487,0.07079646017699115,0.3011732460261873,0.1371499094117674
Spawrious GAI,42,Random,137,0 2 8 9 10 13 17 18 23,0,7,2,0.7644618570262447,0.07077486272117145,0.28339743377694043,0.12480473600263742
Spawrious GAI,42,Random,138,0 3 4 7 9 10 11 19 21,1,7,1,0.7675951473039568,0.09846153846153846,0.4000075133851225,0.18606375128066088
Spawrious GAI,42,Random,139,0 3 5 6 7 9 12 16 19,2,6,1,0.7863714570952088,0.11940298507462686,0.44009024464432434,0.21131900941100312
Spawrious GAI,42,Random,140,0 4 8 12 13 15 17 18 23,0,8,1,0.7474742331239079,0.0705596107055961,0.2604350493344801,0.11172303488380675
Spawrious GAI,42,Random,141,5 7 10 12 13 14 22 23 24,1,8,0,0.7050999584807255,0.0830860534124629,0.19185696391578747,0.06630285435872563
Spawrious GAI,42,Random,142,1 4 9 11 12 17 18 21 22,0,7,2,0.7655467952054089,0.06971153846153846,0.26878216289981,0.12087980194816694
Spawrious GAI,42,Random,143,0 1 2 3 5 6 13 16 17,1,7,1,0.739739829520886,0.12623762376237624,0.439492871466306,0.21826472646030315
Spawrious GAI,42,Random,144,1 2 6 7 9 10 17 20 21,2,5,2,0.8031194932117347,0.11042944785276074,0.37957784134254724,0.1714103966326732
Spawrious GAI,42,Random,145,0 2 6 12 13 16 18 19 20,1,8,0,0.7246783705039861,0.09068627450980392,0.2607135771272394,0.09931204338648136
Spawrious GAI,42,Random,146,0 4 5 6 12 17 21 23 24,1,8,0,0.7011366787211859,0.11144760751059964,0.3257439769240055,0.1274057397955337
Spawrious GAI,42,Random,147,5 6 7 8 10 13 18 21 22,2,6,1,0.7586411467801415,0.09013398294762484,0.2876510082392436,0.11852253389958811
Spawrious GAI,42,Random,148,0 1 6 12 13 14 18 20 24,1,7,1,0.7557407982518846,0.11685940353012782,0.26332316876671713,0.0949376678722944
Spawrious GAI,42,Random,149,1 4 5 6 12 13 14 16 19,1,7,1,0.7248565521810479,0.09696969696969697,0.32038646744529103,0.1383152839241174
Spawrious GAI,42,Random,150,2 3 9 10 12 18 19 21 22,0,8,1,0.7221577809431284,0.05734767025089606,0.2585686703333762,0.11682212526210956
Spawrious GAI,42,Random,151,0 2 7 8 15 16 22 23 24,1,7,1,0.7629101156432873,0.10436893203883495,0.3316101885539742,0.13753240005641398
Spawrious GAI,42,Random,152,3 5 7 9 15 17 20 22 23,1,7,1,0.7583282779081695,0.07724803862401931,0.34550703668350735,0.15947157056624073
Spawrious GAI,42,Random,153,2 3 5 7 8 9 13 16 19,1,6,2,0.7886257059654859,0.08484848484848485,0.4549516020104256,0.233603929717766
Spawrious GAI,42,Random,154,2 9 10 12 18 19 21 22 24,0,8,1,0.7354301817299118,0.06364172068355922,0.20416192842663433,0.0862482064853155
Spawrious GAI,42,Random,155,0 1 4 5 11 15 16 18 24,0,8,1,0.7249630387675999,0.1111111111111111,0.35560076953577907,0.1531626678043494
Spawrious GAI,42,Random,156,2 3 4 7 8 11 15 16 18,1,7,1,0.7574051519975552,0.08459214501510574,0.41704506410388764,0.20628929853334144
Spawrious GAI,42,Random,157,0 3 6 12 15 17 19 20 21,1,8,0,0.7246783705039861,0.09068627450980392,0.2607135771272394,0.09931204338648136
Spawrious GAI,42,Random,158,6 7 9 12 16 17 18 23 24,2,6,1,0.7775069969096163,0.0960960960960961,0.2453903327065092,0.09354206446548552
Spawrious GAI,42,Random,159,1 2 3 4 9 10 18 19 22,0,7,2,0.7497891778359617,0.08433734939759036,0.4005706888059829,0.20060389233414955
Spawrious GAI,42,Random,160,0 1 3 6 7 10 12 14 15,2,6,1,0.7740786738992714,0.132252027448534,0.3746628698241602,0.16360081142234884
Spawrious GAI,42,Random,161,3 4 6 7 9 17 18 21 24,2,6,1,0.7757738950639994,0.11077664057796509,0.40296903899845077,0.18729067037529856
Spawrious GAI,42,Random,162,3 6 9 10 15 18 20 21 23,1,7,1,0.7606259776222383,0.0699216395418927,0.26350671938907233,0.11402841640259476
Spawrious GAI,42,Random,163,1 4 6 7 8 13 18 22 24,2,5,2,0.7970605081024503,0.12356147789218655,0.3823019962725846,0.1692459458375265
Spawrious GAI,42,Random,164,2 3 4 6 10 11 19 20 22,1,8,0,0.7131032944623479,0.08433734939759036,0.3585055643879173,0.16589336378164032
Spawrious GAI,42,Random,165,0 1 3 4 6 12 16 23 24,1,7,1,0.7484590962726673,0.13178767541183647,0.40533202571271837,0.18313767364850708
Spawrious GAI,42,Random,166,2 3 5 6 13 14 15 16 17,1,8,0,0.7131032944623479,0.08433734939759036,0.3585055643879173,0.16589336378164032
Spawrious GAI,42,Random,167,4 6 9 12 13 17 18 19 24,1,7,1,0.753133045568032,0.08333333333333333,0.26934656989804057,0.110430018662526
Spawrious GAI,42,Random,168,0 2 6 7 12 14 19 22 23,2,7,0,0.7489080782747412,0.11145510835913312,0.3204203427163579,0.13002069949632677
Spawrious GAI,42,Random,169,2 3 4 11 12 16 18 20 22,0,9,0,0.6866866542521808,0.06440071556350627,0.2943585296526473,0.132997775232383
Spawrious GAI,42,Random,170,3 5 7 10 13 14 15 16 18,1,8,0,0.7124823388458018,0.07701564380264742,0.2763164233752469,0.11753155428737938
Spawrious GAI,42,Random,171,0 5 7 12 15 19 20 21 24,1,8,0,0.7181475975941827,0.10405323653962492,0.27074167429361934,0.09667580479081561
Spawrious GAI,42,Random,172,2 3 7 10 12 14 18 22 24,1,8,0,0.7097053425665784,0.0903149138443256,0.292769824019824,0.11864909232229348
Spawrious GAI,42,Random,173,3 9 10 12 13 18 19 20 24,0,8,1,0.7354301817299118,0.06364172068355922,0.20416192842663433,0.0862482064853155
Spawrious GAI,42,Random,174,0 6 9 10 12 14 16 17 22,1,7,1,0.7706966180095438,0.08348680171884591,0.2393249276550985,0.09368351423081789
Spawrious GAI,42,Random,175,2 5 7 10 11 12 15 16 22,1,8,0,0.7124823388458018,0.07701564380264742,0.2763164233752469,0.11753155428737938
Spawrious GAI,42,Random,176,1 3 4 6 7 11 13 15 21,2,6,1,0.7642015615847294,0.11757501530924679,0.3924459218576866,0.1841392416668891
Spawrious GAI,42,Random,177,4 7 9 13 16 17 18 23 24,1,7,1,0.753133045568032,0.08333333333333333,0.26934656989804057,0.110430018662526
Spawrious GAI,42,Random,178,0 2 3 7 11 17 19 21 22,1,8,0,0.7112687707228874,0.09815950920245399,0.32364143512151106,0.13364329748309767
Spawrious GAI,42,Random,179,0 2 3 4 7 11 14 20 24,1,8,0,0.7116487579005802,0.11885991510006064,0.40741614558621203,0.18565867285264304
Spawrious GAI,42,Random,180,5 6 7 8 10 15 18 21 23,2,6,1,0.7586411467801415,0.09013398294762484,0.2876510082392436,0.11852253389958811
Spawrious GAI,42,Random,181,1 5 8 10 12 13 16 17 20,0,7,2,0.7655467952054089,0.06971153846153846,0.26878216289981,0.12087980194816694
Spawrious GAI,42,Random,182,2 6 7 10 14 17 21 22 23,2,7,0,0.7406535003448033,0.08986035215543413,0.25535160829278475,0.1044408102477562
Spawrious GAI,42,Random,183,0 3 4 5 6 8 14 15 16,1,7,1,0.7622042127508578,0.1059765865680838,0.455001654242641,0.22841367060527673
Spawrious GAI,42,Random,184,0 3 5 7 8 12 16 21 23,1,7,1,0.7675951473039568,0.09846153846153846,0.4000075133851225,0.18606375128066088
Spawrious GAI,42,Random,185,1 9 16 18 19 20 21 22 24,0,7,2,0.7649935610264319,0.07587433313574392,0.18903816771463833,0.0764802482056125
Spawrious GAI,42,Random,186,1 3 5 7 8 16 17 21 22,1,6,2,0.7846395489978378,0.0972644376899696,0.4067268008444479,0.19419235795740108
Spawrious GAI,42,Random,187,3 4 9 10 11 12 14 18 23,0,8,1,0.7382559732553011,0.05734767025089606,0.28358829829418064,0.13292031757428224
Spawrious GAI,42,Random,188,2 8 10 12 16 19 21 22 24,0,8,1,0.7354301817299118,0.06364172068355922,0.20416192842663433,0.0862482064853155
Spawrious GAI,42,Random,189,5 10 13 14 15 16 18 23 24,0,9,0,0.6886279351455472,0.06345475910693302,0.12757389227977464,0.04335188268445711
Spawrious GAI,42,Random,190,1 2 3 4 5 6 13 15 20,1,7,1,0.7397907247389883,0.1117861482381531,0.46870774517833336,0.2487311642374877
Spawrious GAI,42,Random,191,0 3 7 9 10 12 16 19 23,1,7,1,0.7649983368056857,0.09096496619545175,0.3197929649542553,0.13572608690467491
Spawrious GAI,42,Random,192,0 1 7 9 15 20 21 22 23,1,6,2,0.792708543312755,0.1038961038961039,0.3029523817948866,0.12410495583552106
Spawrious GAI,42,Random,193,1 6 10 11 12 13 15 17 22,1,7,1,0.7503459942734308,0.08222490931076179,0.17863509039979628,0.06832301826107035
Spawrious GAI,42,Random,194,1 4 5 6 9 11 17 18 19,1,6,2,0.7698906312667319,0.0972644376899696,0.3854478766243472,0.1794434402262951
Spawrious GAI,42,Random,195,0 5 8 13 15 18 19 20 21,0,8,1,0.7474742331239079,0.0705596107055961,0.2604350493344801,0.11172303488380675
Spawrious GAI,42,Random,196,1 3 5 7 8 12 13 15 17,1,6,2,0.7846395489978378,0.0972644376899696,0.4067268008444479,0.19419235795740108
Spawrious GAI,42,Random,197,6 13 15 16 17 18 19 21 22,1,8,0,0.7171449227455367,0.062424969987995196,0.08199643493761141,0.026712430431684253
Spawrious GAI,42,Random,198,1 2 3 8 11 15 20 22 23,0,7,2,0.732832416221862,0.07701564380264742,0.30401303342479813,0.13590627684233503
Spawrious GAI,42,Random,199,1 5 6 11 12 15 19 22 24,1,7,1,0.7427848294559657,0.10280932456664674,0.28244655174802236,0.11239724163545772
Spawrious GAI,42,Random,200,0 4 7 9 10 16 17 20 23,1,7,1,0.7649983368056855,0.09096496619545175,0.32147055154645293,0.1357260869046747
Spawrious GAI,43,Random,1,0 1 4 8 12 14 15 19 20,0,7,2,0.7737984072941303,0.09068627450980392,0.3275728511022629,0.146456725355521
Spawrious GAI,43,Random,2,0 5 7 9 11 17 18 23 24,1,7,1,0.7664872650408522,0.10436893203883495,0.33811189302176026,0.1411095494539789
Spawrious GAI,43,Random,3,4 5 8 9 12 13 14 15 17,0,7,2,0.7624366169829485,0.057519472738166565,0.32094093858799744,0.1531950385184233
Spawrious GAI,43,Random,4,1 4 6 8 9 10 15 18 23,1,5,3,0.8119546100573857,0.09013398294762484,0.3716271628036334,0.16986064235572773
Spawrious GAI,43,Random,5,1 2 3 5 8 11 12 13 22,0,7,2,0.7497891778359617,0.08433734939759036,0.4005706888059829,0.20060389233414955
Spawrious GAI,43,Random,6,0 2 3 5 6 15 17 22 23,1,8,0,0.7160949569979714,0.10565110565110565,0.40193306986475874,0.18621033763589667
Spawrious GAI,43,Random,7,1 2 11 12 15 19 20 22 23,0,8,1,0.7200116183235108,0.0695026962252846,0.19317476376299905,0.07925054784977503
Spawrious GAI,43,Random,8,2 4 8 12 13 17 19 23 24,0,8,1,0.7385910307786487,0.07079646017699115,0.3011732460261873,0.1371499094117674
Spawrious GAI,43,Random,9,1 2 4 5 12 13 18 21 23,0,8,1,0.719011954285864,0.08408408408408409,0.3649481414187296,0.17373259156755816
Spawrious GAI,43,Random,10,0 4 6 12 13 15 21 22 23,1,8,0,0.7176737721706022,0.09068627450980392,0.25174821190001456,0.09230744505309751
Spawrious GAI,43,Random,11,1 2 3 11 12 14 16 17 18,0,8,1,0.7019701691092282,0.07678464307138572,0.25755556932027523,0.10894995251320738
Spawrious GAI,43,Random,12,0 6 7 9 11 12 15 21 22,2,6,1,0.7884988339747941,0.10421836228287841,0.29680339689827356,0.11796467853515857
Spawrious GAI,43,Random,13,2 4 8 12 13 15 19 21 23,0,8,1,0.7382559732553011,0.05734767025089606,0.28358829829418064,0.13292031757428224
Spawrious GAI,43,Random,14,5 6 7 13 17 18 20 22 24,2,7,0,0.71649803625735,0.10311750599520383,0.23564092681739746,0.08417988047444047
Spawrious GAI,43,Random,15,2 12 13 14 19 20 21 22 24,0,9,0,0.6926787000280796,0.06345475910693302,0.1346333156994922,0.04740264756698953
Spawrious GAI,43,Random,16,1 4 6 11 14 17 19 21 24,1,7,1,0.7427848294559657,0.10280932456664674,0.28244655174802236,0.11239724163545772
Spawrious GAI,43,Random,17,1 2 3 6 8 11 15 19 22,1,6,2,0.7645635072360231,0.0972644376899696,0.3784561755149991,0.17411631619558632
Spawrious GAI,43,Random,18,0 8 9 12 13 15 18 22 24,0,7,2,0.7787295696358447,0.07701564380264742,0.23011843140519617,0.0952261290486599
Spawrious GAI,43,Random,19,1 2 4 7 9 10 17 21 22,1,6,2,0.7846395489978378,0.0972644376899696,0.4067268008444479,0.19419235795740108
Spawrious GAI,43,Random,20,0 2 3 5 6 10 13 17 19,1,8,0,0.7160949569979714,0.10565110565110565,0.40193306986475874,0.18621033763589667
Spawrious GAI,43,Random,21,1 2 3 6 8 10 15 19 21,1,6,2,0.7645635072360231,0.0972644376899696,0.3784561755149991,0.17411631619558632
Spawrious GAI,43,Random,22,0 2 5 6 7 11 12 15 22,2,7,0,0.7414782546724297,0.11903285802851829,0.3837009771544876,0.17033172977173017
Spawrious GAI,43,Random,23,0 7 8 9 11 14 21 22 24,1,6,2,0.8016176298253858,0.0972644376899696,0.3046427632824692,0.12459313757729118
Spawrious GAI,43,Random,24,0 1 4 7 9 14 16 21 22,1,6,2,0.7936153963206538,0.11145510835913312,0.38464434346787285,0.17275266272113476
Spawrious GAI,43,Random,25,0 4 6 9 10 18 20 22 24,1,7,1,0.7664872650408522,0.10436893203883495,0.33811189302176026,0.1411095494539789
Spawrious GAI,43,Random,26,2 3 5 6 7 12 21 23 24,2,7,0,0.733687076855805,0.11778846153846154,0.413792790631026,0.19685062882832538
Spawrious GAI,43,Random,27,4 5 6 11 12 13 16 19 24,1,8,0,0.6841887562007641,0.0903149138443256,0.24864503540974134,0.09313250595647926
Spawrious GAI,43,Random,28,2 7 8 9 10 12 19 21 23,1,6,2,0.7895004959871321,0.07013301088270858,0.312072532660768,0.1389970119839823
Spawrious GAI,43,Random,29,3 5 7 8 15 16 20 22 23,1,7,1,0.7583282779081695,0.07724803862401931,0.34550703668350735,0.15947157056624073
Spawrious GAI,43,Random,30,0 8 12 13 15 19 20 22 24,0,8,1,0.7478333678379427,0.07678464307138572,0.18069105414930844,0.06823585003426413
Spawrious GAI,43,Random,31,0 2 4 5 8 13 18 19 21,0,8,1,0.7437040261267849,0.08536585365853659,0.41136189001464146,0.20343453564211367
Spawrious GAI,43,Random,32,3 5 8 10 11 18 20 22 24,0,8,1,0.7385910307786487,0.07079646017699115,0.3011732460261873,0.1371499094117674
Spawrious GAI,43,Random,33,0 1 3 6 13 15 17 21 22,1,7,1,0.7477416513414451,0.1111111111111111,0.3189201140814044,0.13078484052543227
Spawrious GAI,43,Random,34,1 2 3 9 14 17 20 21 24,0,7,2,0.7290740647272518,0.0903149138443256,0.3111784578696344,0.13604245966186235
Spawrious GAI,43,Random,35,5 8 9 10 13 14 19 20 24,0,7,2,0.7744533721546205,0.06382978723404255,0.26728405956347134,0.12136547412651799
Spawrious GAI,43,Random,36,1 5 7 8 10 14 15 21 24,1,6,2,0.7841448368693692,0.10311750599520383,0.34516400178164885,0.14985132626535502
Spawrious GAI,43,Random,37,0 2 9 11 15 16 17 19 21,0,8,1,0.7373222678035105,0.0705596107055961,0.2422690491950454,0.10157106956340933
Spawrious GAI,43,Random,38,0 1 6 7 9 13 15 17 24,2,5,2,0.8127531885437401,0.13818630475015423,0.36867256517991814,0.154523083719734
Spawrious GAI,43,Random,39,0 9 10 12 15 20 21 22 23,0,8,1,0.7483445891393337,0.06318347509113001,0.16134734967752046,0.0648525370215175
Spawrious GAI,43,Random,40,2 3 9 13 15 17 19 21 23,0,8,1,0.7221577809431284,0.05734767025089606,0.2585686703333762,0.11682212526210956
Spawrious GAI,43,Random,41,0 3 5 7 9 14 15 20 21,1,7,1,0.7675951473039568,0.09846153846153846,0.4000075133851225,0.18606375128066088
Spawrious GAI,43,Random,42,4 6 10 13 14 16 20 21 24,1,8,0,0.7050999584807255,0.0830860534124629,0.19185696391578747,0.06630285435872563
Spawrious GAI,43,Random,43,0 3 5 7 12 15 17 23 24,1,8,0,0.7196379129367033,0.11144760751059964,0.35317455638850326,0.14590697401105113
Spawrious GAI,43,Random,44,2 5 6 8 9 10 12 14 17,1,6,2,0.7920132999998741,0.0774818401937046,0.39406468818233525,0.18925066987443928
Spawrious GAI,43,Random,45,2 4 8 14 16 17 18 19 23,0,8,1,0.7382559732553011,0.05734767025089606,0.28358829829418064,0.13292031757428224
Spawrious GAI,43,Random,46,2 4 8 10 19 20 22 23 24,0,8,1,0.7385910307786487,0.07079646017699115,0.3011732460261873,0.1371499094117674
Spawrious GAI,43,Random,47,1 4 6 8 13 14 16 17 18,1,6,2,0.7820894758335634,0.08986035215543413,0.3271905536611419,0.14390143091541163
Spawrious GAI,43,Random,48,3 7 9 11 15 19 20 21 23,1,7,1,0.7606259776222383,0.0699216395418927,0.26350671938907233,0.11402841640259476
Spawrious GAI,43,Random,49,1 4 5 8 17 18 21 22 24,0,7,2,0.7609870043978172,0.0903149138443256,0.3607952218246336,0.16795539933242776
Spawrious GAI,43,Random,50,2 5 8 12 15 16 18 20 21,0,8,1,0.7382559732553011,0.05734767025089606,0.28358829829418064,0.13292031757428224
Spawrious GAI,43,Random,51,3 5 8 9 10 19 20 22 24,0,7,2,0.7731973886729451,0.07100591715976332,0.3500607351710293,0.16785034452255743
Spawrious GAI,43,Random,52,1 3 7 11 12 13 14 16 19,1,7,1,0.7469716958232919,0.08958837772397095,0.2707535266358796,0.1126895736886464
Spawrious GAI,43,Random,53,2 3 4 5 14 17 19 21 24,0,9,0,0.6810864185449134,0.08490566037735849,0.37740840130546016,0.1790329277169681
Spawrious GAI,43,Random,54,5 8 9 10 13 14 16 19 24,0,7,2,0.7744533721546205,0.06382978723404255,0.26728405956347134,0.12136547412651799
Spawrious GAI,43,Random,55,5 6 8 9 11 15 16 18 22,1,6,2,0.7852294564899998,0.07013301088270858,0.3049864814570697,0.13472597248684992
Spawrious GAI,43,Random,56,1 4 5 13 17 18 21 22 23,0,8,1,0.712658123117769,0.07678464307138572,0.2762381938852527,0.11963790652174822
Spawrious GAI,43,Random,57,1 3 5 9 14 16 19 21 23,0,7,2,0.7625363140803777,0.07701564380264742,0.34877207230148405,0.1656101747008507
Spawrious GAI,43,Random,58,0 3 5 7 10 11 13 16 19,1,8,0,0.7217625730702729,0.09815950920245399,0.34093628733097425,0.14413709983048317
Spawrious GAI,43,Random,59,0 1 6 9 11 12 14 19 21,1,6,2,0.792708543312755,0.1038961038961039,0.3029523817948866,0.12410495583552106
Spawrious GAI,43,Random,60,1 4 7 9 12 15 18 20 22,1,6,2,0.7820894758335634,0.08986035215543413,0.3271905536611419,0.14390143091541163
Spawrious GAI,43,Random,61,0 2 4 7 12 13 17 20 21,1,8,0,0.7217625730702729,0.09815950920245399,0.34093628733097425,0.14413709983048317
Spawrious GAI,43,Random,62,2 7 10 11 12 13 16 19 22,1,8,0,0.7197346902473915,0.06971153846153846,0.19430794430794432,0.07704305181125404
Spawrious GAI,43,Random,63,1 4 6 11 15 16 18 22 24,1,7,1,0.7427848294559657,0.10280932456664674,0.28244655174802236,0.11239724163545772
Spawrious GAI,43,Random,64,0 3 5 8 9 10 18 20 24,0,7,2,0.7762151132061643,0.09167671893848009,0.3888512109574729,0.18819338037440947
Spawrious GAI,43,Random,65,0 3 8 9 16 18 19 20 23,0,7,2,0.7644618570262447,0.07077486272117145,0.28339743377694043,0.12480473600263742
Spawrious GAI,43,Random,66,4 5 6 7 12 13 16 18 19,2,7,0,0.6840732145836952,0.0972644376899696,0.2522683110918405,0.095601378364363
Spawrious GAI,43,Random,67,1 3 4 10 12 15 19 21 23,0,8,1,0.7232274910274312,0.07678464307138572,0.2916716563775387,0.13020727443141045
Spawrious GAI,43,Random,68,0 1 6 8 10 11 12 17 22,1,6,2,0.792708543312755,0.1038961038961039,0.3029523817948866,0.12410495583552106
Spawrious GAI,43,Random,69,0 2 4 6 7 10 12 16 22,2,7,0,0.7414782546724297,0.11903285802851829,0.3837009771544876,0.17033172977173017
Spawrious GAI,43,Random,70,0 2 9 10 14 15 17 20 22,0,8,1,0.7373222678035105,0.0705596107055961,0.2422690491950454,0.10157106956340933
Spawrious GAI,43,Random,71,2 7 8 12 16 17 18 19 20,1,7,1,0.7606259776222383,0.0699216395418927,0.26350671938907233,0.11402841640259476
Spawrious GAI,43,Random,72,1 8 11 12 14 15 17 18 24,0,7,2,0.7649935610264319,0.07587433313574392,0.18903816771463833,0.0764802482056125
Spawrious GAI,43,Random,73,1 2 4 9 13 14 17 21 24,0,7,2,0.7614768545779361,0.0903149138443256,0.36076161462190875,0.1684452495125467
Spawrious GAI,43,Random,74,5 6 9 11 13 14 15 16 20,1,7,1,0.7494772110108222,0.0699216395418927,0.2457777163659517,0.1028796497911787
Spawrious GAI,43,Random,75,0 1 4 11 12 13 16 20 24,0,8,1,0.7312486670909181,0.1037394451145959,0.28411005335815587,0.11170744224995255
Spawrious GAI,43,Random,76,1 2 6 12 13 14 15 16 20,1,7,1,0.7469716958232919,0.08958837772397095,0.2707535266358796,0.1126895736886464
Spawrious GAI,43,Random,77,1 6 12 13 16 17 18 20 22,1,7,1,0.7503459942734308,0.08222490931076179,0.17863509039979628,0.06832301826107035
Spawrious GAI,43,Random,78,1 3 4 13 15 17 21 22 24,0,8,1,0.721226176666341,0.09004739336492891,0.3060133196162608,0.1321004943844578
Spawrious GAI,43,Random,79,0 6 7 9 10 14 20 21 22,2,6,1,0.7884988339747941,0.10421836228287841,0.29680339689827356,0.11796467853515857
Spawrious GAI,43,Random,80,3 5 6 8 9 11 15 16 23,1,6,2,0.7920132999998741,0.0774818401937046,0.39406468818233525,0.18925066987443928
Spawrious GAI,43,Random,81,1 3 9 10 11 12 14 16 22,0,7,2,0.7538825964348979,0.06971153846153846,0.25028334145981207,0.10921560317765588
Spawrious GAI,43,Random,82,1 3 7 9 13 14 19 21 23,1,6,2,0.7805108578511245,0.08986035215543413,0.32518014576838106,0.14232281293297278
Spawrious GAI,43,Random,83,0 3 6 9 11 12 18 21 22,1,7,1,0.7649983368056857,0.09096496619545175,0.3197929649542553,0.13572608690467491
Spawrious GAI,43,Random,84,0 4 6 15 17 18 19 20 24,1,8,0,0.7181475975941827,0.10405323653962492,0.27074167429361934,0.09667580479081561
Spawrious GAI,43,Random,85,1 2 3 4 6 9 10 13 23,1,6,2,0.7771632170231811,0.1046865489957395,0.45807175513057874,0.23445687986045938
Spawrious GAI,43,Random,86,4 5 7 9 13 14 16 18 21,1,7,1,0.7312669411701908,0.07724803862401931,0.3044887015475251,0.132410233828262
Spawrious GAI,43,Random,87,2 3 5 6 11 14 19 20 21,1,8,0,0.7131032944623479,0.08433734939759036,0.3585055643879173,0.16589336378164032
Spawrious GAI,43,Random,88,1 2 3 6 7 9 17 19 20,2,5,2,0.792594856072249,0.11793611793611794,0.4324002088707971,0.2086266133709025
Spawrious GAI,43,Random,89,0 1 3 5 6 12 15 17 21,1,7,1,0.7516086282002132,0.11866501854140915,0.39868916206677113,0.1823926712619155
Spawrious GAI,43,Random,90,1 3 5 8 14 17 18 21 23,0,7,2,0.7625363140803777,0.07701564380264742,0.34877207230148405,0.1656101747008507
Spawrious GAI,43,Random,91,0 1 7 10 14 15 19 20 23,1,7,1,0.7577430915096048,0.10357583230579531,0.24799403632420713,0.09304542681587713
Spawrious GAI,43,Random,92,0 2 3 5 8 11 16 18 20,0,8,1,0.7315687412261836,0.08536585365853659,0.3902250045513803,0.19129925074151244
Spawrious GAI,43,Random,93,1 2 4 7 15 16 20 21 22,1,7,1,0.7459192436613851,0.09696969696969697,0.35230834348481405,0.15937797540445453
Spawrious GAI,43,Random,94,0 1 5 6 7 10 11 16 24,2,6,1,0.7696979400412906,0.14532019704433496,0.3815752714116092,0.1631146118785055
Spawrious GAI,43,Random,95,0 1 10 11 13 14 16 20 21,0,8,1,0.7327910823151578,0.08297742525930446,0.1712985096286804,0.06161446928233982
Spawrious GAI,43,Random,96,5 6 9 10 11 15 16 23 24,1,7,1,0.753133045568032,0.08333333333333333,0.26934656989804057,0.110430018662526
Spawrious GAI,43,Random,97,1 3 4 6 8 18 20 21 24,1,6,2,0.7842785023635279,0.11044417767106843,0.4179450556288792,0.19772584563722873
Spawrious GAI,43,Random,98,3 6 8 11 12 13 14 19 20,1,7,1,0.7606259776222383,0.0699216395418927,0.26350671938907233,0.11402841640259476
Spawrious GAI,43,Random,99,0 2 5 6 7 11 14 18 21,2,7,0,0.7414782546724297,0.11903285802851829,0.3837009771544876,0.17033172977173017
Spawrious GAI,43,Random,100,0 1 4 8 9 10 17 18 19,0,6,3,0.8022581091354748,0.09096496619545175,0.3645720315549538,0.1710105044133593
Spawrious GAI,43,Random,101,2 6 9 12 14 16 18 20 24,1,7,1,0.7605006092062075,0.08333333333333333,0.2822514550455727,0.11779758230070159
Spawrious GAI,43,Random,102,0 1 6 7 8 11 12 17 22,2,5,2,0.8130759177320649,0.125,0.3564668411916989,0.1509512785939212
Spawrious GAI,43,Random,103,2 3 6 10 12 14 17 18 23,1,8,0,0.7129617065351731,0.07701564380264742,0.27842816078110194,0.11801092197675067
Spawrious GAI,43,Random,104,2 5 6 12 15 16 18 19 22,1,8,0,0.7124823388458018,0.07701564380264742,0.2763164233752469,0.11753155428737938
Spawrious GAI,43,Random,105,0 4 5 11 15 16 18 21 22,0,9,0,0.685397494166478,0.0777170613236187,0.2619062049802088,0.10129307258759801
Spawrious GAI,43,Random,106,4 5 6 13 16 18 20 22 23,1,8,0,0.6798023205431658,0.07701564380264742,0.2246551364198423,0.08485153598474338
Spawrious GAI,43,Random,107,2 3 5 6 11 13 14 18 22,1,8,0,0.7131032944623479,0.08433734939759036,0.3585055643879173,0.16589336378164032
Spawrious GAI,43,Random,108,2 3 5 6 8 11 16 19 21,1,7,1,0.7574051519975552,0.08459214501510574,0.41704506410388764,0.20628929853334144
Spawrious GAI,43,Random,109,0 4 11 15 16 18 19 20 21,0,9,0,0.6990670994089785,0.0703456640388114,0.18803075112373024,0.06722182395238352
Spawrious GAI,43,Random,110,2 8 11 12 18 19 20 21 23,0,8,1,0.7359800489455003,0.050119331742243436,0.1846459052341405,0.08290353938676642
Spawrious GAI,43,Random,111,1 8 9 12 15 18 20 23 24,0,6,3,0.7905444603552236,0.07609988109393578,0.23381277627601157,0.09812522475089802
Spawrious GAI,43,Random,112,0 4 7 9 14 15 22 23 24,1,7,1,0.7664872650408522,0.10436893203883495,0.33811189302176026,0.1411095494539789
Spawrious GAI,43,Random,113,0 1 4 7 13 15 16 23 24,1,7,1,0.7526893611931647,0.12431444241316271,0.343092216752084,0.13962708469128937
Spawrious GAI,43,Random,114,0 4 8 12 14 16 18 21 22,0,8,1,0.7474742331239079,0.0705596107055961,0.2604350493344801,0.11172303488380675
Spawrious GAI,43,Random,115,1 3 4 5 8 9 13 18 20,0,6,3,0.795564253365314,0.08459214501510574,0.4584996879114526,0.24247304507999579
Spawrious GAI,43,Random,116,2 4 9 12 14 16 18 23 24,0,8,1,0.7385910307786487,0.07079646017699115,0.3011732460261873,0.1371499094117674
Spawrious GAI,43,Random,117,0 1 3 12 14 17 20 21 23,0,8,1,0.7174619186707627,0.09040928527794746,0.24267824960424583,0.09402615951565962
Spawrious GAI,43,Random,118,11 12 13 14 15 18 20 21 23,0,9,0,0.6969114406529426,0.0427807486631016,0.0,0.0
Spawrious GAI,43,Random,119,8 9 11 12 13 14 16 17 22,0,7,2,0.7718113054946797,0.04303646144650329,0.1444307326660268,0.06708801927472463
Spawrious GAI,43,Random,120,3 5 7 10 13 15 17 21 24,1,8,0,0.712499084423771,0.0903149138443256,0.2954822044895575,0.12144283417948609
Spawrious GAI,43,Random,121,4 5 9 10 11 12 19 22 23,0,8,1,0.7221577809431284,0.05734767025089606,0.2590583767054355,0.11682212526210956
Spawrious GAI,43,Random,122,6 9 12 14 16 18 20 21 23,1,7,1,0.7597623978622758,0.06261288380493679,0.1618463236110295,0.06542398276491723
Spawrious GAI,43,Random,123,3 7 10 17 18 19 20 23 24,1,8,0,0.7186720523602637,0.0830860534124629,0.21540480088274208,0.0798749482382638
Spawrious GAI,43,Random,124,0 4 8 11 13 20 21 22 24,0,8,1,0.7480331298343,0.08408408408408409,0.2778476783457809,0.11617646590833652
Spawrious GAI,43,Random,125,4 5 6 7 10 13 14 17 24,2,7,0,0.6902751847393387,0.11044417767106843,0.27548692254574614,0.10569788283414405
Spawrious GAI,43,Random,126,0 4 5 8 9 18 20 22 24,0,7,2,0.7813875823905186,0.09167671893848009,0.3991949486790569,0.1933658495587638
Spawrious GAI,43,Random,127,2 3 7 9 13 16 18 20 24,1,7,1,0.7495482284739292,0.09058402860548272,0.3489653645903646,0.15458605544613802
Spawrious GAI,43,Random,128,6 9 10 11 14 17 18 23 24,1,7,1,0.7620071695565364,0.07609988109393578,0.18734625260360557,0.0715632887733153
Spawrious GAI,43,Random,129,1 3 9 10 14 19 20 22 24,0,7,2,0.7519354702989037,0.0830860534124629,0.264203959240724,0.11116301135579931
Spawrious GAI,43,Random,130,1 5 12 14 16 18 20 21 23,0,8,1,0.724338230668274,0.0695026962252846,0.20103063338357455,0.0835771601945382
Spawrious GAI,43,Random,131,0 2 3 7 10 11 12 13 20,1,8,0,0.7112687707228874,0.09815950920245399,0.32364143512151106,0.13364329748309767
Spawrious GAI,43,Random,132,5 6 7 8 9 12 14 20 24,2,5,2,0.7996074800297079,0.1037394451145959,0.36462325984384814,0.159477478679786
Spawrious GAI,43,Random,133,5 9 11 12 14 16 19 22 24,0,8,1,0.7377936878863688,0.06364172068355922,0.2077454568263392,0.08861171264177248
Spawrious GAI,43,Random,134,0 2 3 11 18 19 20 21 24,0,9,0,0.6717858021178676,0.09112709832134293,0.2520746617342917,0.09157591485312522
Spawrious GAI,43,Random,135,1 3 10 12 13 15 16 17 23,0,8,1,0.7200116183235108,0.0695026962252846,0.19317476376299905,0.07925054784977503
Spawrious GAI,43,Random,136,0 2 8 11 13 14 15 18 21,0,8,1,0.7373222678035105,0.0705596107055961,0.2422690491950454,0.10157106956340933
Spawrious GAI,43,Random,137,8 10 11 14 16 18 20 23 24,0,8,1,0.7420013788232582,0.05650382577987051,0.10880306376629909,0.045078549700946935
Spawrious GAI,43,Random,138,1 2 7 9 11 12 16 18 19,1,6,2,0.7805108578511245,0.08986035215543413,0.32518014576838106,0.14232281293297278
Spawrious GAI,43,Random,139,1 6 8 10 11 17 19 20 21,1,6,2,0.7862856397710147,0.08247422680412371,0.24371282312458784,0.10035674097514813
Spawrious GAI,43,Random,140,1 7 8 12 15 17 19 20 24,1,6,2,0.7869898758831912,0.09580838323353294,0.263617346705582,0.1049555114014622
Spawrious GAI,43,Random,141,1 2 5 9 10 14 20 22 24,0,7,2,0.7614768545779361,0.0903149138443256,0.36076161462190875,0.1684452495125467
Spawrious GAI,43,Random,142,1 5 6 14 15 16 17 18 22,1,7,1,0.7414795600241985,0.08958837772397095,0.262120982709218,0.10719743788955294
Spawrious GAI,43,Random,143,0 6 10 11 13 16 17 20 22,1,8,0,0.7283458620341737,0.0832313341493268,0.16959442623579246,0.05523868103895413
Spawrious GAI,43,Random,144,8 12 14 15 16 17 19 22 24,0,8,1,0.7420013788232582,0.05650382577987051,0.10880306376629909,0.045078549700946935
Spawrious GAI,43,Random,145,0 1 6 8 9 11 12 20 24,1,5,3,0.8152913884074751,0.11757501530924679,0.3479026560620489,0.14667641246087249
Spawrious GAI,43,Random,146,2 5 7 11 13 15 18 22 23,1,8,0,0.7124823388458018,0.07701564380264742,0.2763164233752469,0.11753155428737938
Spawrious GAI,43,Random,147,1 9 11 12 14 15 19 23 24,0,7,2,0.7649935610264319,0.07587433313574392,0.18903816771463833,0.0764802482056125
Spawrious GAI,43,Random,148,3 4 8 10 13 18 19 20 21,0,8,1,0.7382559732553011,0.05734767025089606,0.28358829829418064,0.13292031757428224
Spawrious GAI,43,Random,149,0 1 3 6 7 12 17 19 20,2,6,1,0.7740786738992714,0.132252027448534,0.3746628698241602,0.16360081142234884
Spawrious GAI,43,Random,150,2 5 10 11 14 15 17 18 20,0,9,0,0.6913606242524807,0.05717689100655152,0.21171572642160882,0.0899308913549679
Spawrious GAI,43,Random,151,2 9 10 11 15 17 18 21 22,0,8,1,0.7359800489455003,0.050119331742243436,0.1846459052341405,0.08290353938676642
Spawrious GAI,43,Random,152,2 3 9 11 18 20 21 23 24,0,8,1,0.7196101515890443,0.07079646017699115,0.27132950018979435,0.11816903022216296
Spawrious GAI,43,Random,153,0 2 3 4 5 10 15 18 22,0,9,0,0.6873429538829267,0.09251369446135119,0.4091362364607146,0.19872024005947647
Spawrious GAI,43,Random,154,1 3 4 5 6 9 15 18 23,1,6,2,0.7808294545755906,0.1046865489957395,0.463053048347166,0.23812311741286885
Spawrious GAI,43,Random,155,1 2 7 8 9 12 13 18 21,1,5,3,0.8024841151412532,0.09013398294762484,0.3589738030914502,0.16039014743959523
Spawrious GAI,43,Random,156,4 6 9 13 14 16 20 21 22,1,7,1,0.7494772110108222,0.0699216395418927,0.2457777163659517,0.1028796497911787
Spawrious GAI,43,Random,157,1 2 7 10 11 13 16 22 23,1,7,1,0.7469716958232919,0.08958837772397095,0.2707535266358796,0.1126895736886464
Spawrious GAI,43,Random,158,0 2 4 14 18 20 21 23 24,0,9,0,0.6943746977477884,0.09112709832134293,0.2906820453665805,0.11416481048304594
Spawrious GAI,43,Random,159,4 5 7 9 10 11 15 17 20,1,7,1,0.7312669411701908,0.07724803862401931,0.3044887015475251,0.132410233828262
Spawrious GAI,43,Random,160,1 3 5 6 14 17 20 21 24,1,7,1,0.7447309624527595,0.11011370436864153,0.3658787191875427,0.1620842285099665
Spawrious GAI,43,Random,161,0 2 5 10 12 14 16 18 19,0,9,0,0.6974381666217926,0.0777170613236187,0.2776724887730581,0.1133337450429126
Spawrious GAI,43,Random,162,5 6 7 8 11 14 15 23 24,2,6,1,0.763576329610815,0.10342754058929646,0.310448574235339,0.12735225104439918
Spawrious GAI,43,Random,163,0 2 6 7 9 11 21 23 24,2,6,1,0.7872355266405915,0.12507664009809932,0.38786370804278775,0.16833675939280845
Spawrious GAI,43,Random,164,0 2 4 8 15 16 17 21 22,0,8,1,0.744415749897113,0.0779537149817296,0.3394256733915178,0.15640540553472682
Spawrious GAI,43,Random,165,0 1 2 3 4 8 9 15 23,0,6,3,0.7652823306637799,0.1059765865680838,0.4326736133187745,0.2295164336970944
Spawrious GAI,43,Random,166,2 3 4 5 8 9 12 18 19,0,7,2,0.7710315383871924,0.07207207207207207,0.467951232657115,0.25727166767809717
Spawrious GAI,43,Random,167,1 6 8 10 17 18 20 23 24,1,6,2,0.7869898758831912,0.09580838323353294,0.263617346705582,0.1049555114014622
Spawrious GAI,43,Random,168,6 9 11 13 16 19 21 23 24,1,7,1,0.7620071695565364,0.07609988109393578,0.18734625260360557,0.0715632887733153
Spawrious GAI,43,Random,169,1 2 3 4 8 16 17 21 23,0,7,2,0.7497891778359617,0.08433734939759036,0.4005706888059829,0.20060389233414955
Spawrious GAI,43,Random,170,8 12 13 17 18 19 22 23 24,0,8,1,0.7420013788232582,0.05650382577987051,0.10880306376629909,0.045078549700946935
Spawrious GAI,43,Random,171,3 4 5 6 7 13 14 17 24,2,7,0,0.7118250146167846,0.11778846153846154,0.37672742544066073,0.17498856658930495
Spawrious GAI,43,Random,172,0 3 4 6 8 11 20 22 23,1,7,1,0.7675951473039568,0.09846153846153846,0.4000075133851225,0.18606375128066088
Spawrious GAI,43,Random,173,2 3 5 9 12 14 15 16 24,0,8,1,0.7302640139368072,0.07796810395747195,0.36640974232886003,0.17656374644764072
Spawrious GAI,43,Random,174,2 7 13 14 15 17 19 23 24,1,8,0,0.7186720523602637,0.0830860534124629,0.21540480088274208,0.0798749482382638
Spawrious GAI,43,Random,175,0 3 4 7 9 14 19 22 24,1,7,1,0.7666044504309112,0.1117861482381531,0.40989366152435414,0.1889675887217528
Spawrious GAI,43,Random,176,2 3 7 14 16 19 20 22 24,1,8,0,0.7097053425665784,0.0903149138443256,0.292769824019824,0.11864909232229348
Spawrious GAI,43,Random,177,1 3 7 9 11 14 15 19 23,1,6,2,0.7805108578511245,0.08986035215543413,0.32518014576838106,0.14232281293297278
Spawrious GAI,43,Random,178,0 2 5 8 10 12 18 19 24,0,8,1,0.7426778065108425,0.09140108238123873,0.3500831090667429,0.15856199646259383
Spawrious GAI,43,Random,179,5 8 10 13 14 15 17 19 24,0,8,1,0.7377936878863688,0.06364172068355922,0.2077454568263392,0.08861171264177248
Spawrious GAI,43,Random,180,0 2 12 15 18 20 22 23 24,0,9,0,0.6923642257181329,0.08383233532934131,0.1954483348577277,0.06441348457567553
Spawrious GAI,43,Random,181,0 4 11 14 15 17 19 21 24,0,9,0,0.6984472949919177,0.08383233532934131,0.20779550105332842,0.0704965538494603
Spawrious GAI,43,Random,182,5 10 13 14 15 17 18 20 24,0,9,0,0.6886279351455472,0.06345475910693302,0.12757389227977464,0.04335188268445711
Spawrious GAI,43,Random,183,0 1 5 7 10 13 17 23 24,1,7,1,0.7526893611931647,0.12431444241316271,0.343092216752084,0.13962708469128937
Spawrious GAI,43,Random,184,0 4 7 9 14 16 19 21 22,1,7,1,0.7649983368056855,0.09096496619545175,0.32147055154645293,0.1357260869046747
Spawrious GAI,43,Random,185,3 4 5 6 7 11 16 21 22,2,7,0,0.7090218963562545,0.1046865489957395,0.36026400732283087,0.16829091401463714
Spawrious GAI,43,Random,186,0 2 5 9 13 18 21 23 24,0,8,1,0.7426778065108425,0.09140108238123873,0.3500831090667429,0.15856199646259383
Spawrious GAI,43,Random,187,0 6 10 12 14 15 20 23 24,1,8,0,0.7275476719665438,0.09667673716012085,0.19051896408988445,0.05833502528546175
Spawrious GAI,43,Random,188,4 5 11 14 15 19 20 23 24,0,9,0,0.6724608790270235,0.07058823529411765,0.20130403953933368,0.07492568044364822
Spawrious GAI,43,Random,189,0 2 4 9 13 14 16 17 23,0,8,1,0.744415749897113,0.0779537149817296,0.3394256733915178,0.15640540553472682
Spawrious GAI,43,Random,190,5 9 11 13 18 19 21 22 24,0,8,1,0.7377936878863688,0.06364172068355922,0.2077454568263392,0.08861171264177248
Spawrious GAI,43,Random,191,1 6 8 13 16 17 20 21 24,1,6,2,0.7869898758831912,0.09580838323353294,0.263617346705582,0.1049555114014622
Spawrious GAI,43,Random,192,0 2 4 5 9 11 14 16 21,0,8,1,0.7437040261267849,0.08536585365853659,0.41136189001464146,0.20343453564211367
Spawrious GAI,43,Random,193,3 6 7 10 12 13 16 18 21,2,7,0,0.7406535003448033,0.08986035215543413,0.25535160829278475,0.1044408102477562
Spawrious GAI,43,Random,194,0 1 2 7 10 12 18 21 23,1,7,1,0.7477416513414451,0.1111111111111111,0.3189201140814044,0.13078484052543227
Spawrious GAI,43,Random,195,3 5 7 13 14 15 17 21 23,1,8,0,0.7124823388458018,0.07701564380264742,0.2763164233752469,0.11753155428737938
Spawrious GAI,43,Random,196,5 7 8 11 12 13 16 17 22,1,7,1,0.7494772110108222,0.0699216395418927,0.2457777163659517,0.1028796497911787
Spawrious GAI,43,Random,197,1 3 10 11 16 20 22 23 24,0,8,1,0.7171847738034509,0.08284023668639054,0.20944750246220836,0.08031823764385271
Spawrious GAI,43,Random,198,0 1 5 8 15 18 19 21 23,0,7,2,0.7737984072941303,0.09068627450980392,0.3275728511022629,0.146456725355521
Spawrious GAI,43,Random,199,3 7 9 10 11 12 13 17 23,1,7,1,0.7606259776222383,0.0699216395418927,0.26350671938907233,0.11402841640259476
Spawrious GAI,43,Random,200,0 5 8 9 10 11 16 18 21,0,7,2,0.7827362189354004,0.07077486272117145,0.3122063857357975,0.14307909791179307
Spawrious GAI,44,Random,1,2 3 14 16 17 19 20 21 24,0,9,0,0.67882056370291,0.07058823529411765,0.21245200105494227,0.08128536511953477
Spawrious GAI,44,Random,2,0 5 7 10 16 18 19 21 24,1,8,0,0.7181475975941827,0.10405323653962492,0.27074167429361934,0.09667580479081561
Spawrious GAI,44,Random,3,1 3 6 7 10 12 15 20 21,2,6,1,0.7698297760412979,0.11009174311926606,0.32783318077435725,0.1420266022457426
Spawrious GAI,44,Random,4,1 2 5 6 16 18 21 23 24,1,7,1,0.7447309624527595,0.11011370436864153,0.3658787191875427,0.1620842285099665
Spawrious GAI,44,Random,5,0 2 5 11 16 17 18 19 20,0,9,0,0.6974381666217926,0.0777170613236187,0.2776724887730581,0.1133337450429126
Spawrious GAI,44,Random,6,1 2 3 6 9 10 13 22 24,1,6,2,0.7611707563736925,0.11044417767106843,0.3848503124238418,0.17461809964739328
Spawrious GAI,44,Random,7,0 10 12 14 16 17 20 21 24,0,9,0,0.7035845705032195,0.07655502392344497,0.11063071508398835,0.027892975483047144
Spawrious GAI,44,Random,8,0 1 5 7 10 14 16 18 20,1,7,1,0.7534617857504055,0.1111111111111111,0.3296941597700611,0.13650497493439262
Spawrious GAI,44,Random,9,2 9 11 14 18 19 21 22 24,0,8,1,0.7354301817299118,0.06364172068355922,0.20416192842663433,0.0862482064853155
Spawrious GAI,44,Random,10,1 5 6 7 16 18 21 22 24,2,6,1,0.7562841079513111,0.12318840579710146,0.32226650480326957,0.13237546846989334
Spawrious GAI,44,Random,11,5 10 11 12 15 16 19 20 24,0,9,0,0.6886279351455472,0.06345475910693302,0.12757389227977464,0.04335188268445711
Spawrious GAI,44,Random,12,2 3 6 7 9 16 18 19 21,2,6,1,0.7774046849902576,0.0975609756097561,0.3948838654721008,0.1850269259874192
Spawrious GAI,44,Random,13,4 5 9 13 15 20 22 23 24,0,8,1,0.7262972696062803,0.07079646017699115,0.28146744231303056,0.12485614823939895
Spawrious GAI,44,Random,14,2 3 9 15 16 18 19 20 21,0,8,1,0.7221577809431284,0.05734767025089606,0.2585686703333762,0.11682212526210956
Spawrious GAI,44,Random,15,2 5 7 8 10 11 12 17 22,1,7,1,0.7583282779081695,0.07724803862401931,0.34550703668350735,0.15947157056624073
Spawrious GAI,44,Random,16,4 6 7 9 10 12 14 19 24,2,6,1,0.763576329610815,0.10342754058929646,0.310448574235339,0.12735225104439918
Spawrious GAI,44,Random,17,3 5 6 8 9 11 14 17 18,1,6,2,0.7920132999998741,0.0774818401937046,0.39406468818233525,0.18925066987443928
Spawrious GAI,44,Random,18,2 3 4 6 10 16 20 21 22,1,8,0,0.7131032944623479,0.08433734939759036,0.3585055643879173,0.16589336378164032
Spawrious GAI,44,Random,19,0 3 5 7 13 14 17 18 20,1,8,0,0.7217625730702729,0.09815950920245399,0.34093628733097425,0.14413709983048317
Spawrious GAI,44,Random,20,3 7 9 11 14 17 18 19 22,1,7,1,0.7606259776222383,0.0699216395418927,0.26350671938907233,0.11402841640259476
Spawrious GAI,44,Random,21,0 3 4 10 16 18 19 21 23,0,9,0,0.6974381666217926,0.0777170613236187,0.2776724887730581,0.1133337450429126
Spawrious GAI,44,Random,22,6 8 11 12 13 19 21 22 23,1,7,1,0.7597623978622758,0.06261288380493679,0.1618463236110295,0.06542398276491723
Spawrious GAI,44,Random,23,1 4 8 10 12 14 16 21 24,0,7,2,0.7667191511257411,0.0830860534124629,0.28752689855631036,0.12594669218263665
Spawrious GAI,44,Random,24,1 6 10 13 14 15 18 22 24,1,7,1,0.7503414639846507,0.0955223880597015,0.20089173489908785,0.07221302228642779
Spawrious GAI,44,Random,25,2 5 6 7 10 15 16 19 20,2,7,0,0.7287599627437633,0.0972644376899696,0.3204180115944822,0.14028812652443112
Spawrious GAI,44,Random,26,0 1 3 6 10 13 14 17 24,1,7,1,0.7436028353430162,0.12431444241316271,0.3274940531878388,0.1305405588411409
Spawrious GAI,44,Random,27,6 7 10 14 16 19 21 22 23,2,7,0,0.7323468902020168,0.08247422680412371,0.14349376114081996,0.04839334622725466
Spawrious GAI,44,Random,28,3 4 6 10 13 14 19 22 23,1,8,0,0.7124823388458018,0.07701564380264742,0.2763164233752469,0.11753155428737938
Spawrious GAI,44,Random,29,0 7 8 14 17 21 22 23 24,1,7,1,0.7708388406806531,0.09696969696969697,0.257897344590893,0.09772027121606475
Spawrious GAI,44,Random,30,0 1 2 3 6 11 14 19 20,1,7,1,0.7275401441811682,0.11866501854140915,0.3616548989414265,0.15832418724287045
Spawrious GAI,44,Random,31,0 1 7 13 16 18 21 23 24,1,7,1,0.7557407982518846,0.11685940353012782,0.26332316876671713,0.0949376678722944
Spawrious GAI,44,Random,32,4 7 10 14 16 17 18 20 22,1,8,0,0.7023540682192632,0.06971153846153846,0.16593598946540122,0.05966242978312575
Spawrious GAI,44,Random,33,2 3 4 10 11 13 15 17 19,0,9,0,0.6866866542521808,0.06440071556350627,0.2943585296526473,0.132997775232383
Spawrious GAI,44,Random,34,0 1 6 7 18 19 20 22 23,2,6,1,0.7783888776492787,0.12461059190031153,0.304190454285331,0.1201701612946412
Spawrious GAI,44,Random,35,2 6 9 10 12 18 20 22 23,1,7,1,0.7606259776222383,0.0699216395418927,0.26350671938907233,0.11402841640259476
Spawrious GAI,44,Random,36,1 2 4 6 10 15 16 17 21,1,7,1,0.7459192436613851,0.09696969696969697,0.35230834348481405,0.15937797540445453
Spawrious GAI,44,Random,37,0 1 2 4 9 10 16 20 22,0,7,2,0.7640892747994472,0.09815950920245399,0.386370402025051,0.18448844673855302
Spawrious GAI,44,Random,38,0 2 3 4 6 9 17 19 21,1,7,1,0.760106566579588,0.1059765865680838,0.4503531823266169,0.2263160244340069
Spawrious GAI,44,Random,39,0 3 4 5 8 9 12 18 20,0,7,2,0.7816887005725945,0.0856269113149847,0.45247395105080124,0.237513287304417
Spawrious GAI,44,Random,40,5 6 7 9 13 14 16 18 19,2,6,1,0.7586411467801415,0.09013398294762484,0.2876510082392436,0.11852253389958811
Spawrious GAI,44,Random,41,2 3 6 11 12 16 20 22 23,1,8,0,0.7129617065351731,0.07701564380264742,0.27842816078110194,0.11801092197675067
Spawrious GAI,44,Random,42,7 8 10 12 15 17 18 19 21,1,7,1,0.7597623978622758,0.06261288380493679,0.1618463236110295,0.06542398276491723
Spawrious GAI,44,Random,43,3 4 6 11 16 17 19 22 23,1,8,0,0.7124823388458018,0.07701564380264742,0.2763164233752469,0.11753155428737938
Spawrious GAI,44,Random,44,3 7 10 13 14 15 17 20 21,1,8,0,0.7197346902473915,0.06971153846153846,0.19430794430794432,0.07704305181125404
Spawrious GAI,44,Random,45,5 9 15 16 18 19 21 22 24,0,8,1,0.7377936878863688,0.06364172068355922,0.2077454568263392,0.08861171264177248
Spawrious GAI,44,Random,46,1 2 6 9 12 14 16 22 23,1,6,2,0.7805108578511245,0.08986035215543413,0.32518014576838106,0.14232281293297278
Spawrious GAI,44,Random,47,1 2 8 12 13 16 20 21 24,0,7,2,0.7519354702989037,0.0830860534124629,0.264203959240724,0.11116301135579931
Spawrious GAI,44,Random,48,2 8 12 14 17 19 21 22 24,0,8,1,0.7354301817299118,0.06364172068355922,0.20416192842663433,0.0862482064853155
Spawrious GAI,44,Random,49,2 3 4 6 11 14 16 19 21,1,8,0,0.7131032944623479,0.08433734939759036,0.3585055643879173,0.16589336378164032
Spawrious GAI,44,Random,50,0 1 4 8 14 16 18 19 21,0,7,2,0.7737984072941303,0.09068627450980392,0.3275728511022629,0.146456725355521
Spawrious GAI,44,Random,51,1 4 7 9 15 16 20 23 24,1,6,2,0.7841448368693692,0.10311750599520383,0.34516400178164885,0.14985132626535502
Spawrious GAI,44,Random,52,4 7 9 11 15 19 20 23 24,1,7,1,0.753133045568032,0.08333333333333333,0.26934656989804057,0.110430018662526
Spawrious GAI,44,Random,53,1 5 14 15 17 18 20 21 24,0,8,1,0.7246593651628322,0.08284023668639054,0.22212748995837234,0.08779282900323404
Spawrious GAI,44,Random,54,4 6 8 9 16 18 21 22 23,1,6,2,0.7852294564899998,0.07013301088270858,0.3049864814570697,0.13472597248684992
Spawrious GAI,44,Random,55,4 8 10 11 12 14 17 18 22,0,8,1,0.7350064047953656,0.050119331742243436,0.18340531575825691,0.08192989523663174
Spawrious GAI,44,Random,56,1 3 4 5 7 13 14 15 23,1,7,1,0.7372428907570219,0.10436893203883495,0.4086427527603998,0.1984424763778062
Spawrious GAI,44,Random,57,3 8 12 16 17 18 21 23 24,0,8,1,0.7354301817299118,0.06364172068355922,0.20416192842663433,0.0862482064853155
Spawrious GAI,44,Random,58,4 5 6 7 11 13 16 17 21,2,7,0,0.6840732145836952,0.0972644376899696,0.2522683110918405,0.095601378364363
Spawrious GAI,44,Random,59,1 3 4 6 12 14 15 21 23,1,7,1,0.7459192436613851,0.09696969696969697,0.35230834348481405,0.15937797540445453
Spawrious GAI,44,Random,60,2 3 5 9 13 15 16 21 22,0,8,1,0.7320954551307596,0.0645933014354067,0.3555799879329291,0.17450065332745557
Spawrious GAI,44,Random,61,0 2 7 8 9 11 16 17 23,1,6,2,0.7922000387432225,0.09124537607891492,0.3582393909718388,0.1590218660587055
Spawrious GAI,44,Random,62,1 2 4 6 7 14 16 18 20,2,6,1,0.7642015615847294,0.11757501530924679,0.3924459218576866,0.1841392416668891
Spawrious GAI,44,Random,63,1 4 5 6 7 9 17 21 22,2,5,2,0.7759291465426228,0.11793611793611794,0.40641508288567113,0.1919609038412763
Spawrious GAI,44,Random,64,0 2 5 7 11 15 20 22 24,1,8,0,0.7196379129367033,0.11144760751059964,0.35317455638850326,0.14590697401105113
Spawrious GAI,44,Random,65,1 3 5 10 11 15 16 18 23,0,8,1,0.7232274910274312,0.07678464307138572,0.2916716563775387,0.13020727443141045
Spawrious GAI,44,Random,66,0 4 6 9 13 20 21 22 24,1,7,1,0.7664872650408522,0.10436893203883495,0.33811189302176026,0.1411095494539789
Spawrious GAI,44,Random,67,0 3 5 8 10 17 18 21 22,0,8,1,0.744415749897113,0.0779537149817296,0.3394256733915178,0.15640540553472682
Spawrious GAI,44,Random,68,0 2 4 5 7 9 22 23 24,1,7,1,0.7625292630960768,0.1192214111922141,0.46295672692138523,0.2326332552646334
Spawrious GAI,44,Random,69,1 2 4 5 7 10 11 14 19,1,7,1,0.7372428907570219,0.10436893203883495,0.4086427527603998,0.1984424763778062
Spawrious GAI,44,Random,70,2 5 7 14 15 16 17 22 24,1,8,0,0.712499084423771,0.0903149138443256,0.2954822044895575,0.12144283417948609
Spawrious GAI,44,Random,71,0 1 2 5 6 10 12 17 21,1,7,1,0.7516086282002132,0.11866501854140915,0.39868916206677113,0.1823926712619155
Spawrious GAI,44,Random,72,0 3 4 7 12 15 17 19 20,1,8,0,0.7217625730702729,0.09815950920245399,0.34093628733097425,0.14413709983048317
Spawrious GAI,44,Random,73,0 2 4 5 6 12 14 20 24,1,8,0,0.7101992736226453,0.11885991510006064,0.4062457835584022,0.18420918857470814
Spawrious GAI,44,Random,74,1 2 3 4 5 9 12 18 20,0,7,2,0.758675061707571,0.09167671893848009,0.47190793661381897,0.2572306300834739
Spawrious GAI,44,Random,75,0 1 2 3 4 11 15 19 24,0,8,1,0.7023355053374019,0.1185006045949214,0.38130570281898557,0.1782759882518663
Spawrious GAI,44,Random,76,3 6 10 11 12 14 17 18 20,1,8,0,0.7197346902473915,0.06971153846153846,0.19430794430794432,0.07704305181125404
Spawrious GAI,44,Random,77,0 4 5 6 7 10 12 19 20,2,7,0,0.7071744619168774,0.11903285802851829,0.3349578662671642,0.13602793701617788
Spawrious GAI,44,Random,78,3 5 6 7 11 12 17 20 23,2,7,0,0.7287599627437633,0.0972644376899696,0.3204180115944822,0.14028812652443112
Spawrious GAI,44,Random,79,0 4 6 8 10 11 12 16 20,1,7,1,0.7649983368056855,0.09096496619545175,0.32147055154645293,0.1357260869046747
Spawrious GAI,44,Random,80,6 7 12 13 15 17 19 20 24,2,7,0,0.7347851938630461,0.09580838323353294,0.17057452351570002,0.05472618420242148
Spawrious GAI,44,Random,81,2 5 6 10 11 14 16 23 24,1,8,0,0.712499084423771,0.0903149138443256,0.2954822044895575,0.12144283417948609
Spawrious GAI,44,Random,82,3 11 12 13 14 15 17 18 24,0,9,0,0.6926787000280796,0.06345475910693302,0.1346333156994922,0.04740264756698953
Spawrious GAI,44,Random,83,1 4 5 6 8 15 20 21 23,1,6,2,0.7698906312667319,0.0972644376899696,0.3854478766243472,0.1794434402262951
Spawrious GAI,44,Random,84,3 6 8 9 12 13 15 16 20,1,6,2,0.7895004959871321,0.07013301088270858,0.312072532660768,0.1389970119839823
Spawrious GAI,44,Random,85,5 11 13 16 18 19 20 22 24,0,9,0,0.6886279351455472,0.06345475910693302,0.12757389227977464,0.04335188268445711
Spawrious GAI,44,Random,86,1 7 8 10 15 16 19 21 23,1,6,2,0.7862856397710147,0.08247422680412371,0.24371282312458784,0.10035674097514813
Spawrious GAI,44,Random,87,0 2 5 7 9 12 16 19 23,1,7,1,0.7675951473039568,0.09846153846153846,0.4000075133851225,0.18606375128066088
Spawrious GAI,44,Random,88,2 3 5 15 16 18 20 22 24,0,9,0,0.683538197534052,0.07773851590106007,0.30754040496687557,0.13374385282839174
Spawrious GAI,44,Random,89,3 8 11 15 18 19 21 23 24,0,8,1,0.7354301817299118,0.06364172068355922,0.20416192842663433,0.0862482064853155
Spawrious GAI,44,Random,90,5 6 7 9 13 16 18 19 24,2,6,1,0.763576329610815,0.10342754058929646,0.310448574235339,0.12735225104439918
Spawrious GAI,44,Random,91,4 5 8 9 10 13 14 16 18,0,7,2,0.7624366169829485,0.057519472738166565,0.32094093858799744,0.1531950385184233
Spawrious GAI,44,Random,92,4 10 11 12 13 15 18 19 22,0,9,0,0.6868899997336968,0.049970255800118976,0.100881630293395,0.037719412958469034
Spawrious GAI,44,Random,93,4 7 8 10 11 12 14 17 23,1,7,1,0.7494772110108222,0.0699216395418927,0.2457777163659517,0.1028796497911787
Spawrious GAI,44,Random,94,0 5 6 8 9 12 19 22 24,1,6,2,0.8021041320475267,0.1046865489957395,0.38484914994046876,0.17282049367714725
Spawrious GAI,44,Random,95,2 4 5 6 14 17 18 21 22,1,8,0,0.6977372838927575,0.08433734939759036,0.33310449486920074,0.1505273532120499
Spawrious GAI,44,Random,96,1 2 4 5 7 13 18 23 24,1,7,1,0.7373241872664948,0.11743559017375674,0.4202820530026412,0.20241830720141674
Spawrious GAI,44,Random,97,1 2 3 4 7 11 15 21 22,1,7,1,0.7407211403818829,0.10436893203883495,0.41430441136323487,0.2019207260026672
Spawrious GAI,44,Random,98,0 3 4 7 12 20 21 22 24,1,8,0,0.7196379129367033,0.11144760751059964,0.35317455638850326,0.14590697401105113
Spawrious GAI,44,Random,99,3 4 5 8 11 12 13 16 20,0,8,1,0.7330647555931955,0.0645933014354067,0.357310283780872,0.1754699537898915
Spawrious GAI,44,Random,100,0 2 3 4 5 16 18 23 24,0,9,0,0.6827372768422219,0.10576923076923077,0.4134595242576742,0.19800909733290928
Spawrious GAI,44,Random,101,5 6 8 9 10 12 21 22 24,1,6,2,0.789447322783802,0.08358208955223881,0.32620321407086117,0.14283837309478975
Spawrious GAI,44,Random,102,3 4 5 12 13 14 16 17 24,0,9,0,0.6812973867113878,0.07773851590106007,0.3034518668709845,0.1315030420057276
Spawrious GAI,44,Random,103,1 6 12 14 16 17 18 22 24,1,7,1,0.7503414639846507,0.0955223880597015,0.20089173489908785,0.07221302228642779
Spawrious GAI,44,Random,104,0 1 9 14 15 16 18 21 23,0,7,2,0.7681207829255272,0.0832313341493268,0.22893881366367136,0.09303824710920305
Spawrious GAI,44,Random,105,0 1 5 6 9 11 15 21 24,1,6,2,0.7936722103506261,0.12469437652811736,0.39569027953159835,0.17670401106524458
Spawrious GAI,44,Random,106,0 1 10 12 13 17 18 21 22,0,8,1,0.7327910823151578,0.08297742525930446,0.1712985096286804,0.06161446928233982
Spawrious GAI,44,Random,107,0 5 6 14 16 17 18 20 23,1,8,0,0.7176737721706022,0.09068627450980392,0.25174821190001456,0.09230744505309751
Spawrious GAI,44,Random,108,0 1 3 5 8 18 21 23 24,0,7,2,0.7611499620369875,0.11144760751059964,0.3914324322886942,0.18544366829023085
Spawrious GAI,44,Random,109,0 1 3 7 10 12 19 20 23,1,7,1,0.7477416513414451,0.1111111111111111,0.3189201140814044,0.13078484052543227
Spawrious GAI,44,Random,110,5 8 11 15 16 18 21 22 24,0,8,1,0.7377936878863688,0.06364172068355922,0.2077454568263392,0.08861171264177248
Spawrious GAI,44,Random,111,5 8 14 15 16 17 19 21 23,0,8,1,0.7350064047953656,0.050119331742243436,0.18340531575825691,0.08192989523663174
Spawrious GAI,44,Random,112,3 4 9 10 12 14 17 19 24,0,8,1,0.7385910307786487,0.07079646017699115,0.3011732460261873,0.1371499094117674
Spawrious GAI,44,Random,113,3 4 7 10 11 12 19 22 23,1,8,0,0.7124823388458018,0.07701564380264742,0.2763164233752469,0.11753155428737938
Spawrious GAI,44,Random,114,5 8 12 14 20 21 22 23 24,0,8,1,0.7377936878863688,0.06364172068355922,0.2077454568263392,0.08861171264177248
Spawrious GAI,44,Random,115,0 3 5 7 13 18 22 23 24,1,8,0,0.7196379129367033,0.11144760751059964,0.35317455638850326,0.14590697401105113
Spawrious GAI,44,Random,116,0 2 5 11 16 17 21 23 24,0,9,0,0.6943746977477884,0.09112709832134293,0.2906820453665805,0.11416481048304594
Spawrious GAI,44,Random,117,1 3 4 5 11 14 16 21 22,0,8,1,0.719011954285864,0.08408408408408409,0.3649481414187296,0.17373259156755816
Spawrious GAI,44,Random,118,6 7 11 13 16 19 20 21 23,2,7,0,0.7323468902020168,0.08247422680412371,0.14349376114081996,0.04839334622725466
Spawrious GAI,44,Random,119,1 3 4 5 8 9 10 11 24,0,6,3,0.796202707075421,0.09785202863961814,0.46620603385309267,0.2470060331042403
Spawrious GAI,44,Random,120,2 8 10 11 12 14 16 19 22,0,8,1,0.7359800489455003,0.050119331742243436,0.1846459052341405,0.08290353938676642
Spawrious GAI,44,Random,121,0 2 5 9 10 12 15 22 24,0,8,1,0.7426778065108425,0.09140108238123873,0.3500831090667429,0.15856199646259383
Spawrious GAI,44,Random,122,2 3 5 6 7 20 21 23 24,2,7,0,0.733687076855805,0.11778846153846154,0.413792790631026,0.19685062882832538
Spawrious GAI,44,Random,123,0 1 2 11 12 13 15 17 20,0,8,1,0.7174619186707627,0.09040928527794746,0.24267824960424583,0.09402615951565962
Spawrious GAI,44,Random,124,0 4 5 6 7 12 18 19 23,2,7,0,0.7071744619168774,0.11903285802851829,0.3349578662671642,0.13602793701617788
Spawrious GAI,44,Random,125,0 2 8 9 13 15 16 21 22,0,7,2,0.7644618570262447,0.07077486272117145,0.28339743377694043,0.12480473600263742
Spawrious GAI,44,Random,126,8 9 10 13 16 17 19 20 21,0,7,2,0.7718113054946797,0.04303646144650329,0.1444307326660268,0.06708801927472463
Spawrious GAI,44,Random,127,0 2 5 8 9 11 13 17 19,0,7,2,0.7771987914184384,0.07819181429444105,0.3805458962005452,0.185282524272546
Spawrious GAI,44,Random,128,3 5 7 9 10 15 18 23 24,1,7,1,0.7593561255097064,0.09058402860548272,0.3623206968795205,0.16439395248191524
Spawrious GAI,44,Random,129,0 5 7 12 14 17 18 22 24,1,8,0,0.7181475975941827,0.10405323653962492,0.27074167429361934,0.09667580479081561
Spawrious GAI,44,Random,130,0 1 4 5 8 9 10 14 19,0,6,3,0.80491597451345,0.09846153846153846,0.4379774996473289,0.22140922366904947
Spawrious GAI,44,Random,131,1 7 11 12 18 19 20 22 23,1,7,1,0.7503459942734308,0.08222490931076179,0.17863509039979628,0.06832301826107035
Spawrious GAI,44,Random,132,3 6 8 9 13 14 15 17 24,1,6,2,0.7899647139450644,0.08358208955223881,0.32846514739897104,0.14335576425605212
Spawrious GAI,44,Random,133,0 1 5 8 10 11 15 17 23,0,7,2,0.7737984072941303,0.09068627450980392,0.3275728511022629,0.146456725355521
Spawrious GAI,44,Random,134,0 1 6 9 12 15 17 18 20,1,6,2,0.792708543312755,0.1038961038961039,0.3029523817948866,0.12410495583552106
Spawrious GAI,44,Random,135,0 3 4 5 10 11 12 13 23,0,9,0,0.6911475423056264,0.0851063829787234,0.3496168671690494,0.15478397460446125
Spawrious GAI,44,Random,136,1 7 9 11 12 17 20 23 24,1,6,2,0.7869898758831912,0.09580838323353294,0.263617346705582,0.1049555114014622
Spawrious GAI,44,Random,137,5 8 9 10 13 15 16 21 24,0,7,2,0.7744533721546205,0.06382978723404255,0.26728405956347134,0.12136547412651799
Spawrious GAI,44,Random,138,1 2 3 12 13 14 18 21 22,0,8,1,0.7019701691092282,0.07678464307138572,0.25755556932027523,0.10894995251320738
Spawrious GAI,44,Random,139,0 1 2 7 13 17 18 19 22,1,7,1,0.7477416513414451,0.1111111111111111,0.3189201140814044,0.13078484052543227
Spawrious GAI,44,Random,140,1 3 7 9 10 12 19 20 23,1,6,2,0.7805108578511245,0.08986035215543413,0.32518014576838106,0.14232281293297278
Spawrious GAI,44,Random,141,2 4 5 10 14 19 22 23 24,0,9,0,0.6812973867113878,0.07773851590106007,0.3034518668709845,0.1315030420057276
Spawrious GAI,44,Random,142,4 5 11 12 13 14 17 18 23,0,9,0,0.6694679784340107,0.05717689100655152,0.17654285301344128,0.06803824553649795
Spawrious GAI,44,Random,143,0 2 4 5 11 12 15 21 24,0,9,0,0.6889982399797299,0.09843937575030012,0.36069534830208455,0.1565292065927023
Spawrious GAI,44,Random,144,0 2 6 7 17 18 19 21 22,2,7,0,0.7489080782747412,0.11145510835913312,0.3204203427163579,0.13002069949632677
Spawrious GAI,44,Random,145,2 3 6 9 13 15 16 17 22,1,7,1,0.7517644378010817,0.07724803862401931,0.33697582226993994,0.15290773045915296
Spawrious GAI,44,Random,146,5 9 10 11 14 18 19 21 22,0,8,1,0.7350064047953656,0.050119331742243436,0.18340531575825691,0.08192989523663174
Spawrious GAI,44,Random,147,1 9 10 11 14 15 19 21 23,0,7,2,0.7649046406463771,0.062424969987995196,0.16836235659765073,0.07249679351142013
Spawrious GAI,44,Random,148,0 1 5 8 9 10 14 15 24,0,6,3,0.8020205060743122,0.10436893203883495,0.37403713423637525,0.17466743566633425
Spawrious GAI,44,Random,149,1 4 7 9 10 12 14 16 22,1,6,2,0.7820894758335634,0.08986035215543413,0.3271905536611419,0.14390143091541163
Spawrious GAI,44,Random,150,4 10 13 16 17 21 22 23 24,0,9,0,0.6886279351455472,0.06345475910693302,0.12757389227977464,0.04335188268445711
Spawrious GAI,44,Random,151,5 6 7 10 13 14 21 22 24,2,7,0,0.71649803625735,0.10311750599520383,0.23564092681739746,0.08417988047444047
Spawrious GAI,44,Random,152,4 5 7 8 9 11 14 17 18,1,6,2,0.7711026102964729,0.0774818401937046,0.36368930486577544,0.16833998017103802
Spawrious GAI,44,Random,153,1 2 3 6 10 14 20 21 23,1,7,1,0.7339415221366501,0.09696969696969697,0.3346806699747876,0.14740025387971956
Spawrious GAI,44,Random,154,0 11 13 16 18 19 20 21 23,0,9,0,0.705177886476005,0.06299212598425197,0.08893488969390298,0.025591757141695037
Spawrious GAI,44,Random,155,4 6 9 10 13 14 15 18 21,1,7,1,0.7494772110108222,0.0699216395418927,0.2457777163659517,0.1028796497911787
Spawrious GAI,44,Random,156,1 10 11 14 15 17 18 19 24,0,8,1,0.7278695096117846,0.07565011820330969,0.12363059734383268,0.04326211957447157
Spawrious GAI,44,Random,157,0 3 5 7 9 14 15 18 19,1,7,1,0.7675951473039568,0.09846153846153846,0.4000075133851225,0.18606375128066088
Spawrious GAI,44,Random,158,1 3 4 10 13 18 20 23 24,0,8,1,0.721226176666341,0.09004739336492891,0.3060133196162608,0.1321004943844578
Spawrious GAI,44,Random,159,0 2 6 7 11 16 19 21 22,2,7,0,0.7489080782747412,0.11145510835913312,0.3204203427163579,0.13002069949632677
Spawrious GAI,44,Random,160,7 9 11 12 15 17 19 21 24,1,7,1,0.7620071695565364,0.07609988109393578,0.18734625260360557,0.0715632887733153
Spawrious GAI,44,Random,161,0 5 10 11 13 15 17 20 23,0,9,0,0.6990670994089785,0.0703456640388114,0.18803075112373024,0.06722182395238352
Spawrious GAI,44,Random,162,0 2 6 13 14 15 16 20 21,1,8,0,0.7246783705039861,0.09068627450980392,0.2607135771272394,0.09931204338648136
Spawrious GAI,44,Random,163,4 6 7 11 13 16 17 18 19,2,7,0,0.7123588490948268,0.08986035215543413,0.21049123990300464,0.07614615899777977
Spawrious GAI,44,Random,164,0 4 6 10 12 13 18 19 24,1,8,0,0.7181475975941827,0.10405323653962492,0.27074167429361934,0.09667580479081561
Spawrious GAI,44,Random,165,3 4 5 6 7 13 16 19 24,2,7,0,0.7118250146167846,0.11778846153846154,0.37672742544066073,0.17498856658930495
Spawrious GAI,44,Random,166,0 1 4 5 8 13 14 15 21,0,7,2,0.771458230829973,0.09815950920245399,0.40098648096750567,0.1918574027690788
Spawrious GAI,44,Random,167,1 2 4 5 8 10 13 14 18,0,7,2,0.763429084711401,0.08433734939759036,0.4220403955698073,0.21424379920958891
Spawrious GAI,44,Random,168,3 6 8 14 15 17 20 21 24,1,7,1,0.7605006092062075,0.08333333333333333,0.2822514550455727,0.11779758230070159
Spawrious GAI,44,Random,169,1 4 5 8 16 17 18 19 22,0,7,2,0.7584966844005764,0.07701564380264742,0.3439815616286205,0.1615705450210494
Spawrious GAI,44,Random,170,0 2 7 8 10 14 16 21 24,1,7,1,0.7629101156432873,0.10436893203883495,0.3316101885539742,0.13753240005641398
Spawrious GAI,44,Random,171,2 3 6 11 15 16 19 22 24,1,8,0,0.7097053425665784,0.0903149138443256,0.292769824019824,0.11864909232229348
Spawrious GAI,44,Random,172,4 7 8 14 16 17 20 22 24,1,7,1,0.753133045568032,0.08333333333333333,0.26934656989804057,0.110430018662526
Spawrious GAI,44,Random,173,2 5 6 8 10 13 16 18 24,1,7,1,0.7593561255097064,0.09058402860548272,0.3623206968795205,0.16439395248191524
Spawrious GAI,44,Random,174,0 1 5 10 12 13 15 18 20,0,8,1,0.7330259986702866,0.09040928527794746,0.2699407088401396,0.10959023951518354
Spawrious GAI,44,Random,175,1 2 3 4 6 8 12 19 21,1,6,2,0.7771632170231811,0.1046865489957395,0.45807175513057874,0.23445687986045938
Spawrious GAI,44,Random,176,3 5 6 7 16 20 22 23 24,2,7,0,0.7299218638574958,0.11044417767106843,0.3388125051727993,0.14534456195230117
Spawrious GAI,44,Random,177,0 3 4 8 13 18 19 21 23,0,8,1,0.744415749897113,0.0779537149817296,0.3394256733915178,0.15640540553472682
Spawrious GAI,44,Random,178,0 4 5 9 11 14 15 18 24,0,8,1,0.7407152024537313,0.09140108238123873,0.3497838949689045,0.1565993924054827
Spawrious GAI,44,Random,179,0 1 4 5 7 11 13 15 22,1,7,1,0.7412202409820746,0.11866501854140915,0.38617387564256633,0.17200428404377688
Spawrious GAI,44,Random,180,1 6 12 13 14 18 20 23 24,1,7,1,0.7503414639846507,0.0955223880597015,0.20089173489908785,0.07221302228642779
Spawrious GAI,44,Random,181,4 7 8 12 13 14 20 21 24,1,7,1,0.753133045568032,0.08333333333333333,0.26934656989804057,0.110430018662526
Spawrious GAI,44,Random,182,0 2 3 7 12 13 14 15 19,1,8,0,0.7112687707228874,0.09815950920245399,0.32364143512151106,0.13364329748309767
Spawrious GAI,44,Random,183,1 5 7 8 11 12 13 14 23,1,6,2,0.7820894758335634,0.08986035215543413,0.3271905536611419,0.14390143091541163
Spawrious GAI,44,Random,184,3 5 11 12 14 16 18 22 24,0,9,0,0.6905230033679178,0.07058823529411765,0.23165279507191272,0.0929878047845426
Spawrious GAI,44,Random,185,0 1 12 13 14 16 18 23 24,0,8,1,0.730034325440177,0.0963855421686747,0.1873989296071839,0.0627522467214966
Spawrious GAI,44,Random,186,2 8 12 16 17 19 21 22 23,0,8,1,0.7359800489455003,0.050119331742243436,0.1846459052341405,0.08290353938676642
Spawrious GAI,44,Random,187,1 2 7 8 10 15 17 21 22,1,6,2,0.7805108578511245,0.08986035215543413,0.32518014576838106,0.14232281293297278
Spawrious GAI,44,Random,188,0 7 11 12 14 15 16 19 21,1,8,0,0.7283458620341737,0.0832313341493268,0.16959442623579246,0.05523868103895413
Spawrious GAI,44,Random,189,2 5 6 7 8 9 13 20 23,2,5,2,0.8072386786058194,0.09785932721712538,0.4328023592729475,0.21095499681947483
Spawrious GAI,44,Random,190,0 3 6 10 11 17 18 19 22,1,8,0,0.7246783705039861,0.09068627450980392,0.2607135771272394,0.09931204338648136
Spawrious GAI,44,Random,191,2 3 4 7 10 11 19 20 24,1,8,0,0.7106998269027487,0.0975609756097561,0.37091615216615215,0.16738443053617869
Spawrious GAI,44,Random,192,1 2 4 5 6 9 10 18 22,1,6,2,0.7808294545755906,0.1046865489957395,0.463053048347166,0.23812311741286885
Spawrious GAI,44,Random,193,4 6 8 9 10 13 17 19 22,1,6,2,0.7852294564899998,0.07013301088270858,0.3049864814570697,0.13472597248684992
Spawrious GAI,44,Random,194,0 7 8 10 13 14 16 18 22,1,7,1,0.7706966180095438,0.08348680171884591,0.2393249276550985,0.09368351423081789
Spawrious GAI,44,Random,195,4 6 11 13 15 16 21 23 24,1,8,0,0.7050999584807255,0.0830860534124629,0.19185696391578747,0.06630285435872563
Spawrious GAI,44,Random,196,0 3 4 6 13 15 16 21 23,1,8,0,0.7217625730702729,0.09815950920245399,0.34093628733097425,0.14413709983048317
Spawrious GAI,44,Random,197,0 5 10 11 15 17 19 21 22,0,9,0,0.6990670994089785,0.0703456640388114,0.18803075112373024,0.06722182395238352
Spawrious GAI,44,Random,198,0 7 9 12 13 18 20 21 22,1,7,1,0.7706966180095438,0.08348680171884591,0.2393249276550985,0.09368351423081789
Spawrious GAI,44,Random,199,5 7 9 15 18 19 20 22 23,1,7,1,0.7494772110108222,0.0699216395418927,0.2457777163659517,0.1028796497911787
Spawrious GAI,44,Random,200,1 3 10 13 14 16 18 20 24,0,8,1,0.7171847738034509,0.08284023668639054,0.20944750246220836,0.08031823764385271
Spawrious GAI,42,FedDiverse,1,2 3 6 7 8 11 13 18 24,2,6,1,0.7757738950639994,0.11077664057796509,0.4061021202565321,0.18729067037529856
Spawrious GAI,42,FedDiverse,2,1 8 9 11 13 17 18 21 23,0,6,3,0.7899276228183589,0.06261288380493679,0.21548908607732137,0.09361385289989577
Spawrious GAI,42,FedDiverse,3,2 6 7 8 9 11 13 14 18,2,5,2,0.8097908005676482,0.09040928527794746,0.36775227951698547,0.1657662649035887
Spawrious GAI,42,FedDiverse,4,1 6 7 9 11 13 18 21 23,2,5,2,0.8032098575461778,0.10294117647058823,0.2985641809171221,0.12375990708940132
Spawrious GAI,42,FedDiverse,5,5 8 9 11 13 17 18 21 23,0,7,2,0.7710385289991329,0.05026929982046679,0.24529603941368647,0.11405609665689287
Spawrious GAI,42,FedDiverse,6,4 5 6 7 9 11 14 18 21,2,6,1,0.7344941413341175,0.0975609756097561,0.3294199176552118,0.1421163823312791
Spawrious GAI,42,FedDiverse,7,1 3 7 11 13 18 20 21 23,1,7,1,0.7469716958232919,0.08958837772397095,0.2707535266358796,0.1126895736886464
Spawrious GAI,42,FedDiverse,8,4 6 7 9 11 18 20 21 22,2,6,1,0.7586411467801415,0.09013398294762484,0.2876510082392436,0.11852253389958811
Spawrious GAI,42,FedDiverse,9,4 5 7 9 11 13 18 21 23,1,7,1,0.7312669411701908,0.07724803862401931,0.3044887015475251,0.132410233828262
Spawrious GAI,42,FedDiverse,10,1 7 8 9 11 13 18 20 21,1,5,3,0.8114847756339028,0.0827250608272506,0.288157594039947,0.12164995405452983
Spawrious GAI,42,FedDiverse,11,1 6 7 9 11 13 15 17 18,2,5,2,0.8032098575461778,0.10294117647058823,0.2985641809171221,0.12375990708940132
Spawrious GAI,42,FedDiverse,12,0 3 6 7 8 11 13 16 18,2,6,1,0.7885654830185611,0.11180124223602485,0.37681777197906235,0.16577218145664052
Spawrious GAI,42,FedDiverse,13,3 5 6 7 8 11 13 18 24,2,6,1,0.7757738950639994,0.11077664057796509,0.40296903899845077,0.18729067037529856
Spawrious GAI,42,FedDiverse,14,1 2 5 7 11 13 18 21 23,1,7,1,0.7459192436613851,0.09696969696969697,0.35230834348481405,0.15937797540445453
Spawrious GAI,42,FedDiverse,15,4 5 6 7 8 11 13 18 19,2,6,1,0.7344941413341175,0.0975609756097561,0.3294199176552118,0.1421163823312791
Spawrious GAI,42,FedDiverse,16,1 3 7 9 11 13 15 18 24,1,6,2,0.7790403460001699,0.10311750599520383,0.33832947601329955,0.14474683539615574
Spawrious GAI,42,FedDiverse,17,0 2 7 11 13 17 18 21 23,1,8,0,0.7246783705039861,0.09068627450980392,0.2607135771272394,0.09931204338648136
Spawrious GAI,42,FedDiverse,18,3 4 6 7 9 11 13 18 19,2,6,1,0.7737317409057404,0.0975609756097561,0.3869266663384311,0.18135398190290197
Spawrious GAI,42,FedDiverse,19,2 3 4 5 6 7 11 13 17,2,7,0,0.7233672541386446,0.11212675198049969,0.440068410656646,0.23037712567474222
Spawrious GAI,42,FedDiverse,20,3 7 9 11 13 16 18 21 23,1,7,1,0.7606259776222383,0.0699216395418927,0.26350671938907233,0.11402841640259476
Spawrious GAI,42,FedDiverse,21,4 6 7 9 11 13 18 21 22,2,6,1,0.7586411467801415,0.09013398294762484,0.2876510082392436,0.11852253389958811
Spawrious GAI,42,FedDiverse,22,0 5 7 11 13 16 18 21 23,1,8,0,0.7176737721706022,0.09068627450980392,0.25174821190001456,0.09230744505309751
Spawrious GAI,42,FedDiverse,23,3 4 7 9 11 13 18 21 23,1,7,1,0.7583282779081695,0.07724803862401931,0.34550703668350735,0.15947157056624073
Spawrious GAI,42,FedDiverse,24,3 4 5 7 11 12 13 18 21,1,8,0,0.6977372838927575,0.08433734939759036,0.33310449486920074,0.1505273532120499
Spawrious GAI,42,FedDiverse,25,3 4 5 6 7 11 12 13 18,2,7,0,0.7090218963562545,0.1046865489957395,0.36026400732283087,0.16829091401463714
Spawrious GAI,42,FedDiverse,26,1 3 5 7 11 12 13 18 21,1,7,1,0.7459192436613851,0.09696969696969697,0.35230834348481405,0.15937797540445453
Spawrious GAI,42,FedDiverse,27,3 5 6 7 9 11 13 18 24,2,6,1,0.7757738950639994,0.11077664057796509,0.40296903899845077,0.18729067037529856
Spawrious GAI,42,FedDiverse,28,3 4 6 7 9 11 13 18 19,2,6,1,0.7737317409057404,0.0975609756097561,0.3869266663384311,0.18135398190290197
Spawrious GAI,42,FedDiverse,29,2 4 6 7 9 11 13 18 23,2,6,1,0.7737317409057404,0.0975609756097561,0.3869266663384311,0.18135398190290197
Spawrious GAI,42,FedDiverse,30,1 3 7 9 11 13 16 18 20,1,6,2,0.7805108578511245,0.08986035215543413,0.32518014576838106,0.14232281293297278
Spawrious GAI,42,FedDiverse,31,0 3 7 9 11 12 14 18 21,1,7,1,0.7649983368056857,0.09096496619545175,0.3197929649542553,0.13572608690467491
Spawrious GAI,42,FedDiverse,32,3 7 8 9 11 18 20 21 23,1,6,2,0.7895004959871321,0.07013301088270858,0.312072532660768,0.1389970119839823
Spawrious GAI,42,FedDiverse,33,3 4 6 7 9 11 13 17 18,2,6,1,0.7737317409057404,0.0975609756097561,0.3869266663384311,0.18135398190290197
Spawrious GAI,42,FedDiverse,34,2 5 6 7 9 11 13 18 23,2,6,1,0.7737317409057404,0.0975609756097561,0.3869266663384311,0.18135398190290197
Spawrious GAI,42,FedDiverse,35,3 4 6 7 11 17 18 20 21,2,7,0,0.7287599627437633,0.0972644376899696,0.3204180115944822,0.14028812652443112
Spawrious GAI,42,FedDiverse,36,2 3 6 7 9 11 12 13 18,2,6,1,0.7774046849902576,0.0975609756097561,0.3948838654721008,0.1850269259874192
Spawrious GAI,42,FedDiverse,37,1 4 6 7 9 11 13 18 24,2,5,2,0.7970605081024503,0.12356147789218655,0.3823019962725846,0.1692459458375265
Spawrious GAI,42,FedDiverse,38,0 3 4 6 7 11 13 18 20,2,7,0,0.7414782546724297,0.11903285802851829,0.3837009771544876,0.17033172977173017
Spawrious GAI,42,FedDiverse,39,2 3 4 7 11 13 17 18 21,1,8,0,0.7131032944623479,0.08433734939759036,0.3585055643879173,0.16589336378164032
Spawrious GAI,42,FedDiverse,40,1 4 6 7 9 11 13 14 18,2,5,2,0.7937956895917299,0.11042944785276074,0.36509983568807103,0.16208659301266837
Spawrious GAI,42,FedDiverse,41,3 4 6 7 11 12 13 16 18,2,7,0,0.7287599627437633,0.0972644376899696,0.3204180115944822,0.14028812652443112
Spawrious GAI,42,FedDiverse,42,3 5 6 7 9 11 13 18 20,2,6,1,0.7737317409057404,0.0975609756097561,0.3869266663384311,0.18135398190290197
Spawrious GAI,42,FedDiverse,43,0 3 5 6 7 11 18 21 24,2,7,0,0.7405104702329082,0.13219094247246022,0.3951679586760233,0.17325847964634622
Spawrious GAI,42,FedDiverse,44,4 5 7 9 11 13 18 21 23,1,7,1,0.7312669411701908,0.07724803862401931,0.3044887015475251,0.132410233828262
Spawrious GAI,42,FedDiverse,45,5 6 7 9 11 13 14 18 21,2,6,1,0.7586411467801415,0.09013398294762484,0.2876510082392436,0.11852253389958811
Spawrious GAI,42,FedDiverse,46,4 5 6 7 9 11 18 21 22,2,6,1,0.7344941413341175,0.0975609756097561,0.3294199176552118,0.1421163823312791
Spawrious GAI,42,FedDiverse,47,3 7 8 9 11 13 14 18 21,1,6,2,0.7895004959871321,0.07013301088270858,0.312072532660768,0.1389970119839823
Spawrious GAI,42,FedDiverse,48,6 7 8 11 13 17 18 21 23,2,6,1,0.7743231214186518,0.0827250608272506,0.22066169124992654,0.08646365466038342
Spawrious GAI,42,FedDiverse,49,0 7 9 11 13 17 18 21 23,1,7,1,0.7706966180095438,0.08348680171884591,0.2393249276550985,0.09368351423081789
Spawrious GAI,42,FedDiverse,50,0 3 5 7 11 13 18 19 23,1,8,0,0.7217625730702729,0.09815950920245399,0.34093628733097425,0.14413709983048317
Spawrious GAI,42,FedDiverse,51,1 3 6 7 9 11 15 18 23,2,5,2,0.8031194932117347,0.11042944785276074,0.37957784134254724,0.1714103966326732
Spawrious GAI,42,FedDiverse,52,3 4 6 7 9 11 12 18 20,2,6,1,0.7737317409057404,0.0975609756097561,0.3869266663384311,0.18135398190290197
Spawrious GAI,42,FedDiverse,53,0 2 4 6 7 11 13 18 23,2,7,0,0.7414782546724297,0.11903285802851829,0.3837009771544876,0.17033172977173017
Spawrious GAI,42,FedDiverse,54,4 7 8 11 13 18 21 23 24,1,7,1,0.753133045568032,0.08333333333333333,0.26934656989804057,0.110430018662526
Spawrious GAI,42,FedDiverse,55,3 5 6 7 9 11 18 20 22,2,6,1,0.7737317409057404,0.0975609756097561,0.3869266663384311,0.18135398190290197
Spawrious GAI,42,FedDiverse,56,1 3 7 9 11 12 13 18 20,1,6,2,0.7805108578511245,0.08986035215543413,0.32518014576838106,0.14232281293297278
Spawrious GAI,42,FedDiverse,57,1 5 6 7 9 11 13 15 18,2,5,2,0.7937956895917299,0.11042944785276074,0.36509983568807103,0.16208659301266837
Spawrious GAI,42,FedDiverse,58,3 4 5 6 7 11 13 17 18,2,7,0,0.7090218963562545,0.1046865489957395,0.36026400732283087,0.16829091401463714
Spawrious GAI,42,FedDiverse,59,5 7 8 9 11 13 18 20 21,1,6,2,0.7852294564899998,0.07013301088270858,0.3049864814570697,0.13472597248684992
Spawrious GAI,42,FedDiverse,60,1 5 6 7 9 11 13 18 20,2,5,2,0.7937956895917299,0.11042944785276074,0.36509983568807103,0.16208659301266837
Spawrious GAI,42,FedDiverse,61,1 5 7 9 11 13 18 21 23,1,6,2,0.7820894758335634,0.08986035215543413,0.3271905536611419,0.14390143091541163
Spawrious GAI,42,FedDiverse,62,3 5 6 7 8 11 13 14 18,2,6,1,0.7737317409057404,0.0975609756097561,0.3869266663384311,0.18135398190290197
Spawrious GAI,42,FedDiverse,63,1 6 7 8 9 11 13 16 18,2,4,3,0.8285977145661231,0.10325752919483712,0.3403269932681698,0.1452418413258405
Spawrious GAI,42,FedDiverse,64,0 3 7 9 10 11 13 18 20,1,7,1,0.7649983368056857,0.09096496619545175,0.3197929649542553,0.13572608690467491
Spawrious GAI,42,FedDiverse,65,4 6 7 9 11 18 20 21 23,2,6,1,0.7586411467801415,0.09013398294762484,0.2876510082392436,0.11852253389958811
Spawrious GAI,42,FedDiverse,66,4 6 7 9 11 15 17 18 21,2,6,1,0.7586411467801415,0.09013398294762484,0.2876510082392436,0.11852253389958811
Spawrious GAI,42,FedDiverse,67,3 6 7 8 9 11 13 16 18,2,5,2,0.8097908005676482,0.09040928527794746,0.36775227951698547,0.1657662649035887
Spawrious GAI,42,FedDiverse,68,0 2 3 11 13 17 18 21 23,0,9,0,0.6776126532311976,0.0777170613236187,0.24388922301635774,0.09350823165231759
Spawrious GAI,42,FedDiverse,69,3 5 6 7 8 11 12 18 21,2,6,1,0.7737317409057404,0.0975609756097561,0.3869266663384311,0.18135398190290197
Spawrious GAI,42,FedDiverse,70,2 4 7 11 13 16 18 21 23,1,8,0,0.7124823388458018,0.07701564380264742,0.2763164233752469,0.11753155428737938
Spawrious GAI,42,FedDiverse,71,1 2 5 6 7 11 13 18 23,2,6,1,0.7642015615847294,0.11757501530924679,0.3924459218576866,0.1841392416668891
Spawrious GAI,42,FedDiverse,72,2 3 7 9 11 13 15 18 21,1,7,1,0.7517644378010817,0.07724803862401931,0.33697582226993994,0.15290773045915296
Spawrious GAI,42,FedDiverse,73,4 5 6 7 8 11 13 17 18,2,6,1,0.7344941413341175,0.0975609756097561,0.3294199176552118,0.1421163823312791
Spawrious GAI,42,FedDiverse,74,4 5 6 7 9 11 15 18 21,2,6,1,0.7344941413341175,0.0975609756097561,0.3294199176552118,0.1421163823312791
Spawrious GAI,42,FedDiverse,75,1 4 8 11 13 17 18 21 23,0,7,2,0.7655467952054089,0.06971153846153846,0.26878216289981,0.12087980194816694
Spawrious GAI,42,FedDiverse,76,3 4 6 7 9 10 11 18 21,2,6,1,0.7737317409057404,0.0975609756097561,0.3869266663384311,0.18135398190290197
Spawrious GAI,42,FedDiverse,77,1 2 3 7 11 13 15 18 21,1,7,1,0.7339415221366501,0.09696969696969697,0.3346806699747876,0.14740025387971956
Spawrious GAI,42,FedDiverse,78,1 3 7 11 12 13 18 21 23,1,7,1,0.7469716958232919,0.08958837772397095,0.2707535266358796,0.1126895736886464
Spawrious GAI,42,FedDiverse,79,3 4 6 7 9 11 18 19 24,2,6,1,0.7757738950639994,0.11077664057796509,0.40296903899845077,0.18729067037529856
Spawrious GAI,42,FedDiverse,80,1 3 7 8 11 18 19 21 24,1,6,2,0.7790403460001699,0.10311750599520383,0.33832947601329955,0.14474683539615574
Spawrious GAI,42,FedDiverse,81,0 3 4 7 11 13 18 21 23,1,8,0,0.7217625730702729,0.09815950920245399,0.34093628733097425,0.14413709983048317
Spawrious GAI,42,FedDiverse,82,3 7 8 9 11 18 19 21 22,1,6,2,0.7895004959871321,0.07013301088270858,0.312072532660768,0.1389970119839823
Spawrious GAI,42,FedDiverse,83,1 4 8 11 13 17 18 21 23,0,7,2,0.7655467952054089,0.06971153846153846,0.26878216289981,0.12087980194816694
Spawrious GAI,42,FedDiverse,84,1 2 3 6 7 11 12 13 18,2,6,1,0.76213163204381,0.11757501530924679,0.3913066618948972,0.18206931212596966
Spawrious GAI,42,FedDiverse,85,1 2 3 6 7 11 13 18 23,2,6,1,0.76213163204381,0.11757501530924679,0.3913066618948972,0.18206931212596966
Spawrious GAI,42,FedDiverse,86,1 3 5 6 7 9 11 13 17,2,5,2,0.8024436588869496,0.11793611793611794,0.4441824206530089,0.21847541618560307
Spawrious GAI,42,FedDiverse,87,1 4 5 6 7 9 11 17 21,2,5,2,0.7759291465426228,0.11793611793611794,0.40641508288567113,0.1919609038412763
Spawrious GAI,42,FedDiverse,88,3 5 6 7 8 11 13 16 18,2,6,1,0.7737317409057404,0.0975609756097561,0.3869266663384311,0.18135398190290197
Spawrious GAI,42,FedDiverse,89,0 3 4 6 7 11 13 17 18,2,7,0,0.7414782546724297,0.11903285802851829,0.3837009771544876,0.17033172977173017
Spawrious GAI,42,FedDiverse,90,0 3 7 9 11 13 16 18 24,1,7,1,0.7629101156432873,0.10436893203883495,0.3316101885539742,0.13753240005641398
Spawrious GAI,42,FedDiverse,91,1 6 7 8 9 10 11 13 18,2,4,3,0.8285977145661231,0.10325752919483712,0.3403269932681698,0.1452418413258405
Spawrious GAI,42,FedDiverse,92,0 1 3 5 6 7 11 13 23,2,6,1,0.7734213430745446,0.13991255465334165,0.4374898420439217,0.21068433447533697
Spawrious GAI,42,FedDiverse,93,3 4 6 7 9 11 13 18 19,2,6,1,0.7737317409057404,0.0975609756097561,0.3869266663384311,0.18135398190290197
Spawrious GAI,42,FedDiverse,94,1 3 7 9 11 13 18 23 24,1,6,2,0.7790403460001699,0.10311750599520383,0.33832947601329955,0.14474683539615574
Spawrious GAI,42,FedDiverse,95,3 5 7 9 10 11 18 19 21,1,7,1,0.7583282779081695,0.07724803862401931,0.34550703668350735,0.15947157056624073
Spawrious GAI,42,FedDiverse,96,1 5 7 11 13 18 21 23 24,1,7,1,0.7427848294559657,0.10280932456664674,0.28244655174802236,0.11239724163545772
Spawrious GAI,42,FedDiverse,97,0 2 6 7 9 11 13 18 22,2,6,1,0.7885654830185611,0.11180124223602485,0.37681777197906235,0.16577218145664052
Spawrious GAI,42,FedDiverse,98,0 1 4 5 6 7 11 13 17,2,6,1,0.7516925284583311,0.13991255465334165,0.40848614207247985,0.1889555198591235
Spawrious GAI,42,FedDiverse,99,3 5 6 7 9 11 13 18 23,2,6,1,0.7737317409057404,0.0975609756097561,0.3869266663384311,0.18135398190290197
Spawrious GAI,42,FedDiverse,100,0 4 5 6 7 11 13 17 18,2,7,0,0.7071744619168774,0.11903285802851829,0.3349578662671642,0.13602793701617788
Spawrious GAI,42,FedDiverse,101,4 6 7 8 9 10 11 13 18,2,5,2,0.7941664988659084,0.09040928527794746,0.3441778147660501,0.15014196320184892
Spawrious GAI,42,FedDiverse,102,3 4 6 7 9 11 18 22 23,2,6,1,0.7737317409057404,0.0975609756097561,0.3869266663384311,0.18135398190290197
Spawrious GAI,42,FedDiverse,103,0 3 7 9 10 11 18 21 24,1,7,1,0.7629101156432873,0.10436893203883495,0.3316101885539742,0.13753240005641398
Spawrious GAI,42,FedDiverse,104,1 4 5 6 7 9 11 13 18,2,5,2,0.7759291465426228,0.11793611793611794,0.40641508288567113,0.1919609038412763
Spawrious GAI,42,FedDiverse,105,2 5 6 7 9 11 13 18 23,2,6,1,0.7737317409057404,0.0975609756097561,0.3869266663384311,0.18135398190290197
Spawrious GAI,42,FedDiverse,106,1 3 7 9 11 15 18 21 22,1,6,2,0.7805108578511245,0.08986035215543413,0.32518014576838106,0.14232281293297278
Spawrious GAI,42,FedDiverse,107,0 7 8 9 11 13 18 21 22,1,6,2,0.8008861667085247,0.08374384236453201,0.288422467264972,0.11996714014629262
Spawrious GAI,42,FedDiverse,108,4 5 6 7 9 11 18 20 21,2,6,1,0.7344941413341175,0.0975609756097561,0.3294199176552118,0.1421163823312791
Spawrious GAI,42,FedDiverse,109,1 5 7 9 10 11 13 18 21,1,6,2,0.7820894758335634,0.08986035215543413,0.3271905536611419,0.14390143091541163
Spawrious GAI,42,FedDiverse,110,3 4 7 9 11 13 18 21 23,1,7,1,0.7583282779081695,0.07724803862401931,0.34550703668350735,0.15947157056624073
Spawrious GAI,42,FedDiverse,111,0 1 3 6 7 11 13 15 18,2,6,1,0.7740786738992714,0.132252027448534,0.3746628698241602,0.16360081142234884
Spawrious GAI,42,FedDiverse,112,1 5 6 7 9 11 15 17 18,2,5,2,0.7937956895917299,0.11042944785276074,0.36509983568807103,0.16208659301266837
Spawrious GAI,42,FedDiverse,113,3 5 6 7 11 12 13 18 20,2,7,0,0.7287599627437633,0.0972644376899696,0.3204180115944822,0.14028812652443112
Spawrious GAI,42,FedDiverse,114,3 4 5 6 7 11 12 18 21,2,7,0,0.7090218963562545,0.1046865489957395,0.36026400732283087,0.16829091401463714
Spawrious GAI,42,FedDiverse,115,1 3 7 9 11 13 18 21 22,1,6,2,0.7805108578511245,0.08986035215543413,0.32518014576838106,0.14232281293297278
Spawrious GAI,42,FedDiverse,116,3 4 7 9 11 13 18 21 22,1,7,1,0.7583282779081695,0.07724803862401931,0.34550703668350735,0.15947157056624073
Spawrious GAI,42,FedDiverse,117,1 3 5 7 11 13 16 18 23,1,7,1,0.7459192436613851,0.09696969696969697,0.35230834348481405,0.15937797540445453
Spawrious GAI,42,FedDiverse,118,0 6 7 9 11 13 18 21 22,2,6,1,0.7884988339747941,0.10421836228287841,0.29680339689827356,0.11796467853515857
Spawrious GAI,42,FedDiverse,119,2 4 6 7 9 11 17 18 22,2,6,1,0.7737317409057404,0.0975609756097561,0.3869266663384311,0.18135398190290197
Spawrious GAI,42,FedDiverse,120,3 6 7 9 11 13 16 17 18,2,6,1,0.7809032843523771,0.09013398294762484,0.3218684248096013,0.14078467147182372
Spawrious GAI,42,FedDiverse,121,2 6 7 11 13 17 18 21 23,2,7,0,0.7406535003448033,0.08986035215543413,0.25535160829278475,0.1044408102477562
Spawrious GAI,42,FedDiverse,122,2 5 9 11 13 17 18 21 23,0,8,1,0.7382559732553011,0.05734767025089606,0.28358829829418064,0.13292031757428224
Spawrious GAI,42,FedDiverse,123,0 3 6 7 8 11 13 18 20,2,6,1,0.7885654830185611,0.11180124223602485,0.37681777197906235,0.16577218145664052
Spawrious GAI,42,FedDiverse,124,1 2 3 6 7 8 11 13 23,2,5,2,0.792594856072249,0.11793611793611794,0.4324002088707971,0.2086266133709025
Spawrious GAI,42,FedDiverse,125,3 4 6 7 8 11 13 18 23,2,6,1,0.7737317409057404,0.0975609756097561,0.3869266663384311,0.18135398190290197
Spawrious GAI,42,FedDiverse,126,0 3 6 7 9 11 13 18 20,2,6,1,0.7885654830185611,0.11180124223602485,0.37681777197906235,0.16577218145664052
Spawrious GAI,42,FedDiverse,127,3 4 5 6 7 11 18 19 21,2,7,0,0.7090218963562545,0.1046865489957395,0.36026400732283087,0.16829091401463714
Spawrious GAI,42,FedDiverse,128,0 1 2 6 7 9 11 13 23,2,5,2,0.8060008636538387,0.13266583229036297,0.41628814313823803,0.1916170783934099
Spawrious GAI,42,FedDiverse,129,3 5 6 7 9 11 13 14 18,2,6,1,0.7737317409057404,0.0975609756097561,0.3869266663384311,0.18135398190290197
Spawrious GAI,42,FedDiverse,130,2 3 7 9 11 18 21 23 24,1,7,1,0.7495482284739292,0.09058402860548272,0.3489653645903646,0.15458605544613802
Spawrious GAI,42,FedDiverse,131,3 5 7 11 13 17 18 23 24,1,8,0,0.712499084423771,0.0903149138443256,0.2954822044895575,0.12144283417948609
Spawrious GAI,42,FedDiverse,132,1 4 6 9 11 13 17 18 21,1,6,2,0.7820894758335634,0.08986035215543413,0.3271905536611419,0.14390143091541163
Spawrious GAI,42,FedDiverse,133,3 7 8 9 11 12 13 18 24,1,6,2,0.7899647139450644,0.08358208955223881,0.32846514739897104,0.14335576425605212
Spawrious GAI,42,FedDiverse,134,5 6 7 9 10 11 13 18 21,2,6,1,0.7586411467801415,0.09013398294762484,0.2876510082392436,0.11852253389958811
Spawrious GAI,42,FedDiverse,135,1 2 4 6 7 8 11 13 21,2,5,2,0.8024436588869496,0.11793611793611794,0.4441824206530089,0.21847541618560307
Spawrious GAI,42,FedDiverse,136,1 3 4 7 11 12 13 18 21,1,7,1,0.7459192436613851,0.09696969696969697,0.35230834348481405,0.15937797540445453
Spawrious GAI,42,FedDiverse,137,1 6 7 9 11 13 18 20 23,2,5,2,0.8032098575461778,0.10294117647058823,0.2985641809171221,0.12375990708940132
Spawrious GAI,42,FedDiverse,138,0 1 3 6 7 9 11 13 23,2,5,2,0.8060008636538387,0.13266583229036297,0.41628814313823803,0.1916170783934099
Spawrious GAI,42,FedDiverse,139,2 3 4 6 7 8 11 13 17,2,6,1,0.7785232071296342,0.10500610500610501,0.4580110315404433,0.23388630200451077
Spawrious GAI,42,FedDiverse,140,0 5 6 7 9 11 17 18 24,2,6,1,0.7803227812053188,0.12507664009809932,0.37787699896333676,0.1614240139575358
Spawrious GAI,42,FedDiverse,141,2 7 8 11 12 13 18 21 23,1,7,1,0.7606259776222383,0.0699216395418927,0.26350671938907233,0.11402841640259476
Spawrious GAI,42,FedDiverse,142,0 5 6 9 11 13 17 18 21,1,7,1,0.7649983368056855,0.09096496619545175,0.32147055154645293,0.1357260869046747
Spawrious GAI,42,FedDiverse,143,1 5 7 9 11 13 17 18 21,1,6,2,0.7820894758335634,0.08986035215543413,0.3271905536611419,0.14390143091541163
Spawrious GAI,42,FedDiverse,144,5 6 7 9 10 11 13 18 21,2,6,1,0.7586411467801415,0.09013398294762484,0.2876510082392436,0.11852253389958811
Spawrious GAI,42,FedDiverse,145,1 3 7 11 13 18 20 21 23,1,7,1,0.7469716958232919,0.08958837772397095,0.2707535266358796,0.1126895736886464
Spawrious GAI,42,FedDiverse,146,1 6 7 9 11 13 17 18 20,2,5,2,0.8032098575461778,0.10294117647058823,0.2985641809171221,0.12375990708940132
Spawrious GAI,42,FedDiverse,147,3 6 8 9 11 13 17 18 21,1,6,2,0.7895004959871321,0.07013301088270858,0.312072532660768,0.1389970119839823
Spawrious GAI,42,FedDiverse,148,3 4 6 7 9 11 12 13 18,2,6,1,0.7737317409057404,0.0975609756097561,0.3869266663384311,0.18135398190290197
Spawrious GAI,42,FedDiverse,149,0 3 7 9 11 13 15 18 19,1,7,1,0.7649983368056857,0.09096496619545175,0.3197929649542553,0.13572608690467491
Spawrious GAI,42,FedDiverse,150,0 1 5 7 11 13 18 21 23,1,7,1,0.7534617857504055,0.1111111111111111,0.3296941597700611,0.13650497493439262
Spawrious GAI,42,FedDiverse,151,0 2 5 11 13 17 18 21 23,0,9,0,0.6974381666217926,0.0777170613236187,0.2776724887730581,0.1133337450429126
Spawrious GAI,42,FedDiverse,152,2 3 6 7 9 11 13 14 18,2,6,1,0.7774046849902576,0.0975609756097561,0.3948838654721008,0.1850269259874192
Spawrious GAI,42,FedDiverse,153,1 3 4 6 7 11 13 16 18,2,6,1,0.7642015615847294,0.11757501530924679,0.3924459218576866,0.1841392416668891
Spawrious GAI,42,FedDiverse,154,5 6 7 9 10 11 13 18 19,2,6,1,0.7586411467801415,0.09013398294762484,0.2876510082392436,0.11852253389958811
Spawrious GAI,42,FedDiverse,155,7 8 9 11 13 17 18 21 23,1,6,2,0.7911725862846354,0.06280193236714976,0.2210632504750152,0.09292824840377056
Spawrious GAI,42,FedDiverse,156,3 6 7 8 11 13 14 17 18,2,6,1,0.7809032843523771,0.09013398294762484,0.3218684248096013,0.14078467147182372
Spawrious GAI,42,FedDiverse,157,4 5 6 7 9 11 13 17 18,2,6,1,0.7344941413341175,0.0975609756097561,0.3294199176552118,0.1421163823312791
Spawrious GAI,42,FedDiverse,158,0 4 6 7 9 11 15 18 21,2,6,1,0.7775788604273662,0.11180124223602485,0.36200694502402286,0.15478555886544565
Spawrious GAI,42,FedDiverse,159,2 3 6 7 8 11 12 13 18,2,6,1,0.7774046849902576,0.0975609756097561,0.3948838654721008,0.1850269259874192
Spawrious GAI,42,FedDiverse,160,2 3 4 6 7 11 18 21 24,2,7,0,0.733687076855805,0.11778846153846154,0.413792790631026,0.19685062882832538
Spawrious GAI,42,FedDiverse,161,3 4 6 7 8 11 13 18 20,2,6,1,0.7737317409057404,0.0975609756097561,0.3869266663384311,0.18135398190290197
Spawrious GAI,42,FedDiverse,162,0 3 7 11 13 18 21 23 24,1,8,0,0.721544896148226,0.10405323653962492,0.27488292164525563,0.10007310334485897
Spawrious GAI,42,FedDiverse,163,2 6 7 8 9 10 11 13 18,2,5,2,0.8097908005676482,0.09040928527794746,0.36775227951698547,0.1657662649035887
Spawrious GAI,42,FedDiverse,164,1 3 6 7 11 13 16 18 21,2,6,1,0.7698297760412979,0.11009174311926606,0.32783318077435725,0.1420266022457426
Spawrious GAI,42,FedDiverse,165,0 4 7 8 11 13 18 21 23,1,7,1,0.7649983368056855,0.09096496619545175,0.32147055154645293,0.1357260869046747
Spawrious GAI,42,FedDiverse,166,4 5 7 11 13 18 21 23 24,1,8,0,0.6841887562007641,0.0903149138443256,0.24864503540974134,0.09313250595647926
Spawrious GAI,42,FedDiverse,167,4 7 8 11 13 14 18 21 23,1,7,1,0.7494772110108222,0.0699216395418927,0.2457777163659517,0.1028796497911787
Spawrious GAI,42,FedDiverse,168,4 5 7 9 11 13 18 21 22,1,7,1,0.7312669411701908,0.07724803862401931,0.3044887015475251,0.132410233828262
Spawrious GAI,42,FedDiverse,169,4 5 6 7 9 11 13 18 21,2,6,1,0.7344941413341175,0.0975609756097561,0.3294199176552118,0.1421163823312791
Spawrious GAI,42,FedDiverse,170,2 6 7 9 10 11 13 18 19,2,6,1,0.7809032843523771,0.09013398294762484,0.3218684248096013,0.14078467147182372
Spawrious GAI,42,FedDiverse,171,3 4 6 7 9 11 13 18 23,2,6,1,0.7737317409057404,0.0975609756097561,0.3869266663384311,0.18135398190290197
Spawrious GAI,42,FedDiverse,172,0 2 3 6 7 11 13 18 20,2,7,0,0.7409599341009946,0.11903285802851829,0.3828945384922615,0.16981340920029508
Spawrious GAI,42,FedDiverse,173,0 3 5 6 7 11 12 13 18,2,7,0,0.7414782546724297,0.11903285802851829,0.3837009771544876,0.17033172977173017
Spawrious GAI,42,FedDiverse,174,5 6 7 9 11 17 18 20 21,2,6,1,0.7586411467801415,0.09013398294762484,0.2876510082392436,0.11852253389958811
Spawrious GAI,42,FedDiverse,175,4 6 7 9 11 13 18 20 21,2,6,1,0.7586411467801415,0.09013398294762484,0.2876510082392436,0.11852253389958811
Spawrious GAI,42,FedDiverse,176,3 7 8 9 11 13 18 21 22,1,6,2,0.7895004959871321,0.07013301088270858,0.312072532660768,0.1389970119839823
Spawrious GAI,42,FedDiverse,177,0 5 6 7 9 11 13 16 18,2,6,1,0.7775788604273662,0.11180124223602485,0.36200694502402286,0.15478555886544565
Spawrious GAI,42,FedDiverse,178,1 5 6 7 9 11 13 18 20,2,5,2,0.7937956895917299,0.11042944785276074,0.36509983568807103,0.16208659301266837
Spawrious GAI,42,FedDiverse,179,3 5 7 9 10 11 16 18 21,1,7,1,0.7583282779081695,0.07724803862401931,0.34550703668350735,0.15947157056624073
Spawrious GAI,42,FedDiverse,180,0 3 5 7 10 11 13 18 21,1,8,0,0.7217625730702729,0.09815950920245399,0.34093628733097425,0.14413709983048317
Spawrious GAI,42,FedDiverse,181,1 5 7 11 13 18 19 21 23,1,7,1,0.7414795600241985,0.08958837772397095,0.262120982709218,0.10719743788955294
Spawrious GAI,42,FedDiverse,182,3 4 7 9 11 13 16 18 19,1,7,1,0.7583282779081695,0.07724803862401931,0.34550703668350735,0.15947157056624073
Spawrious GAI,42,FedDiverse,183,3 5 7 9 11 12 18 19 21,1,7,1,0.7583282779081695,0.07724803862401931,0.34550703668350735,0.15947157056624073
Spawrious GAI,42,FedDiverse,184,3 6 7 9 11 13 16 18 21,2,6,1,0.7809032843523771,0.09013398294762484,0.3218684248096013,0.14078467147182372
Spawrious GAI,42,FedDiverse,185,3 5 6 7 8 11 13 16 18,2,6,1,0.7737317409057404,0.0975609756097561,0.3869266663384311,0.18135398190290197
Spawrious GAI,42,FedDiverse,186,3 4 6 7 9 11 17 18 21,2,6,1,0.7737317409057404,0.0975609756097561,0.3869266663384311,0.18135398190290197
Spawrious GAI,42,FedDiverse,187,0 2 7 11 13 16 18 21 23,1,8,0,0.7246783705039861,0.09068627450980392,0.2607135771272394,0.09931204338648136
Spawrious GAI,42,FedDiverse,188,2 3 7 11 13 17 18 23 24,1,8,0,0.7097053425665784,0.0903149138443256,0.292769824019824,0.11864909232229348
Spawrious GAI,42,FedDiverse,189,1 3 7 11 17 18 19 21 24,1,7,1,0.7447223625764406,0.10280932456664674,0.2862549777990955,0.11433477475593268
Spawrious GAI,42,FedDiverse,190,0 3 6 7 9 11 12 13 18,2,6,1,0.7885654830185611,0.11180124223602485,0.37681777197906235,0.16577218145664052
Spawrious GAI,42,FedDiverse,191,2 3 6 9 11 13 17 18 21,1,7,1,0.7517644378010817,0.07724803862401931,0.33697582226993994,0.15290773045915296
Spawrious GAI,42,FedDiverse,192,0 3 7 9 11 18 20 21 22,1,7,1,0.7649983368056857,0.09096496619545175,0.3197929649542553,0.13572608690467491
Spawrious GAI,42,FedDiverse,193,1 7 8 11 13 16 18 21 23,1,6,2,0.7862856397710147,0.08247422680412371,0.24371282312458784,0.10035674097514813
Spawrious GAI,42,FedDiverse,194,2 4 7 11 13 18 21 23 24,1,8,0,0.712499084423771,0.0903149138443256,0.2954822044895575,0.12144283417948609
Spawrious GAI,42,FedDiverse,195,1 3 7 9 11 14 18 21 23,1,6,2,0.7805108578511245,0.08986035215543413,0.32518014576838106,0.14232281293297278
Spawrious GAI,42,FedDiverse,196,3 6 7 8 9 11 13 18 19,2,5,2,0.8097908005676482,0.09040928527794746,0.36775227951698547,0.1657662649035887
Spawrious GAI,42,FedDiverse,197,3 5 6 7 9 11 13 18 19,2,6,1,0.7737317409057404,0.0975609756097561,0.3869266663384311,0.18135398190290197
Spawrious GAI,42,FedDiverse,198,3 7 8 9 11 13 18 21 23,1,6,2,0.7895004959871321,0.07013301088270858,0.312072532660768,0.1389970119839823
Spawrious GAI,42,FedDiverse,199,4 5 6 7 9 11 13 18 23,2,6,1,0.7344941413341175,0.0975609756097561,0.3294199176552118,0.1421163823312791
Spawrious GAI,43,FedDiverse,1,0 2 5 7 14 15 16 17 24,1,8,0,0.7196379129367033,0.11144760751059964,0.35317455638850326,0.14590697401105113
Spawrious GAI,43,FedDiverse,2,0 1 5 7 9 14 15 16 19,1,6,2,0.7936153963206538,0.11145510835913312,0.38464434346787285,0.17275266272113476
Spawrious GAI,43,FedDiverse,3,4 6 7 12 14 15 16 19 23,2,7,0,0.7123588490948268,0.08986035215543413,0.21049123990300464,0.07614615899777977
Spawrious GAI,43,FedDiverse,4,2 5 7 12 14 15 16 21 24,1,8,0,0.712499084423771,0.0903149138443256,0.2954822044895575,0.12144283417948609
Spawrious GAI,43,FedDiverse,5,1 4 5 6 7 14 15 16 23,2,6,1,0.7315783698013479,0.11757501530924679,0.34403563227092643,0.15151604988350764
Spawrious GAI,43,FedDiverse,6,2 5 7 9 14 15 16 17 24,1,7,1,0.7593561255097064,0.09058402860548272,0.3623206968795205,0.16439395248191524
Spawrious GAI,43,FedDiverse,7,3 5 7 8 10 14 16 23 24,1,7,1,0.7593561255097064,0.09058402860548272,0.3623206968795205,0.16439395248191524
Spawrious GAI,43,FedDiverse,8,1 3 5 6 7 14 15 16 19,2,6,1,0.7642015615847294,0.11757501530924679,0.3924459218576866,0.1841392416668891
Spawrious GAI,43,FedDiverse,9,1 3 5 6 7 14 16 18 20,2,6,1,0.7642015615847294,0.11757501530924679,0.3924459218576866,0.1841392416668891
Spawrious GAI,43,FedDiverse,10,4 5 6 7 9 14 15 16 22,2,6,1,0.7344941413341175,0.0975609756097561,0.3294199176552118,0.1421163823312791
Spawrious GAI,43,FedDiverse,11,5 6 7 8 14 15 16 17 22,2,6,1,0.7586411467801415,0.09013398294762484,0.2876510082392436,0.11852253389958811
Spawrious GAI,43,FedDiverse,12,0 4 5 6 7 14 16 17 20,2,7,0,0.7071744619168774,0.11903285802851829,0.3349578662671642,0.13602793701617788
Spawrious GAI,43,FedDiverse,13,1 5 6 7 12 14 15 16 17,2,6,1,0.753684422157692,0.11009174311926606,0.3027122233004586,0.12588124836213677
Spawrious GAI,43,FedDiverse,14,1 4 5 7 14 15 16 17 18,1,7,1,0.7248565521810479,0.09696969696969697,0.32038646744529103,0.1383152839241174
Spawrious GAI,43,FedDiverse,15,4 5 6 7 9 12 14 16 17,2,6,1,0.7344941413341175,0.0975609756097561,0.3294199176552118,0.1421163823312791
Spawrious GAI,43,FedDiverse,16,5 6 7 9 14 15 16 17 19,2,6,1,0.7586411467801415,0.09013398294762484,0.2876510082392436,0.11852253389958811
Spawrious GAI,43,FedDiverse,17,4 5 7 9 14 15 16 17 24,1,7,1,0.7366395771973937,0.09058402860548272,0.3261264796191268,0.1416774041696025
Spawrious GAI,43,FedDiverse,18,3 5 7 10 14 15 16 18 24,1,8,0,0.712499084423771,0.0903149138443256,0.2954822044895575,0.12144283417948609
Spawrious GAI,43,FedDiverse,19,0 2 4 14 15 16 17 21 23,0,9,0,0.6974381666217926,0.0777170613236187,0.2776724887730581,0.1133337450429126
Spawrious GAI,43,FedDiverse,20,0 3 5 7 13 14 15 16 17,1,8,0,0.7217625730702729,0.09815950920245399,0.34093628733097425,0.14413709983048317
Spawrious GAI,43,FedDiverse,21,0 4 5 6 7 14 15 16 23,2,7,0,0.7071744619168774,0.11903285802851829,0.3349578662671642,0.13602793701617788
Spawrious GAI,43,FedDiverse,22,2 8 9 14 15 16 17 21 23,0,7,2,0.7648786649437984,0.05026929982046679,0.23589367707014766,0.10789623260155834
Spawrious GAI,43,FedDiverse,23,3 5 7 8 10 14 16 17 23,1,7,1,0.7583282779081695,0.07724803862401931,0.34550703668350735,0.15947157056624073
Spawrious GAI,43,FedDiverse,24,3 4 5 7 14 15 16 17 21,1,8,0,0.6977372838927575,0.08433734939759036,0.33310449486920074,0.1505273532120499
Spawrious GAI,43,FedDiverse,25,5 6 7 8 10 14 15 16 23,2,6,1,0.7586411467801415,0.09013398294762484,0.2876510082392436,0.11852253389958811
Spawrious GAI,43,FedDiverse,26,0 5 6 7 10 14 15 16 17,2,7,0,0.7311582885659568,0.11145510835913312,0.2949665639418961,0.1122709097875424
Spawrious GAI,43,FedDiverse,27,1 2 5 7 14 15 16 17 22,1,7,1,0.7459192436613851,0.09696969696969697,0.35230834348481405,0.15937797540445453
Spawrious GAI,43,FedDiverse,28,5 8 9 14 15 16 17 18 24,0,7,2,0.7744533721546205,0.06382978723404255,0.26728405956347134,0.12136547412651799
Spawrious GAI,43,FedDiverse,29,0 5 6 7 13 14 15 16 19,2,7,0,0.7311582885659568,0.11145510835913312,0.2949665639418961,0.1122709097875424
Spawrious GAI,43,FedDiverse,30,1 2 5 7 14 15 16 17 22,1,7,1,0.7459192436613851,0.09696969696969697,0.35230834348481405,0.15937797540445453
Spawrious GAI,43,FedDiverse,31,3 5 6 7 8 11 14 15 16,2,6,1,0.7737317409057404,0.0975609756097561,0.3869266663384311,0.18135398190290197
Spawrious GAI,43,FedDiverse,32,1 4 5 7 14 15 16 17 20,1,7,1,0.7248565521810479,0.09696969696969697,0.32038646744529103,0.1383152839241174
Spawrious GAI,43,FedDiverse,33,2 4 5 6 7 14 15 16 17,2,7,0,0.7090218963562545,0.1046865489957395,0.36026400732283087,0.16829091401463714
Spawrious GAI,43,FedDiverse,34,1 3 5 6 7 14 15 16 21,2,6,1,0.7642015615847294,0.11757501530924679,0.3924459218576866,0.1841392416668891
Spawrious GAI,43,FedDiverse,35,1 3 5 6 7 14 15 16 23,2,6,1,0.7642015615847294,0.11757501530924679,0.3924459218576866,0.1841392416668891
Spawrious GAI,43,FedDiverse,36,1 4 8 14 15 16 17 21 23,0,7,2,0.7655467952054089,0.06971153846153846,0.26878216289981,0.12087980194816694
Spawrious GAI,43,FedDiverse,37,3 4 5 7 14 15 16 17 24,1,8,0,0.6990588395748372,0.0975609756097561,0.3503392005230241,0.15574344320826716
Spawrious GAI,43,FedDiverse,38,0 4 5 6 7 11 14 16 17,2,7,0,0.7071744619168774,0.11903285802851829,0.3349578662671642,0.13602793701617788
Spawrious GAI,43,FedDiverse,39,2 4 6 7 12 14 15 16 17,2,7,0,0.7287599627437633,0.0972644376899696,0.3204180115944822,0.14028812652443112
Spawrious GAI,43,FedDiverse,40,2 7 8 14 15 16 17 21 23,1,7,1,0.7606259776222383,0.0699216395418927,0.26350671938907233,0.11402841640259476
Spawrious GAI,43,FedDiverse,41,3 4 5 6 7 10 14 16 24,2,7,0,0.7118250146167846,0.11778846153846154,0.37672742544066073,0.17498856658930495
Spawrious GAI,43,FedDiverse,42,3 5 7 9 14 15 16 17 23,1,7,1,0.7583282779081695,0.07724803862401931,0.34550703668350735,0.15947157056624073
Spawrious GAI,43,FedDiverse,43,0 3 5 7 14 15 16 17 20,1,8,0,0.7217625730702729,0.09815950920245399,0.34093628733097425,0.14413709983048317
Spawrious GAI,43,FedDiverse,44,3 5 7 10 14 15 16 17 24,1,8,0,0.712499084423771,0.0903149138443256,0.2954822044895575,0.12144283417948609
Spawrious GAI,43,FedDiverse,45,0 3 5 6 7 14 16 21 22,2,7,0,0.7414782546724297,0.11903285802851829,0.3837009771544876,0.17033172977173017
Spawrious GAI,43,FedDiverse,46,2 4 5 6 7 14 15 17 24,2,7,0,0.7118250146167846,0.11778846153846154,0.37672742544066073,0.17498856658930495
Spawrious GAI,43,FedDiverse,47,2 4 5 6 7 14 15 16 23,2,7,0,0.7090218963562545,0.1046865489957395,0.36026400732283087,0.16829091401463714
Spawrious GAI,43,FedDiverse,48,1 4 5 7 14 15 16 17 24,1,7,1,0.7277349392763148,0.11011370436864153,0.3387809610236081,0.14508820533352185
Spawrious GAI,43,FedDiverse,49,4 5 6 7 8 14 16 17 23,2,6,1,0.7344941413341175,0.0975609756097561,0.3294199176552118,0.1421163823312791
Spawrious GAI,43,FedDiverse,50,1 3 4 5 7 11 14 16 24,1,7,1,0.7373241872664948,0.11743559017375674,0.4202820530026412,0.20241830720141674
Spawrious GAI,43,FedDiverse,51,2 4 5 6 7 14 15 23 24,2,7,0,0.7118250146167846,0.11778846153846154,0.37672742544066073,0.17498856658930495
Spawrious GAI,43,FedDiverse,52,1 2 3 5 7 14 15 16 17,1,7,1,0.7407211403818829,0.10436893203883495,0.41430441136323487,0.2019207260026672
Spawrious GAI,43,FedDiverse,53,1 4 5 6 7 11 12 14 16,2,6,1,0.7315783698013479,0.11757501530924679,0.34403563227092643,0.15151604988350764
Spawrious GAI,43,FedDiverse,54,2 5 6 7 14 16 17 21 22,2,7,0,0.7287599627437633,0.0972644376899696,0.3204180115944822,0.14028812652443112
Spawrious GAI,43,FedDiverse,55,3 4 5 6 7 14 15 16 19,2,7,0,0.7090218963562545,0.1046865489957395,0.36026400732283087,0.16829091401463714
Spawrious GAI,43,FedDiverse,56,3 5 8 14 15 16 17 18 24,0,8,1,0.7385910307786487,0.07079646017699115,0.3011732460261873,0.1371499094117674
Spawrious GAI,43,FedDiverse,57,5 6 7 9 14 15 16 17 22,2,6,1,0.7586411467801415,0.09013398294762484,0.2876510082392436,0.11852253389958811
Spawrious GAI,43,FedDiverse,58,1 4 5 7 14 15 16 17 22,1,7,1,0.7248565521810479,0.09696969696969697,0.32038646744529103,0.1383152839241174
Spawrious GAI,43,FedDiverse,59,0 3 5 6 7 14 15 23 24,2,7,0,0.7405104702329082,0.13219094247246022,0.3951679586760233,0.17325847964634622
Spawrious GAI,43,FedDiverse,60,0 4 7 9 14 15 16 17 21,1,7,1,0.7649983368056855,0.09096496619545175,0.32147055154645293,0.1357260869046747
Spawrious GAI,43,FedDiverse,61,1 5 7 9 12 14 15 16 17,1,6,2,0.7820894758335634,0.08986035215543413,0.3271905536611419,0.14390143091541163
Spawrious GAI,43,FedDiverse,62,3 4 5 6 7 8 14 15 23,2,6,1,0.7585091825232939,0.10500610500610501,0.4267645002939121,0.2138722773981705
Spawrious GAI,43,FedDiverse,63,0 1 5 7 10 14 16 17 22,1,7,1,0.7534617857504055,0.1111111111111111,0.3296941597700611,0.13650497493439262
Spawrious GAI,43,FedDiverse,64,1 4 5 6 7 14 16 17 22,2,6,1,0.7315783698013479,0.11757501530924679,0.34403563227092643,0.15151604988350764
Spawrious GAI,43,FedDiverse,65,5 7 9 14 15 16 17 19 24,1,7,1,0.753133045568032,0.08333333333333333,0.26934656989804057,0.110430018662526
Spawrious GAI,43,FedDiverse,66,0 5 6 7 9 12 14 16 22,2,6,1,0.7775788604273662,0.11180124223602485,0.36200694502402286,0.15478555886544565
Spawrious GAI,43,FedDiverse,67,3 4 5 7 13 14 16 17 18,1,8,0,0.6977372838927575,0.08433734939759036,0.33310449486920074,0.1505273532120499
Spawrious GAI,43,FedDiverse,68,2 8 9 14 15 16 17 21 23,0,7,2,0.7648786649437984,0.05026929982046679,0.23589367707014766,0.10789623260155834
Spawrious GAI,43,FedDiverse,69,0 4 5 6 7 14 15 16 17,2,7,0,0.7071744619168774,0.11903285802851829,0.3349578662671642,0.13602793701617788
Spawrious GAI,43,FedDiverse,70,3 4 8 14 15 16 17 21 23,0,8,1,0.7382559732553011,0.05734767025089606,0.28358829829418064,0.13292031757428224
Spawrious GAI,43,FedDiverse,71,1 4 5 6 7 14 15 16 23,2,6,1,0.7315783698013479,0.11757501530924679,0.34403563227092643,0.15151604988350764
Spawrious GAI,43,FedDiverse,72,0 6 7 9 14 15 16 17 19,2,6,1,0.7884988339747941,0.10421836228287841,0.29680339689827356,0.11796467853515857
Spawrious GAI,43,FedDiverse,73,2 5 6 7 14 15 16 23 24,2,7,0,0.7299218638574958,0.11044417767106843,0.3388125051727993,0.14534456195230117
Spawrious GAI,43,FedDiverse,74,0 5 7 9 10 14 16 17 18,1,7,1,0.7649983368056855,0.09096496619545175,0.32147055154645293,0.1357260869046747
Spawrious GAI,43,FedDiverse,75,0 3 5 6 7 13 14 15 16,2,7,0,0.7414782546724297,0.11903285802851829,0.3837009771544876,0.17033172977173017
Spawrious GAI,43,FedDiverse,76,3 4 5 7 14 15 16 17 22,1,8,0,0.6977372838927575,0.08433734939759036,0.33310449486920074,0.1505273532120499
Spawrious GAI,43,FedDiverse,77,3 5 7 8 14 15 16 17 20,1,7,1,0.7583282779081695,0.07724803862401931,0.34550703668350735,0.15947157056624073
Spawrious GAI,43,FedDiverse,78,5 7 8 14 15 16 17 19 23,1,7,1,0.7494772110108222,0.0699216395418927,0.2457777163659517,0.1028796497911787
Spawrious GAI,43,FedDiverse,79,3 5 6 7 14 15 16 17 20,2,7,0,0.7287599627437633,0.0972644376899696,0.3204180115944822,0.14028812652443112
Spawrious GAI,43,FedDiverse,80,2 3 5 6 7 14 16 20 23,2,7,0,0.7351272027414545,0.1046865489957395,0.4021534903887845,0.19439622039983717
Spawrious GAI,43,FedDiverse,81,5 6 7 8 9 14 15 16 21,2,5,2,0.7941664988659084,0.09040928527794746,0.3441778147660501,0.15014196320184892
Spawrious GAI,43,FedDiverse,82,2 4 5 6 7 14 15 16 20,2,7,0,0.7090218963562545,0.1046865489957395,0.36026400732283087,0.16829091401463714
Spawrious GAI,43,FedDiverse,83,3 5 7 9 14 16 17 21 22,1,7,1,0.7583282779081695,0.07724803862401931,0.34550703668350735,0.15947157056624073
Spawrious GAI,43,FedDiverse,84,3 4 5 7 11 14 16 17 23,1,8,0,0.6977372838927575,0.08433734939759036,0.33310449486920074,0.1505273532120499
Spawrious GAI,43,FedDiverse,85,3 5 6 7 12 14 15 16 17,2,7,0,0.7287599627437633,0.0972644376899696,0.3204180115944822,0.14028812652443112
Spawrious GAI,43,FedDiverse,86,1 5 6 7 10 13 14 15 16,2,6,1,0.753684422157692,0.11009174311926606,0.3027122233004586,0.12588124836213677
Spawrious GAI,43,FedDiverse,87,0 4 5 7 14 15 16 17 23,1,8,0,0.6991332655863115,0.09815950920245399,0.3086815899908879,0.12150779234652176
Spawrious GAI,43,FedDiverse,88,3 4 5 6 7 14 15 16 18,2,7,0,0.7090218963562545,0.1046865489957395,0.36026400732283087,0.16829091401463714
Spawrious GAI,43,FedDiverse,89,0 4 7 12 14 15 16 17 23,1,8,0,0.7176737721706022,0.09068627450980392,0.25174821190001456,0.09230744505309751
Spawrious GAI,43,FedDiverse,90,0 4 5 6 7 14 16 17 23,2,7,0,0.7071744619168774,0.11903285802851829,0.3349578662671642,0.13602793701617788
Spawrious GAI,43,FedDiverse,91,0 3 5 6 7 14 15 16 20,2,7,0,0.7414782546724297,0.11903285802851829,0.3837009771544876,0.17033172977173017
Spawrious GAI,43,FedDiverse,92,5 6 7 8 9 14 15 16 23,2,5,2,0.7941664988659084,0.09040928527794746,0.3441778147660501,0.15014196320184892
Spawrious GAI,43,FedDiverse,93,4 5 6 7 9 14 16 17 19,2,6,1,0.7344941413341175,0.0975609756097561,0.3294199176552118,0.1421163823312791
Spawrious GAI,43,FedDiverse,94,2 3 5 7 14 15 16 17 20,1,8,0,0.7131032944623479,0.08433734939759036,0.3585055643879173,0.16589336378164032
Spawrious GAI,43,FedDiverse,95,0 5 7 9 14 15 16 17 20,1,7,1,0.7649983368056855,0.09096496619545175,0.32147055154645293,0.1357260869046747
Spawrious GAI,43,FedDiverse,96,5 6 7 9 12 14 15 16 19,2,6,1,0.7586411467801415,0.09013398294762484,0.2876510082392436,0.11852253389958811
Spawrious GAI,43,FedDiverse,97,5 6 7 8 10 14 15 16 23,2,6,1,0.7586411467801415,0.09013398294762484,0.2876510082392436,0.11852253389958811
Spawrious GAI,43,FedDiverse,98,0 4 5 6 7 10 12 14 16,2,7,0,0.7071744619168774,0.11903285802851829,0.3349578662671642,0.13602793701617788
Spawrious GAI,43,FedDiverse,99,5 6 7 9 14 15 16 18 19,2,6,1,0.7586411467801415,0.09013398294762484,0.2876510082392436,0.11852253389958811
Spawrious GAI,43,FedDiverse,100,1 2 3 6 7 14 15 16 23,2,6,1,0.76213163204381,0.11757501530924679,0.3913066618948972,0.18206931212596966
Spawrious GAI,43,FedDiverse,101,3 5 6 7 9 14 15 16 20,2,6,1,0.7737317409057404,0.0975609756097561,0.3869266663384311,0.18135398190290197
Spawrious GAI,43,FedDiverse,102,3 5 6 7 14 15 16 20 21,2,7,0,0.7287599627437633,0.0972644376899696,0.3204180115944822,0.14028812652443112
Spawrious GAI,43,FedDiverse,103,0 5 7 9 10 14 16 17 20,1,7,1,0.7649983368056855,0.09096496619545175,0.32147055154645293,0.1357260869046747
Spawrious GAI,43,FedDiverse,104,4 5 6 7 14 16 17 21 22,2,7,0,0.6840732145836952,0.0972644376899696,0.2522683110918405,0.095601378364363
Spawrious GAI,43,FedDiverse,105,1 2 5 6 7 12 14 15 16,2,6,1,0.7642015615847294,0.11757501530924679,0.3924459218576866,0.1841392416668891
Spawrious GAI,43,FedDiverse,106,0 4 5 14 15 16 17 18 24,0,9,0,0.6859648938548538,0.09112709832134293,0.2797398794493197,0.10575500659011139
Spawrious GAI,43,FedDiverse,107,0 4 5 6 7 12 14 16 22,2,7,0,0.7071744619168774,0.11903285802851829,0.3349578662671642,0.13602793701617788
Spawrious GAI,43,FedDiverse,108,2 4 5 6 7 14 15 16 22,2,7,0,0.7090218963562545,0.1046865489957395,0.36026400732283087,0.16829091401463714
Spawrious GAI,43,FedDiverse,109,2 5 7 8 11 14 15 16 17,1,7,1,0.7583282779081695,0.07724803862401931,0.34550703668350735,0.15947157056624073
Spawrious GAI,43,FedDiverse,110,1 5 6 7 13 14 15 16 17,2,6,1,0.753684422157692,0.11009174311926606,0.3027122233004586,0.12588124836213677
Spawrious GAI,43,FedDiverse,111,2 5 7 8 13 14 15 16 17,1,7,1,0.7583282779081695,0.07724803862401931,0.34550703668350735,0.15947157056624073
Spawrious GAI,43,FedDiverse,112,3 4 5 7 9 14 15 16 17,1,7,1,0.748331976003215,0.08459214501510574,0.40228694640459345,0.19721612253900123
Spawrious GAI,43,FedDiverse,113,3 4 5 6 7 8 14 15 23,2,6,1,0.7585091825232939,0.10500610500610501,0.4267645002939121,0.2138722773981705
Spawrious GAI,43,FedDiverse,114,5 6 7 9 14 15 16 17 21,2,6,1,0.7586411467801415,0.09013398294762484,0.2876510082392436,0.11852253389958811
Spawrious GAI,43,FedDiverse,115,3 5 6 7 9 13 14 16 23,2,6,1,0.7737317409057404,0.0975609756097561,0.3869266663384311,0.18135398190290197
Spawrious GAI,43,FedDiverse,116,0 5 7 9 14 15 16 17 19,1,7,1,0.7649983368056855,0.09096496619545175,0.32147055154645293,0.1357260869046747
Spawrious GAI,43,FedDiverse,117,5 7 9 14 15 16 17 18 21,1,7,1,0.7494772110108222,0.0699216395418927,0.2457777163659517,0.1028796497911787
Spawrious GAI,43,FedDiverse,118,1 5 6 7 12 14 15 16 22,2,6,1,0.753684422157692,0.11009174311926606,0.3027122233004586,0.12588124836213677
Spawrious GAI,43,FedDiverse,119,0 7 9 14 15 16 17 21 23,1,7,1,0.7706966180095438,0.08348680171884591,0.2393249276550985,0.09368351423081789
Spawrious GAI,43,FedDiverse,120,0 5 7 9 11 14 16 17 19,1,7,1,0.7649983368056855,0.09096496619545175,0.32147055154645293,0.1357260869046747
Spawrious GAI,43,FedDiverse,121,1 3 4 14 15 16 17 21 23,0,8,1,0.7232274910274312,0.07678464307138572,0.2916716563775387,0.13020727443141045
Spawrious GAI,43,FedDiverse,122,3 4 5 7 14 15 16 17 22,1,8,0,0.6977372838927575,0.08433734939759036,0.33310449486920074,0.1505273532120499
Spawrious GAI,43,FedDiverse,123,4 5 6 7 8 13 14 16 21,2,6,1,0.7344941413341175,0.0975609756097561,0.3294199176552118,0.1421163823312791
Spawrious GAI,43,FedDiverse,124,2 5 6 7 14 15 16 18 19,2,7,0,0.7287599627437633,0.0972644376899696,0.3204180115944822,0.14028812652443112
Spawrious GAI,43,FedDiverse,125,3 5 6 7 8 14 15 16 20,2,6,1,0.7737317409057404,0.0975609756097561,0.3869266663384311,0.18135398190290197
Spawrious GAI,43,FedDiverse,126,5 6 7 9 14 15 16 17 23,2,6,1,0.7586411467801415,0.09013398294762484,0.2876510082392436,0.11852253389958811
Spawrious GAI,43,FedDiverse,127,0 4 5 6 7 10 14 15 16,2,7,0,0.7071744619168774,0.11903285802851829,0.3349578662671642,0.13602793701617788
Spawrious GAI,43,FedDiverse,128,2 3 5 6 7 8 14 15 23,2,6,1,0.7785232071296342,0.10500610500610501,0.4580110315404433,0.23388630200451077
Spawrious GAI,43,FedDiverse,129,2 7 9 14 15 16 17 19 23,1,7,1,0.7606259776222383,0.0699216395418927,0.26350671938907233,0.11402841640259476
Spawrious GAI,43,FedDiverse,130,3 5 6 7 14 15 16 17 20,2,7,0,0.7287599627437633,0.0972644376899696,0.3204180115944822,0.14028812652443112
Spawrious GAI,43,FedDiverse,131,4 5 6 7 9 14 15 16 23,2,6,1,0.7344941413341175,0.0975609756097561,0.3294199176552118,0.1421163823312791
Spawrious GAI,43,FedDiverse,132,4 5 6 7 14 15 16 21 24,2,7,0,0.6902751847393387,0.11044417767106843,0.27548692254574614,0.10569788283414405
Spawrious GAI,43,FedDiverse,133,3 5 8 10 14 15 16 17 24,0,8,1,0.7385910307786487,0.07079646017699115,0.3011732460261873,0.1371499094117674
Spawrious GAI,43,FedDiverse,134,0 3 5 7 14 16 17 21 24,1,8,0,0.7196379129367033,0.11144760751059964,0.35317455638850326,0.14590697401105113
Spawrious GAI,43,FedDiverse,135,4 5 6 7 9 14 15 16 22,2,6,1,0.7344941413341175,0.0975609756097561,0.3294199176552118,0.1421163823312791
Spawrious GAI,43,FedDiverse,136,1 6 7 9 14 15 16 23 24,2,5,2,0.8048316820648268,0.1161524500907441,0.3176974169621229,0.12927626592218788
Spawrious GAI,43,FedDiverse,137,3 4 5 7 9 14 15 16 17,1,7,1,0.748331976003215,0.08459214501510574,0.40228694640459345,0.19721612253900123
Spawrious GAI,43,FedDiverse,138,3 5 6 7 8 14 15 16 23,2,6,1,0.7737317409057404,0.0975609756097561,0.3869266663384311,0.18135398190290197
Spawrious GAI,43,FedDiverse,139,5 6 7 9 14 15 16 21 22,2,6,1,0.7586411467801415,0.09013398294762484,0.2876510082392436,0.11852253389958811
Spawrious GAI,43,FedDiverse,140,0 4 9 14 15 16 17 21 23,0,8,1,0.7474742331239079,0.0705596107055961,0.2604350493344801,0.11172303488380675
Spawrious GAI,43,FedDiverse,141,4 5 6 7 14 15 16 17 22,2,7,0,0.6840732145836952,0.0972644376899696,0.2522683110918405,0.095601378364363
Spawrious GAI,43,FedDiverse,142,0 2 5 6 7 14 16 18 19,2,7,0,0.7414782546724297,0.11903285802851829,0.3837009771544876,0.17033172977173017
Spawrious GAI,43,FedDiverse,143,3 5 6 7 9 11 14 16 23,2,6,1,0.7737317409057404,0.0975609756097561,0.3869266663384311,0.18135398190290197
Spawrious GAI,43,FedDiverse,144,1 4 6 7 14 15 16 23 24,2,6,1,0.7562841079513111,0.12318840579710146,0.32226650480326957,0.13237546846989334
Spawrious GAI,43,FedDiverse,145,0 1 6 7 14 15 16 23 24,2,6,1,0.7773718849224451,0.13776137761377613,0.3187482991918476,0.12304770288194522
Spawrious GAI,43,FedDiverse,146,0 4 6 7 9 14 15 16 23,2,6,1,0.7775788604273662,0.11180124223602485,0.36200694502402286,0.15478555886544565
Spawrious GAI,43,FedDiverse,147,1 4 6 7 8 14 15 17 24,2,5,2,0.7970605081024503,0.12356147789218655,0.3823019962725846,0.1692459458375265
Spawrious GAI,43,FedDiverse,148,4 5 6 7 11 14 16 17 21,2,7,0,0.6840732145836952,0.0972644376899696,0.2522683110918405,0.095601378364363
Spawrious GAI,43,FedDiverse,149,1 6 7 14 15 16 17 21 23,2,6,1,0.7675769480214012,0.10262675626145389,0.23616840675664205,0.09203292034813104
Spawrious GAI,43,FedDiverse,150,5 6 7 9 12 14 15 16 23,2,6,1,0.7586411467801415,0.09013398294762484,0.2876510082392436,0.11852253389958811
Spawrious GAI,43,FedDiverse,151,2 3 5 7 9 13 14 16 17,1,7,1,0.7574051519975552,0.08459214501510574,0.41704506410388764,0.20628929853334144
Spawrious GAI,43,FedDiverse,152,3 5 6 7 14 15 16 17 18,2,7,0,0.7287599627437633,0.0972644376899696,0.3204180115944822,0.14028812652443112
Spawrious GAI,43,FedDiverse,153,4 5 7 9 14 15 16 21 23,1,7,1,0.7312669411701908,0.07724803862401931,0.3044887015475251,0.132410233828262
Spawrious GAI,43,FedDiverse,154,4 5 6 7 9 14 16 20 21,2,6,1,0.7344941413341175,0.0975609756097561,0.3294199176552118,0.1421163823312791
Spawrious GAI,43,FedDiverse,155,2 5 7 14 15 16 21 22 24,1,8,0,0.712499084423771,0.0903149138443256,0.2954822044895575,0.12144283417948609
Spawrious GAI,43,FedDiverse,156,1 4 5 6 8 14 16 17 21,1,6,2,0.7698906312667319,0.0972644376899696,0.3854478766243472,0.1794434402262951
Spawrious GAI,43,FedDiverse,157,0 5 6 7 9 10 14 16 22,2,6,1,0.7775788604273662,0.11180124223602485,0.36200694502402286,0.15478555886544565
Spawrious GAI,43,FedDiverse,158,2 3 5 6 7 14 15 16 24,2,7,0,0.733687076855805,0.11778846153846154,0.413792790631026,0.19685062882832538
Spawrious GAI,43,FedDiverse,159,2 3 5 6 7 11 14 15 16,2,7,0,0.7351272027414545,0.1046865489957395,0.4021534903887845,0.19439622039983717
Spawrious GAI,43,FedDiverse,160,4 5 6 7 10 14 15 16 23,2,7,0,0.6840732145836952,0.0972644376899696,0.2522683110918405,0.095601378364363
Spawrious GAI,43,FedDiverse,161,2 3 7 14 15 16 17 21 23,1,8,0,0.7129617065351731,0.07701564380264742,0.27842816078110194,0.11801092197675067
Spawrious GAI,43,FedDiverse,162,0 4 5 6 7 13 14 16 17,2,7,0,0.7071744619168774,0.11903285802851829,0.3349578662671642,0.13602793701617788
Spawrious GAI,43,FedDiverse,163,7 8 9 14 15 16 17 19 23,1,6,2,0.7911725862846354,0.06280193236714976,0.2210632504750152,0.09292824840377056
Spawrious GAI,43,FedDiverse,164,4 5 6 7 8 14 15 16 17,2,6,1,0.7344941413341175,0.0975609756097561,0.3294199176552118,0.1421163823312791
Spawrious GAI,43,FedDiverse,165,5 6 7 8 9 14 15 16 18,2,5,2,0.7941664988659084,0.09040928527794746,0.3441778147660501,0.15014196320184892
Spawrious GAI,43,FedDiverse,166,3 5 6 7 10 14 16 20 24,2,7,0,0.7299218638574958,0.11044417767106843,0.3388125051727993,0.14534456195230117
Spawrious GAI,43,FedDiverse,167,2 3 5 6 7 14 15 16 20,2,7,0,0.7351272027414545,0.1046865489957395,0.4021534903887845,0.19439622039983717
Spawrious GAI,43,FedDiverse,168,3 4 5 7 14 16 17 18 20,1,8,0,0.6977372838927575,0.08433734939759036,0.33310449486920074,0.1505273532120499
Spawrious GAI,43,FedDiverse,169,0 1 5 10 14 15 16 17 23,0,8,1,0.7330259986702866,0.09040928527794746,0.2699407088401396,0.10959023951518354
Spawrious GAI,43,FedDiverse,170,2 5 7 8 14 15 16 17 18,1,7,1,0.7583282779081695,0.07724803862401931,0.34550703668350735,0.15947157056624073
Spawrious GAI,43,FedDiverse,171,5 6 7 8 14 15 16 17 22,2,6,1,0.7586411467801415,0.09013398294762484,0.2876510082392436,0.11852253389958811
Spawrious GAI,43,FedDiverse,172,0 3 5 6 7 8 14 15 23,2,6,1,0.7863714570952088,0.11940298507462686,0.44009024464432434,0.21131900941100312
Spawrious GAI,43,FedDiverse,173,1 2 5 6 7 9 14 15 23,2,5,2,0.8024436588869496,0.11793611793611794,0.4441824206530089,0.21847541618560307
Spawrious GAI,43,FedDiverse,174,0 4 5 6 7 12 14 16 23,2,7,0,0.7071744619168774,0.11903285802851829,0.3349578662671642,0.13602793701617788
Spawrious GAI,43,FedDiverse,175,0 5 6 7 8 13 14 15 16,2,6,1,0.7775788604273662,0.11180124223602485,0.36200694502402286,0.15478555886544565
Spawrious GAI,43,FedDiverse,176,0 5 6 7 14 15 16 17 23,2,7,0,0.7311582885659568,0.11145510835913312,0.2949665639418961,0.1122709097875424
Spawrious GAI,43,FedDiverse,177,1 4 5 6 7 14 15 16 17,2,6,1,0.7315783698013479,0.11757501530924679,0.34403563227092643,0.15151604988350764
Spawrious GAI,43,FedDiverse,178,0 4 5 6 7 14 16 17 20,2,7,0,0.7071744619168774,0.11903285802851829,0.3349578662671642,0.13602793701617788
Spawrious GAI,43,FedDiverse,179,0 4 5 6 7 14 16 17 22,2,7,0,0.7071744619168774,0.11903285802851829,0.3349578662671642,0.13602793701617788
Spawrious GAI,43,FedDiverse,180,5 6 7 8 9 14 15 16 22,2,5,2,0.7941664988659084,0.09040928527794746,0.3441778147660501,0.15014196320184892
Spawrious GAI,43,FedDiverse,181,2 5 6 7 8 14 15 16 24,2,6,1,0.7757738950639994,0.11077664057796509,0.40296903899845077,0.18729067037529856
Spawrious GAI,43,FedDiverse,182,2 7 8 14 15 16 17 21 23,1,7,1,0.7606259776222383,0.0699216395418927,0.26350671938907233,0.11402841640259476
Spawrious GAI,43,FedDiverse,183,3 5 6 7 8 11 14 15 16,2,6,1,0.7737317409057404,0.0975609756097561,0.3869266663384311,0.18135398190290197
Spawrious GAI,43,FedDiverse,184,3 5 6 7 14 15 16 17 19,2,7,0,0.7287599627437633,0.0972644376899696,0.3204180115944822,0.14028812652443112
Spawrious GAI,43,FedDiverse,185,1 5 6 7 14 15 16 23 24,2,6,1,0.7562841079513111,0.12318840579710146,0.32226650480326957,0.13237546846989334
Spawrious GAI,43,FedDiverse,186,2 3 5 6 7 14 15 16 20,2,7,0,0.7351272027414545,0.1046865489957395,0.4021534903887845,0.19439622039983717
Spawrious GAI,43,FedDiverse,187,3 5 7 9 14 15 16 17 18,1,7,1,0.7583282779081695,0.07724803862401931,0.34550703668350735,0.15947157056624073
Spawrious GAI,43,FedDiverse,188,0 3 5 6 7 10 14 16 24,2,7,0,0.7405104702329082,0.13219094247246022,0.3951679586760233,0.17325847964634622
Spawrious GAI,43,FedDiverse,189,3 5 6 7 14 15 16 21 23,2,7,0,0.7287599627437633,0.0972644376899696,0.3204180115944822,0.14028812652443112
Spawrious GAI,43,FedDiverse,190,1 4 5 7 11 14 16 17 21,1,7,1,0.7248565521810479,0.09696969696969697,0.32038646744529103,0.1383152839241174
Spawrious GAI,43,FedDiverse,191,1 4 5 6 7 14 15 16 17,2,6,1,0.7315783698013479,0.11757501530924679,0.34403563227092643,0.15151604988350764
Spawrious GAI,43,FedDiverse,192,2 5 7 9 11 14 15 16 17,1,7,1,0.7583282779081695,0.07724803862401931,0.34550703668350735,0.15947157056624073
Spawrious GAI,43,FedDiverse,193,3 5 6 7 9 14 15 16 17,2,6,1,0.7737317409057404,0.0975609756097561,0.3869266663384311,0.18135398190290197
Spawrious GAI,43,FedDiverse,194,3 5 8 10 14 15 16 17 24,0,8,1,0.7385910307786487,0.07079646017699115,0.3011732460261873,0.1371499094117674
Spawrious GAI,43,FedDiverse,195,0 5 6 7 9 14 15 16 24,2,6,1,0.7803227812053188,0.12507664009809932,0.37787699896333676,0.1614240139575358
Spawrious GAI,43,FedDiverse,196,5 6 7 8 9 14 15 16 20,2,5,2,0.7941664988659084,0.09040928527794746,0.3441778147660501,0.15014196320184892
Spawrious GAI,43,FedDiverse,197,0 4 7 9 14 15 16 17 21,1,7,1,0.7649983368056855,0.09096496619545175,0.32147055154645293,0.1357260869046747
Spawrious GAI,43,FedDiverse,198,2 3 5 6 7 14 15 16 22,2,7,0,0.7351272027414545,0.1046865489957395,0.4021534903887845,0.19439622039983717
Spawrious GAI,43,FedDiverse,199,0 7 8 14 15 16 17 19 23,1,7,1,0.7706966180095438,0.08348680171884591,0.2393249276550985,0.09368351423081789
Spawrious GAI,44,FedDiverse,1,0 4 5 6 10 13 16 17 20,1,8,0,0.6991332655863115,0.09815950920245399,0.3086815899908879,0.12150779234652176
Spawrious GAI,44,FedDiverse,2,3 7 8 10 13 15 16 17 20,1,7,1,0.7606259776222383,0.0699216395418927,0.26350671938907233,0.11402841640259476
Spawrious GAI,44,FedDiverse,3,3 5 6 7 10 13 17 19 20,2,7,0,0.7287599627437633,0.0972644376899696,0.3204180115944822,0.14028812652443112
Spawrious GAI,44,FedDiverse,4,3 4 5 6 10 12 13 17 20,1,8,0,0.6977372838927575,0.08433734939759036,0.33310449486920074,0.1505273532120499
Spawrious GAI,44,FedDiverse,5,3 6 7 8 10 13 17 19 23,2,6,1,0.7809032843523771,0.09013398294762484,0.3218684248096013,0.14078467147182372
Spawrious GAI,44,FedDiverse,6,3 4 8 9 10 13 16 17 20,0,7,2,0.7721753956015318,0.057519472738166565,0.3348279083573201,0.1629338171370066
Spawrious GAI,44,FedDiverse,7,1 3 5 6 7 10 13 17 22,2,6,1,0.7642015615847294,0.11757501530924679,0.3924459218576866,0.1841392416668891
Spawrious GAI,44,FedDiverse,8,1 3 6 7 8 10 11 13 17,2,5,2,0.8031194932117347,0.11042944785276074,0.37957784134254724,0.1714103966326732
Spawrious GAI,44,FedDiverse,9,3 5 6 7 10 13 17 21 23,2,7,0,0.7287599627437633,0.0972644376899696,0.3204180115944822,0.14028812652443112
Spawrious GAI,44,FedDiverse,10,3 4 6 7 9 10 13 15 20,2,6,1,0.7737317409057404,0.0975609756097561,0.3869266663384311,0.18135398190290197
Spawrious GAI,44,FedDiverse,11,2 3 6 9 10 13 17 19 20,1,7,1,0.7517644378010817,0.07724803862401931,0.33697582226993994,0.15290773045915296
Spawrious GAI,44,FedDiverse,12,3 6 8 10 11 13 16 20 22,1,7,1,0.7606259776222383,0.0699216395418927,0.26350671938907233,0.11402841640259476
Spawrious GAI,44,FedDiverse,13,0 1 3 6 7 10 11 13 20,2,6,1,0.7740786738992714,0.132252027448534,0.3746628698241602,0.16360081142234884
Spawrious GAI,44,FedDiverse,14,0 3 4 6 7 10 13 17 22,2,7,0,0.7414782546724297,0.11903285802851829,0.3837009771544876,0.17033172977173017
Spawrious GAI,44,FedDiverse,15,3 5 6 7 9 10 13 14 23,2,6,1,0.7737317409057404,0.0975609756097561,0.3869266663384311,0.18135398190290197
Spawrious GAI,44,FedDiverse,16,1 3 6 7 10 13 16 17 24,2,6,1,0.7683870464261177,0.12318840579710146,0.3425633444015797,0.14447840694469993
Spawrious GAI,44,FedDiverse,17,3 5 6 7 8 10 13 16 19,2,6,1,0.7737317409057404,0.0975609756097561,0.3869266663384311,0.18135398190290197
Spawrious GAI,44,FedDiverse,18,1 3 4 6 7 10 13 20 22,2,6,1,0.7642015615847294,0.11757501530924679,0.3924459218576866,0.1841392416668891
Spawrious GAI,44,FedDiverse,19,2 3 4 6 10 13 14 17 20,1,8,0,0.7131032944623479,0.08433734939759036,0.3585055643879173,0.16589336378164032
Spawrious GAI,44,FedDiverse,20,3 4 6 7 9 10 13 17 24,2,6,1,0.7757738950639994,0.11077664057796509,0.40296903899845077,0.18729067037529856
Spawrious GAI,44,FedDiverse,21,1 4 5 10 12 13 16 17 20,0,8,1,0.712658123117769,0.07678464307138572,0.2762381938852527,0.11963790652174822
Spawrious GAI,44,FedDiverse,22,2 3 6 7 10 13 17 20 23,2,7,0,0.7392301645660707,0.0972644376899696,0.33901816254757433,0.15075832834673852
Spawrious GAI,44,FedDiverse,23,2 3 6 7 10 11 13 17 20,2,7,0,0.7392301645660707,0.0972644376899696,0.33901816254757433,0.15075832834673852
Spawrious GAI,44,FedDiverse,24,3 4 6 10 11 12 13 17 20,1,8,0,0.7124823388458018,0.07701564380264742,0.2763164233752469,0.11753155428737938
Spawrious GAI,44,FedDiverse,25,3 4 6 8 10 13 17 20 21,1,7,1,0.7583282779081695,0.07724803862401931,0.34550703668350735,0.15947157056624073
Spawrious GAI,44,FedDiverse,26,2 3 6 8 10 13 17 20 23,1,7,1,0.7517644378010817,0.07724803862401931,0.33697582226993994,0.15290773045915296
Spawrious GAI,44,FedDiverse,27,1 3 4 6 10 13 14 20 21,1,7,1,0.7459192436613851,0.09696969696969697,0.35230834348481405,0.15937797540445453
Spawrious GAI,44,FedDiverse,28,0 3 6 7 8 10 13 17 20,2,6,1,0.7885654830185611,0.11180124223602485,0.37681777197906235,0.16577218145664052
Spawrious GAI,44,FedDiverse,29,3 4 6 7 9 10 13 17 21,2,6,1,0.7737317409057404,0.0975609756097561,0.3869266663384311,0.18135398190290197
Spawrious GAI,44,FedDiverse,30,3 4 5 6 7 10 13 17 22,2,7,0,0.7090218963562545,0.1046865489957395,0.36026400732283087,0.16829091401463714
Spawrious GAI,44,FedDiverse,31,0 3 6 9 10 13 14 17 18,1,7,1,0.7649983368056857,0.09096496619545175,0.3197929649542553,0.13572608690467491
Spawrious GAI,44,FedDiverse,32,1 3 6 10 11 12 13 16 17,1,7,1,0.7469716958232919,0.08958837772397095,0.2707535266358796,0.1126895736886464
Spawrious GAI,44,FedDiverse,33,3 4 6 7 9 10 13 17 22,2,6,1,0.7737317409057404,0.0975609756097561,0.3869266663384311,0.18135398190290197
Spawrious GAI,44,FedDiverse,34,3 5 6 8 10 12 13 14 20,1,7,1,0.7583282779081695,0.07724803862401931,0.34550703668350735,0.15947157056624073
Spawrious GAI,44,FedDiverse,35,1 3 4 6 7 10 13 20 21,2,6,1,0.7642015615847294,0.11757501530924679,0.3924459218576866,0.1841392416668891
Spawrious GAI,44,FedDiverse,36,0 4 5 6 7 10 12 13 16,2,7,0,0.7071744619168774,0.11903285802851829,0.3349578662671642,0.13602793701617788
Spawrious GAI,44,FedDiverse,37,3 5 7 10 13 14 15 16 20,1,8,0,0.7124823388458018,0.07701564380264742,0.2763164233752469,0.11753155428737938
Spawrious GAI,44,FedDiverse,38,0 3 5 6 7 10 13 15 20,2,7,0,0.7414782546724297,0.11903285802851829,0.3837009771544876,0.17033172977173017
Spawrious GAI,44,FedDiverse,39,0 3 5 6 10 13 18 19 20,1,8,0,0.7217625730702729,0.09815950920245399,0.34093628733097425,0.14413709983048317
Spawrious GAI,44,FedDiverse,40,2 3 4 6 10 13 17 20 24,1,8,0,0.7106998269027487,0.0975609756097561,0.37091615216615215,0.16738443053617869
Spawrious GAI,44,FedDiverse,41,2 3 7 9 10 11 13 17 20,1,7,1,0.7517644378010817,0.07724803862401931,0.33697582226993994,0.15290773045915296
Spawrious GAI,44,FedDiverse,42,2 3 6 8 10 13 17 19 20,1,7,1,0.7517644378010817,0.07724803862401931,0.33697582226993994,0.15290773045915296
Spawrious GAI,44,FedDiverse,43,3 5 6 7 10 13 16 17 19,2,7,0,0.7287599627437633,0.0972644376899696,0.3204180115944822,0.14028812652443112
Spawrious GAI,44,FedDiverse,44,2 3 4 5 6 7 10 13 17,2,7,0,0.7233672541386446,0.11212675198049969,0.440068410656646,0.23037712567474222
Spawrious GAI,44,FedDiverse,45,3 4 5 6 13 20 21 23 24,1,8,0,0.6990588395748372,0.0975609756097561,0.3503392005230241,0.15574344320826716
Spawrious GAI,44,FedDiverse,46,3 4 5 6 7 10 13 20 24,2,7,0,0.7118250146167846,0.11778846153846154,0.37672742544066073,0.17498856658930495
Spawrious GAI,44,FedDiverse,47,3 4 5 6 7 10 11 13 16,2,7,0,0.7090218963562545,0.1046865489957395,0.36026400732283087,0.16829091401463714
Spawrious GAI,44,FedDiverse,48,3 5 8 10 11 12 13 17 20,0,8,1,0.7382559732553011,0.05734767025089606,0.28358829829418064,0.13292031757428224
Spawrious GAI,44,FedDiverse,49,1 3 5 6 9 10 12 13 20,1,6,2,0.7846395489978378,0.0972644376899696,0.4067268008444479,0.19419235795740108
Spawrious GAI,44,FedDiverse,50,3 4 6 7 8 10 13 17 20,2,6,1,0.7737317409057404,0.0975609756097561,0.3869266663384311,0.18135398190290197
Spawrious GAI,44,FedDiverse,51,1 3 6 7 10 12 13 17 20,2,6,1,0.7698297760412979,0.11009174311926606,0.32783318077435725,0.1420266022457426
Spawrious GAI,44,FedDiverse,52,3 5 6 7 9 10 13 17 21,2,6,1,0.7737317409057404,0.0975609756097561,0.3869266663384311,0.18135398190290197
Spawrious GAI,44,FedDiverse,53,3 4 6 7 8 10 12 13 16,2,6,1,0.7737317409057404,0.0975609756097561,0.3869266663384311,0.18135398190290197
Spawrious GAI,44,FedDiverse,54,3 5 6 8 10 13 17 20 24,1,7,1,0.7593561255097064,0.09058402860548272,0.3623206968795205,0.16439395248191524
Spawrious GAI,44,FedDiverse,55,2 3 5 6 10 12 13 17 20,1,8,0,0.7131032944623479,0.08433734939759036,0.3585055643879173,0.16589336378164032
Spawrious GAI,44,FedDiverse,56,3 5 6 7 9 10 13 15 20,2,6,1,0.7737317409057404,0.0975609756097561,0.3869266663384311,0.18135398190290197
Spawrious GAI,44,FedDiverse,57,2 3 4 6 7 10 11 13 23,2,7,0,0.7351272027414545,0.1046865489957395,0.4021534903887845,0.19439622039983717
Spawrious GAI,44,FedDiverse,58,1 2 3 6 7 9 10 17 20,2,5,2,0.792594856072249,0.11793611793611794,0.4324002088707971,0.2086266133709025
Spawrious GAI,44,FedDiverse,59,3 4 5 6 10 13 19 20 24,1,8,0,0.6990588395748372,0.0975609756097561,0.3503392005230241,0.15574344320826716
Spawrious GAI,44,FedDiverse,60,2 3 5 6 7 10 13 17 18,2,7,0,0.7351272027414545,0.1046865489957395,0.4021534903887845,0.19439622039983717
Spawrious GAI,44,FedDiverse,61,2 3 6 7 10 13 17 20 22,2,7,0,0.7392301645660707,0.0972644376899696,0.33901816254757433,0.15075832834673852
Spawrious GAI,44,FedDiverse,62,0 6 7 9 10 12 13 17 20,2,6,1,0.7884988339747941,0.10421836228287841,0.29680339689827356,0.11796467853515857
Spawrious GAI,44,FedDiverse,63,0 2 3 7 10 11 13 17 20,1,8,0,0.7112687707228874,0.09815950920245399,0.32364143512151106,0.13364329748309767
Spawrious GAI,44,FedDiverse,64,3 4 5 6 7 8 13 16 20,2,6,1,0.7585091825232939,0.10500610500610501,0.4267645002939121,0.2138722773981705
Spawrious GAI,44,FedDiverse,65,2 3 6 7 8 10 13 14 17,2,6,1,0.7774046849902576,0.0975609756097561,0.3948838654721008,0.1850269259874192
Spawrious GAI,44,FedDiverse,66,2 3 6 7 10 12 13 17 20,2,7,0,0.7392301645660707,0.0972644376899696,0.33901816254757433,0.15075832834673852
Spawrious GAI,44,FedDiverse,67,3 6 7 8 9 10 13 17 21,2,5,2,0.8097908005676482,0.09040928527794746,0.36775227951698547,0.1657662649035887
Spawrious GAI,44,FedDiverse,68,0 3 6 7 8 10 13 17 21,2,6,1,0.7885654830185611,0.11180124223602485,0.37681777197906235,0.16577218145664052
Spawrious GAI,44,FedDiverse,69,0 3 4 6 10 13 17 20 24,1,8,0,0.7196379129367033,0.11144760751059964,0.35317455638850326,0.14590697401105113
Spawrious GAI,44,FedDiverse,70,1 3 5 7 10 13 14 17 20,1,7,1,0.7459192436613851,0.09696969696969697,0.35230834348481405,0.15937797540445453
Spawrious GAI,44,FedDiverse,71,3 4 5 6 10 12 13 14 17,1,8,0,0.6977372838927575,0.08433734939759036,0.33310449486920074,0.1505273532120499
Spawrious GAI,44,FedDiverse,72,3 4 6 7 10 12 13 17 23,2,7,0,0.7287599627437633,0.0972644376899696,0.3204180115944822,0.14028812652443112
Spawrious GAI,44,FedDiverse,73,2 3 4 5 6 7 10 12 17,2,7,0,0.7233672541386446,0.11212675198049969,0.440068410656646,0.23037712567474222
Spawrious GAI,44,FedDiverse,74,1 3 4 6 7 10 11 13 17,2,6,1,0.7642015615847294,0.11757501530924679,0.3924459218576866,0.1841392416668891
Spawrious GAI,44,FedDiverse,75,3 4 6 7 10 13 14 17 21,2,7,0,0.7287599627437633,0.0972644376899696,0.3204180115944822,0.14028812652443112
Spawrious GAI,44,FedDiverse,76,2 3 6 9 10 11 13 17 20,1,7,1,0.7517644378010817,0.07724803862401931,0.33697582226993994,0.15290773045915296
Spawrious GAI,44,FedDiverse,77,0 1 3 6 10 13 17 20 21,1,7,1,0.7477416513414451,0.1111111111111111,0.3189201140814044,0.13078484052543227
Spawrious GAI,44,FedDiverse,78,3 4 6 7 9 10 13 20 22,2,6,1,0.7737317409057404,0.0975609756097561,0.3869266663384311,0.18135398190290197
Spawrious GAI,44,FedDiverse,79,1 3 7 8 10 13 16 17 20,1,6,2,0.7805108578511245,0.08986035215543413,0.32518014576838106,0.14232281293297278
Spawrious GAI,44,FedDiverse,80,2 3 6 7 8 9 10 13 17,2,5,2,0.8033570250460855,0.09785932721712538,0.43011660658719486,0.20707334325974092
Spawrious GAI,44,FedDiverse,81,0 3 6 9 10 13 17 18 20,1,7,1,0.7649983368056857,0.09096496619545175,0.3197929649542553,0.13572608690467491
Spawrious GAI,44,FedDiverse,82,3 6 8 9 10 13 15 17 20,1,6,2,0.7895004959871321,0.07013301088270858,0.312072532660768,0.1389970119839823
Spawrious GAI,44,FedDiverse,83,0 3 6 10 12 13 14 17 23,1,8,0,0.7246783705039861,0.09068627450980392,0.2607135771272394,0.09931204338648136
Spawrious GAI,44,FedDiverse,84,3 5 6 7 10 11 13 16 20,2,7,0,0.7287599627437633,0.0972644376899696,0.3204180115944822,0.14028812652443112
Spawrious GAI,44,FedDiverse,85,2 4 6 8 10 12 13 17 20,1,7,1,0.7583282779081695,0.07724803862401931,0.34550703668350735,0.15947157056624073
Spawrious GAI,44,FedDiverse,86,4 6 7 8 9 10 13 16 17,2,5,2,0.7941664988659084,0.09040928527794746,0.3441778147660501,0.15014196320184892
Spawrious GAI,44,FedDiverse,87,3 4 6 7 8 10 12 13 20,2,6,1,0.7737317409057404,0.0975609756097561,0.3869266663384311,0.18135398190290197
Spawrious GAI,44,FedDiverse,88,0 2 3 6 7 10 13 15 17,2,7,0,0.7409599341009946,0.11903285802851829,0.3828945384922615,0.16981340920029508
Spawrious GAI,44,FedDiverse,89,3 6 8 9 10 13 14 17 24,1,6,2,0.7899647139450644,0.08358208955223881,0.32846514739897104,0.14335576425605212
Spawrious GAI,44,FedDiverse,90,1 3 4 6 7 10 12 13 17,2,6,1,0.7642015615847294,0.11757501530924679,0.3924459218576866,0.1841392416668891
Spawrious GAI,44,FedDiverse,91,1 3 5 6 10 13 17 19 20,1,7,1,0.7459192436613851,0.09696969696969697,0.35230834348481405,0.15937797540445453
Spawrious GAI,44,FedDiverse,92,3 4 5 6 7 10 13 19 23,2,7,0,0.7090218963562545,0.1046865489957395,0.36026400732283087,0.16829091401463714
Spawrious GAI,44,FedDiverse,93,1 3 5 6 7 10 13 16 17,2,6,1,0.7642015615847294,0.11757501530924679,0.3924459218576866,0.1841392416668891
Spawrious GAI,44,FedDiverse,94,0 2 3 6 10 13 16 17 20,1,8,0,0.7112687707228874,0.09815950920245399,0.32364143512151106,0.13364329748309767
Spawrious GAI,44,FedDiverse,95,0 1 3 6 10 13 14 17 20,1,7,1,0.7477416513414451,0.1111111111111111,0.3189201140814044,0.13078484052543227
Spawrious GAI,44,FedDiverse,96,1 3 6 10 12 13 14 17 20,1,7,1,0.7469716958232919,0.08958837772397095,0.2707535266358796,0.1126895736886464
Spawrious GAI,44,FedDiverse,97,3 4 5 6 7 9 11 13 24,2,6,1,0.7622624891815073,0.11814345991561181,0.4408757974934446,0.22152011837052143
Spawrious GAI,44,FedDiverse,98,1 5 6 7 8 10 12 13 17,2,5,2,0.7937956895917299,0.11042944785276074,0.36509983568807103,0.16208659301266837
Spawrious GAI,44,FedDiverse,99,3 6 7 9 10 13 17 19 20,2,6,1,0.7809032843523771,0.09013398294762484,0.3218684248096013,0.14078467147182372
Spawrious GAI,44,FedDiverse,100,0 3 5 6 7 10 12 13 20,2,7,0,0.7414782546724297,0.11903285802851829,0.3837009771544876,0.17033172977173017
Spawrious GAI,44,FedDiverse,101,3 5 6 7 9 10 13 21 23,2,6,1,0.7737317409057404,0.0975609756097561,0.3869266663384311,0.18135398190290197
Spawrious GAI,44,FedDiverse,102,0 3 6 8 10 12 13 17 20,1,7,1,0.7649983368056857,0.09096496619545175,0.3197929649542553,0.13572608690467491
Spawrious GAI,44,FedDiverse,103,2 5 6 10 12 13 16 17 20,1,8,0,0.7124823388458018,0.07701564380264742,0.2763164233752469,0.11753155428737938
Spawrious GAI,44,FedDiverse,104,3 4 6 7 10 13 17 20 24,2,7,0,0.7299218638574958,0.11044417767106843,0.3388125051727993,0.14534456195230117
Spawrious GAI,44,FedDiverse,105,2 3 4 6 10 13 15 17 20,1,8,0,0.7131032944623479,0.08433734939759036,0.3585055643879173,0.16589336378164032
Spawrious GAI,44,FedDiverse,106,2 3 4 6 10 13 17 20 24,1,8,0,0.7106998269027487,0.0975609756097561,0.37091615216615215,0.16738443053617869
Spawrious GAI,44,FedDiverse,107,3 5 6 7 10 13 17 20 24,2,7,0,0.7299218638574958,0.11044417767106843,0.3388125051727993,0.14534456195230117
Spawrious GAI,44,FedDiverse,108,3 4 8 10 13 16 20 21 22,0,8,1,0.7382559732553011,0.05734767025089606,0.28358829829418064,0.13292031757428224
Spawrious GAI,44,FedDiverse,109,3 4 6 9 10 13 17 20 24,1,7,1,0.7593561255097064,0.09058402860548272,0.3623206968795205,0.16439395248191524
Spawrious GAI,44,FedDiverse,110,1 3 6 7 10 13 17 19 20,2,6,1,0.7698297760412979,0.11009174311926606,0.32783318077435725,0.1420266022457426
Spawrious GAI,44,FedDiverse,111,3 5 6 7 9 10 13 15 16,2,6,1,0.7737317409057404,0.0975609756097561,0.3869266663384311,0.18135398190290197
Spawrious GAI,44,FedDiverse,112,4 6 9 10 12 13 16 17 20,1,7,1,0.7494772110108222,0.0699216395418927,0.2457777163659517,0.1028796497911787
Spawrious GAI,44,FedDiverse,113,3 5 6 8 10 13 17 20 24,1,7,1,0.7593561255097064,0.09058402860548272,0.3623206968795205,0.16439395248191524
Spawrious GAI,44,FedDiverse,114,2 3 5 6 7 10 13 17 22,2,7,0,0.7351272027414545,0.1046865489957395,0.4021534903887845,0.19439622039983717
Spawrious GAI,44,FedDiverse,115,3 4 6 7 9 10 13 16 17,2,6,1,0.7737317409057404,0.0975609756097561,0.3869266663384311,0.18135398190290197
Spawrious GAI,44,FedDiverse,116,3 4 6 8 10 13 17 20 22,1,7,1,0.7583282779081695,0.07724803862401931,0.34550703668350735,0.15947157056624073
Spawrious GAI,44,FedDiverse,117,3 4 6 7 10 12 13 17 20,2,7,0,0.7287599627437633,0.0972644376899696,0.3204180115944822,0.14028812652443112
Spawrious GAI,44,FedDiverse,118,0 2 3 6 7 9 10 12 17,2,6,1,0.7781586567528594,0.11940298507462686,0.4286408541626758,0.20310620906865373
Spawrious GAI,44,FedDiverse,119,3 5 6 7 9 10 13 20 21,2,6,1,0.7737317409057404,0.0975609756097561,0.3869266663384311,0.18135398190290197
Spawrious GAI,44,FedDiverse,120,0 3 5 6 10 13 17 20 21,1,8,0,0.7217625730702729,0.09815950920245399,0.34093628733097425,0.14413709983048317
Spawrious GAI,44,FedDiverse,121,3 4 6 10 13 16 17 18 20,1,8,0,0.7124823388458018,0.07701564380264742,0.2763164233752469,0.11753155428737938
Spawrious GAI,44,FedDiverse,122,1 3 4 6 8 10 13 19 24,1,6,2,0.7842785023635279,0.11044417767106843,0.4179450556288792,0.19772584563722873
Spawrious GAI,44,FedDiverse,123,2 3 5 6 7 10 13 20 22,2,7,0,0.7351272027414545,0.1046865489957395,0.4021534903887845,0.19439622039983717
Spawrious GAI,44,FedDiverse,124,0 3 5 6 10 13 14 20 23,1,8,0,0.7217625730702729,0.09815950920245399,0.34093628733097425,0.14413709983048317
Spawrious GAI,44,FedDiverse,125,3 4 5 6 7 10 13 18 21,2,7,0,0.7090218963562545,0.1046865489957395,0.36026400732283087,0.16829091401463714
Spawrious GAI,44,FedDiverse,126,3 4 5 6 7 10 13 17 20,2,7,0,0.7090218963562545,0.1046865489957395,0.36026400732283087,0.16829091401463714
Spawrious GAI,44,FedDiverse,127,3 4 5 6 7 10 13 20 22,2,7,0,0.7090218963562545,0.1046865489957395,0.36026400732283087,0.16829091401463714
Spawrious GAI,44,FedDiverse,128,1 3 5 6 8 10 13 15 19,1,6,2,0.7846395489978378,0.0972644376899696,0.4067268008444479,0.19419235795740108
Spawrious GAI,44,FedDiverse,129,0 2 3 6 10 13 17 20 22,1,8,0,0.7112687707228874,0.09815950920245399,0.32364143512151106,0.13364329748309767
Spawrious GAI,44,FedDiverse,130,3 4 5 6 7 10 13 17 18,2,7,0,0.7090218963562545,0.1046865489957395,0.36026400732283087,0.16829091401463714
Spawrious GAI,44,FedDiverse,131,3 4 6 7 9 10 13 14 17,2,6,1,0.7737317409057404,0.0975609756097561,0.3869266663384311,0.18135398190290197
Spawrious GAI,44,FedDiverse,132,3 4 5 6 7 10 13 15 17,2,7,0,0.7090218963562545,0.1046865489957395,0.36026400732283087,0.16829091401463714
Spawrious GAI,44,FedDiverse,133,0 4 6 10 12 13 14 17 20,1,8,0,0.7176737721706022,0.09068627450980392,0.25174821190001456,0.09230744505309751
Spawrious GAI,44,FedDiverse,134,3 5 7 8 10 13 17 20 24,1,7,1,0.7593561255097064,0.09058402860548272,0.3623206968795205,0.16439395248191524
Spawrious GAI,44,FedDiverse,135,3 4 5 6 7 9 12 13 21,2,6,1,0.7585091825232939,0.10500610500610501,0.4267645002939121,0.2138722773981705
Spawrious GAI,44,FedDiverse,136,1 3 5 6 7 10 13 14 23,2,6,1,0.7642015615847294,0.11757501530924679,0.3924459218576866,0.1841392416668891
Spawrious GAI,44,FedDiverse,137,1 3 6 7 10 13 14 17 20,2,6,1,0.7698297760412979,0.11009174311926606,0.32783318077435725,0.1420266022457426
Spawrious GAI,44,FedDiverse,138,1 3 5 6 7 10 13 15 21,2,6,1,0.7642015615847294,0.11757501530924679,0.3924459218576866,0.1841392416668891
Spawrious GAI,44,FedDiverse,139,3 4 5 6 8 10 13 17 20,1,7,1,0.748331976003215,0.08459214501510574,0.40228694640459345,0.19721612253900123
Spawrious GAI,44,FedDiverse,140,3 5 6 10 12 13 14 17 23,1,8,0,0.7124823388458018,0.07701564380264742,0.2763164233752469,0.11753155428737938
Spawrious GAI,44,FedDiverse,141,3 4 6 7 10 11 13 17 23,2,7,0,0.7287599627437633,0.0972644376899696,0.3204180115944822,0.14028812652443112
Spawrious GAI,44,FedDiverse,142,2 3 5 6 7 10 13 17 22,2,7,0,0.7351272027414545,0.1046865489957395,0.4021534903887845,0.19439622039983717
Spawrious GAI,44,FedDiverse,143,3 5 6 8 9 10 13 19 20,1,6,2,0.7920132999998741,0.0774818401937046,0.39406468818233525,0.18925066987443928
Spawrious GAI,44,FedDiverse,144,5 6 8 9 10 12 13 17 20,1,6,2,0.7852294564899998,0.07013301088270858,0.3049864814570697,0.13472597248684992
Spawrious GAI,44,FedDiverse,145,3 5 6 10 13 16 19 20 24,1,8,0,0.712499084423771,0.0903149138443256,0.2954822044895575,0.12144283417948609
Spawrious GAI,44,FedDiverse,146,3 4 5 6 7 10 13 16 23,2,7,0,0.7090218963562545,0.1046865489957395,0.36026400732283087,0.16829091401463714
Spawrious GAI,44,FedDiverse,147,2 5 6 8 10 12 13 17 20,1,7,1,0.7583282779081695,0.07724803862401931,0.34550703668350735,0.15947157056624073
Spawrious GAI,44,FedDiverse,148,0 1 3 6 7 9 10 17 20,2,5,2,0.8060008636538387,0.13266583229036297,0.41628814313823803,0.1916170783934099
Spawrious GAI,44,FedDiverse,149,1 2 3 6 10 13 17 20 22,1,7,1,0.7339415221366501,0.09696969696969697,0.3346806699747876,0.14740025387971956
Spawrious GAI,44,FedDiverse,150,3 4 5 6 10 13 17 18 20,1,8,0,0.6977372838927575,0.08433734939759036,0.33310449486920074,0.1505273532120499
Spawrious GAI,44,FedDiverse,151,2 3 4 6 7 10 13 17 21,2,7,0,0.7351272027414545,0.1046865489957395,0.4021534903887845,0.19439622039983717
Spawrious GAI,44,FedDiverse,152,0 3 5 6 7 10 13 17 20,2,7,0,0.7414782546724297,0.11903285802851829,0.3837009771544876,0.17033172977173017
Spawrious GAI,44,FedDiverse,153,1 3 4 6 10 13 20 21 23,1,7,1,0.7459192436613851,0.09696969696969697,0.35230834348481405,0.15937797540445453
Spawrious GAI,44,FedDiverse,154,2 3 5 6 7 10 13 16 17,2,7,0,0.7351272027414545,0.1046865489957395,0.4021534903887845,0.19439622039983717
Spawrious GAI,44,FedDiverse,155,1 3 6 9 10 13 19 20 23,1,6,2,0.7805108578511245,0.08986035215543413,0.32518014576838106,0.14232281293297278
Spawrious GAI,44,FedDiverse,156,1 3 6 9 10 11 13 17 18,1,6,2,0.7805108578511245,0.08986035215543413,0.32518014576838106,0.14232281293297278
Spawrious GAI,44,FedDiverse,157,2 4 6 9 10 13 16 17 20,1,7,1,0.7583282779081695,0.07724803862401931,0.34550703668350735,0.15947157056624073
Spawrious GAI,44,FedDiverse,158,3 4 5 7 10 11 13 17 20,1,8,0,0.6977372838927575,0.08433734939759036,0.33310449486920074,0.1505273532120499
Spawrious GAI,44,FedDiverse,159,3 4 5 6 7 9 10 13 24,2,6,1,0.7622624891815073,0.11814345991561181,0.4408757974934446,0.22152011837052143
Spawrious GAI,44,FedDiverse,160,1 3 6 7 9 10 13 14 17,2,5,2,0.8031194932117347,0.11042944785276074,0.37957784134254724,0.1714103966326732
Spawrious GAI,44,FedDiverse,161,2 3 6 7 9 10 11 13 17,2,6,1,0.7774046849902576,0.0975609756097561,0.3948838654721008,0.1850269259874192
Spawrious GAI,44,FedDiverse,162,0 1 3 6 10 13 15 16 17,1,7,1,0.7477416513414451,0.1111111111111111,0.3189201140814044,0.13078484052543227
Spawrious GAI,44,FedDiverse,163,1 3 5 10 11 12 13 17 20,0,8,1,0.7232274910274312,0.07678464307138572,0.2916716563775387,0.13020727443141045
Spawrious GAI,44,FedDiverse,164,3 4 5 6 10 13 14 17 20,1,8,0,0.6977372838927575,0.08433734939759036,0.33310449486920074,0.1505273532120499
Spawrious GAI,44,FedDiverse,165,3 4 5 6 10 13 14 17 18,1,8,0,0.6977372838927575,0.08433734939759036,0.33310449486920074,0.1505273532120499
Spawrious GAI,44,FedDiverse,166,1 3 6 9 10 12 13 17 20,1,6,2,0.7805108578511245,0.08986035215543413,0.32518014576838106,0.14232281293297278
Spawrious GAI,44,FedDiverse,167,1 3 6 7 10 11 13 17 20,2,6,1,0.7698297760412979,0.11009174311926606,0.32783318077435725,0.1420266022457426
Spawrious GAI,44,FedDiverse,168,0 1 3 6 7 10 13 17 24,2,6,1,0.7707460629529856,0.14532019704433496,0.38246552139460116,0.1641627347902006
Spawrious GAI,44,FedDiverse,169,3 4 6 7 10 13 16 17 19,2,7,0,0.7287599627437633,0.0972644376899696,0.3204180115944822,0.14028812652443112
Spawrious GAI,44,FedDiverse,170,3 5 6 7 9 10 12 13 17,2,6,1,0.7737317409057404,0.0975609756097561,0.3869266663384311,0.18135398190290197
Spawrious GAI,44,FedDiverse,171,3 4 5 6 7 10 12 13 21,2,7,0,0.7090218963562545,0.1046865489957395,0.36026400732283087,0.16829091401463714
Spawrious GAI,44,FedDiverse,172,1 3 4 6 7 10 12 13 16,2,6,1,0.7642015615847294,0.11757501530924679,0.3924459218576866,0.1841392416668891
Spawrious GAI,44,FedDiverse,173,1 3 4 6 10 13 17 20 24,1,7,1,0.7447309624527595,0.11011370436864153,0.3658787191875427,0.1620842285099665
Spawrious GAI,44,FedDiverse,174,3 4 6 9 10 12 13 17 20,1,7,1,0.7583282779081695,0.07724803862401931,0.34550703668350735,0.15947157056624073
Spawrious GAI,44,FedDiverse,175,3 5 6 7 9 10 13 23 24,2,6,1,0.7757738950639994,0.11077664057796509,0.40296903899845077,0.18729067037529856
Spawrious GAI,44,FedDiverse,176,3 5 6 7 10 13 14 15 17,2,7,0,0.7287599627437633,0.0972644376899696,0.3204180115944822,0.14028812652443112
Spawrious GAI,44,FedDiverse,177,4 6 8 10 12 13 16 17 20,1,7,1,0.7494772110108222,0.0699216395418927,0.2457777163659517,0.1028796497911787
Spawrious GAI,44,FedDiverse,178,0 3 6 9 10 11 13 17 20,1,7,1,0.7649983368056857,0.09096496619545175,0.3197929649542553,0.13572608690467491
Spawrious GAI,44,FedDiverse,179,3 5 6 7 8 10 13 16 17,2,6,1,0.7737317409057404,0.0975609756097561,0.3869266663384311,0.18135398190290197
Spawrious GAI,44,FedDiverse,180,2 5 6 7 10 12 13 17 20,2,7,0,0.7287599627437633,0.0972644376899696,0.3204180115944822,0.14028812652443112
Spawrious GAI,44,FedDiverse,181,3 4 9 10 12 13 14 17 20,0,8,1,0.7382559732553011,0.05734767025089606,0.28358829829418064,0.13292031757428224
Spawrious GAI,44,FedDiverse,182,2 3 4 6 7 10 12 13 17,2,7,0,0.7351272027414545,0.1046865489957395,0.4021534903887845,0.19439622039983717
Spawrious GAI,44,FedDiverse,183,0 4 6 10 12 13 17 20 23,1,8,0,0.7176737721706022,0.09068627450980392,0.25174821190001456,0.09230744505309751
Spawrious GAI,44,FedDiverse,184,3 6 7 8 10 13 17 20 22,2,6,1,0.7809032843523771,0.09013398294762484,0.3218684248096013,0.14078467147182372
Spawrious GAI,44,FedDiverse,185,4 6 7 9 10 12 13 17 20,2,6,1,0.7586411467801415,0.09013398294762484,0.2876510082392436,0.11852253389958811
Spawrious GAI,44,FedDiverse,186,3 6 8 10 13 16 17 18 20,1,7,1,0.7606259776222383,0.0699216395418927,0.26350671938907233,0.11402841640259476
Spawrious GAI,44,FedDiverse,187,2 3 5 6 7 10 13 14 23,2,7,0,0.7351272027414545,0.1046865489957395,0.4021534903887845,0.19439622039983717
Spawrious GAI,44,FedDiverse,188,0 2 6 10 12 13 16 17 20,1,8,0,0.7246783705039861,0.09068627450980392,0.2607135771272394,0.09931204338648136
Spawrious GAI,44,FedDiverse,189,2 3 5 6 7 10 13 17 21,2,7,0,0.7351272027414545,0.1046865489957395,0.4021534903887845,0.19439622039983717
Spawrious GAI,44,FedDiverse,190,1 3 4 6 7 10 13 19 20,2,6,1,0.7642015615847294,0.11757501530924679,0.3924459218576866,0.1841392416668891
Spawrious GAI,44,FedDiverse,191,3 4 6 9 10 13 14 20 24,1,7,1,0.7593561255097064,0.09058402860548272,0.3623206968795205,0.16439395248191524
Spawrious GAI,44,FedDiverse,192,2 3 6 8 10 13 17 19 20,1,7,1,0.7517644378010817,0.07724803862401931,0.33697582226993994,0.15290773045915296
Spawrious GAI,44,FedDiverse,193,3 4 5 6 7 10 13 16 19,2,7,0,0.7090218963562545,0.1046865489957395,0.36026400732283087,0.16829091401463714
Spawrious GAI,44,FedDiverse,194,3 5 6 7 8 10 13 17 24,2,6,1,0.7757738950639994,0.11077664057796509,0.40296903899845077,0.18729067037529856
Spawrious GAI,44,FedDiverse,195,2 6 7 8 9 10 12 13 17,2,5,2,0.8097908005676482,0.09040928527794746,0.36775227951698547,0.1657662649035887
Spawrious GAI,44,FedDiverse,196,3 4 5 6 7 10 13 20 21,2,7,0,0.7090218963562545,0.1046865489957395,0.36026400732283087,0.16829091401463714
Spawrious GAI,44,FedDiverse,197,3 4 6 9 10 13 17 20 24,1,7,1,0.7593561255097064,0.09058402860548272,0.3623206968795205,0.16439395248191524
Spawrious GAI,44,FedDiverse,198,2 3 4 6 10 13 17 23 24,1,8,0,0.7106998269027487,0.0975609756097561,0.37091615216615215,0.16738443053617869
Spawrious GAI,44,FedDiverse,199,1 3 6 7 8 10 13 17 21,2,5,2,0.8031194932117347,0.11042944785276074,0.37957784134254724,0.1714103966326732
